# generated by tables.GenerateE from wmo-im/GRIB2 v37; do not edit
0.0	0	0	Meteorological products		Operational
0.0	1	1	Hydrological products		Operational
0.0	2	2	Land surface products		Operational
0.0	3	3	Satellite remote sensing products (formerly "Space products")		Operational
0.0	4	4	Space weather products		Operational
0.0	5	9	Reserved		Operational
0.0	10	10	Oceanographic products		Operational
0.0	11	19	Reserved		Operational
0.0	20	20	Health and socioeconomic impacts		Operational
0.0	21	190	Reserved		Operational
0.0	191	191	Computational parameters		Operational
0.0	192	254	Reserved for local use		Operational
0.0	255	255	Missing		Operational
1.0	0	0	Experimental		Deprecated
1.0	1	1	Version implemented on 7 November 2001		Deprecated
1.0	2	2	Version implemented on 4 November 2003		Deprecated
1.0	3	3	Version implemented on 2 November 2005		Deprecated
1.0	4	4	Version implemented on 7 November 2007		Deprecated
1.0	5	5	Version implemented on 4 November 2009		Deprecated
1.0	6	6	Version implemented on 15 September 2010		Deprecated
1.0	7	7	Version implemented on 4 May 2011		Deprecated
1.0	8	8	Version implemented on 2 November 2011		Deprecated
1.0	9	9	Version implemented on 2 May 2012		Deprecated
1.0	10	10	Version implemented on 7 November 2012		Deprecated
1.0	11	11	Version implemented on 8 May 2013		Deprecated
1.0	12	12	Version implemented on 14 November 2013		Deprecated
1.0	13	13	Version implemented on 7 May 2014		Deprecated
1.0	14	14	Version implemented on 5 November 2014		Deprecated
1.0	15	15	Version implemented on 6 May 2015		Deprecated
1.0	16	16	Version implemented on 11 November 2015		Deprecated
1.0	17	17	Version implemented on 4 May 2016		Deprecated
1.0	18	18	Version implemented on 2 November 2016		Deprecated
1.0	19	19	Version implemented on 3 May 2017		Deprecated
1.0	20	20	Version implemented on 8 November 2017		Deprecated
1.0	21	21	Version implemented on 2 May 2018		Deprecated
1.0	22	22	Version implemented on 7 November 2018		Deprecated
1.0	23	23	Pre-operational to be implemented by next amendment		Deprecated
1.0	24	254	Future versions		Deprecated
1.0	255	255	Missing		Deprecated
1.1	0	0	Local tables not used. Only table entries and templates from the current master table are valid		Operational
1.1	1	254	Number of local tables version used		Operational
1.1	255	255	Missing		Operational
1.2	0	0	Analysis		Operational
1.2	1	1	Start of forecast		Operational
1.2	2	2	Verifying time of forecast		Operational
1.2	3	3	Observation time		Operational
1.2	4	4	Local time		Operational
1.2	5	5	Simulation start		Operational
1.2	6	6	Start of data assimilation		Operational
1.2	7	191	Reserved		Operational
1.2	192	254	Reserved for local use		Operational
1.2	255	255	Missing		Operational
1.3	0	0	Operational products		Operational
1.3	1	1	Operational test products		Operational
1.3	2	2	Research products		Operational
1.3	3	3	Re-analysis products		Operational
1.3	4	4	THORPEX Interactive Grand Global Ensemble (TIGGE)		Operational
1.3	5	5	THORPEX Interactive Grand Global Ensemble (TIGGE) test		Operational
1.3	6	6	S2S operational products		Operational
1.3	7	7	S2S test products		Operational
1.3	8	8	Uncertainties in Ensembles of Regional ReAnalyses project (UERRA)		Operational
1.3	9	9	Uncertainties in Ensembles of Regional ReAnalyses project (UERRA) test		Operational
1.3	10	10	Copernicus regional reanalysis		Operational
1.3	11	11	Copernicus regional reanalysis test		Operational
1.3	12	12	Destination Earth		Operational
1.3	13	13	Destination Earth test		Operational
1.3	14	14	Lead Centre for Global Climate Reanalyses (LC-GCR)		Operational
1.3	15	15	Lead Centre for Global Climate Reanalyses (LC-GCR) test		Operational
1.3	16	16	Machine Learning Model Intercomparison Project (MLMIP)		Operational
1.3	17	17	Machine Learning Model Intercomparison Project (MLMIP) test		Operational
1.3	18	191	Reserved		Operational
1.3	192	254	Reserved for local use		Operational
1.3	255	255	Missing		Operational
1.4	0	0	Analysis products		Operational
1.4	1	1	Forecast products		Operational
1.4	2	2	Analysis and forecast products		Operational
1.4	3	3	Control forecast products		Operational
1.4	4	4	Perturbed forecast products		Operational
1.4	5	5	Control and perturbed forecast products		Operational
1.4	6	6	Processed satellite observations		Operational
1.4	7	7	Processed radar observations		Operational
1.4	8	8	Event probability		Operational
1.4	9	9	Experimental data		Operational
1.4	10	10	ML based forecast		Operational
1.4	11	191	Reserved		Operational
1.4	192	254	Reserved for local use		Operational
1.4	255	255	Missing		Operational
1.5	0	0	Calendar definition		Operational
1.5	1	1	Paleontological offset		Operational
1.5	2	2	Calendar definition and paleontological offset		Operational
1.5	3	32767	Reserved		Operational
1.5	32768	65534	Reserved for local use		Operational
1.5	65535	65535	Missing		Operational
1.6	0	0	Gregorian		Operational
1.6	1	1	360-day		Operational
1.6	2	2	365-day		Operational
1.6	3	3	Proleptic Gregorian		Operational
1.6	4	191	Reserved		Operational
1.6	192	254	Reserved for local use		Operational
1.6	255	255	Missing		Operational
3.0	0	0	Specified in Code table 3.1		Operational
3.0	1	1	Predetermined grid definition		Operational
3.0	2	191	Reserved		Operational
3.0	192	254	Reserved for local use		Operational
3.0	255	255	A grid definition does not apply to this product		Operational
3.11	0	0	There is no appended list		Operational
3.11	1	1	Numbers define number of points corresponding to full coordinate circles (i.e. parallels), coordinate values on each circle are multiple of the circle mesh, and extreme coordinate values given in grid definition (i.e. extreme longitudes) may not be reached in all rows		Operational
3.11	2	2	Numbers define number of points corresponding to coordinate lines delimited by extreme coordinate values given in grid definition (i.e. extreme longitudes) which are present in each row		Operational
3.11	3	3	Numbers define the actual latitudes for each row in the grid. The list of numbers are integer values of the valid latitudes in microdegrees (scaled by 10-6) or in unit equal to the ratio of the basic angle and the subdivisions number for each row, in the same order as specified in the "scanning mode flag" (bit no. 2)		Operational
3.11	4	254	Reserved		Operational
3.11	255	255	Missing		Operational
3.12	0	0	Ring ordering		Operational
3.12	1	1	Nested ordering		Operational
3.12	2	191	Reserved		Operational
3.12	192	254	Reserved for local use		Operational
3.12	255	255	Missing		Operational
3.15	0	19	Reserved		Operational
3.15	20	20	Temperature	K	Operational
3.15	21	99	Reserved		Operational
3.15	100	100	Pressure	Pa	Operational
3.15	101	101	Pressure deviation from mean sea level	Pa	Operational
3.15	102	102	Altitude above mean sea level	m	Operational
3.15	103	103	Height above ground	m	Operational
3.15	104	104	Sigma coordinate		Operational
3.15	105	105	Hybrid coordinate		Operational
3.15	106	106	Depth below land surface	m	Operational
3.15	107	107	Potential temperature (theta)	K	Operational
3.15	108	108	Pressure deviation from ground to level	Pa	Operational
3.15	109	109	Potential vorticity	K m2 kg-1 s-1	Operational
3.15	110	110	Geometrical height	m	Operational
3.15	111	111	Eta coordinate		Operational
3.15	112	112	Geopotential height	gpm	Operational
3.15	113	113	Logarithmic hybrid coordinate		Operational
3.15	114	159	Reserved		Operational
3.15	160	160	Depth below sea level	m	Operational
3.15	161	191	Reserved		Operational
3.15	192	254	Reserved for local use		Operational
3.15	255	255	Missing		Operational
3.1	0	0	Latitude/longitude		Operational
3.1	1	1	Rotated latitude/longitude		Operational
3.1	2	2	Stretched latitude/longitude		Operational
3.1	3	3	Stretched and rotated latitude/longitude		Operational
3.1	4	4	Variable resolution latitude/longitude		Operational
3.1	5	5	Variable resolution rotated latitude/longitude		Operational
3.1	6	9	Reserved		Operational
3.1	10	10	Mercator		Operational
3.1	11	11	Reserved		Operational
3.1	12	12	Transverse Mercator		Operational
3.1	13	13	Mercator with modelling subdomains definition		Operational
3.1	14	19	Reserved		Operational
3.1	20	20	Polar stereographic projection		Operational
3.1	21	22	Reserved		Operational
3.1	23	23	Polar stereographic with modelling subdomains definition		Operational
3.1	24	29	Reserved		Operational
3.1	30	30	Lambert conformal		Operational
3.1	31	31	Albers equal area		Operational
3.1	32	32	Reserved		Operational
3.1	33	33	Lambert conformal with modelling subdomains definition		Operational
3.1	34	39	Reserved		Operational
3.1	40	40	Gaussian latitude/longitude		Operational
3.1	41	41	Rotated Gaussian latitude/longitude		Operational
3.1	42	42	Stretched Gaussian latitude/longitude		Operational
3.1	43	43	Stretched and rotated Gaussian latitude/longitude		Operational
3.1	44	49	Reserved		Operational
3.1	50	50	Spherical harmonic coefficients		Operational
3.1	51	51	Rotated spherical harmonic coefficients		Operational
3.1	52	52	Stretched spherical harmonic coefficients		Operational
3.1	53	53	Stretched and rotated spherical harmonic coefficients		Operational
3.1	54	60	Reserved		Operational
3.1	61	61	Spectral Mercator with modelling subdomains definition		Operational
3.1	62	62	Spectral polar stereographic with modelling subdomains definition		Operational
3.1	63	63	Spectral Lambert conformal with modelling subdomains definition		Operational
3.1	64	89	Reserved		Operational
3.1	90	90	Space view perspective or orthographic		Operational
3.1	91	99	Reserved		Operational
3.1	100	100	Triangular grid based on an icosahedron		Operational
3.1	101	101	General unstructured grid		Operational
3.1	102	109	Reserved		Operational
3.1	110	110	Equatorial azimuthal equidistant projection		Operational
3.1	111	119	Reserved		Operational
3.1	120	120	Azimuth-range projection		Operational
3.1	121	139	Reserved		Operational
3.1	140	140	Lambert azimuthal equal area projection		Operational
3.1	141	149	Reserved		Operational
3.1	150	150	Hierarchical Equal Area isoLatitude Pixelization grid (HEALPix)		Operational
3.1	151	999	Reserved		Operational
3.1	1000	1000	Cross-section grid with points equally spaced on the horizontal		Experimental
3.1	1001	1099	Reserved		Operational
3.1	1100	1100	Hovmöller diagram grid with points equally spaced on the horizontal		Experimental
3.1	1101	1199	Reserved		Operational
3.1	1200	1200	Time section grid		Experimental
3.1	1201	32767	Reserved		Operational
3.1	32768	65534	Reserved for local use		Operational
3.1	65535	65535	Missing		Operational
3.20	0	0	Rhumb		Operational
3.20	1	1	Great circle		Operational
3.20	2	191	Reserved		Operational
3.20	192	254	Reserved for local use		Operational
3.20	255	255	Missing		Operational
3.21	0	0	Explicit coordinate values set		Operational
3.21	1	1	Linear coordinates f(1) = C1, f(n) = f(n-1) + C2		Operational
3.21	2	10	Reserved		Operational
3.21	11	11	Geometric coordinates f(1) = C1, f(n) = C2 × f(n-1)		Operational
3.21	12	191	Reserved		Operational
3.21	192	254	Reserved for local use		Operational
3.21	255	255	Missing		Operational
3.25	0	76	Reserved		Operational
3.25	77	77	Rectangular		Operational
3.25	78	87	Reserved		Operational
3.25	88	88	Elliptic		Operational
3.25	89	98	Reserved		Operational
3.25	99	99	Diamond		Operational
3.25	100	191	Reserved		Operational
3.25	192	254	Reserved for local use		Operational
3.25	255	255	Missing		Operational
3.2	0	0	Earth assumed spherical with radius = 6 367 470.0 m		Operational
3.2	1	1	Earth assumed spherical with radius specified (in m) by data producer		Operational
3.2	2	2	Earth assumed oblate spheroid with size as determined by IAU in 1965 (major axis = 6 378 160.0 m, minor axis = 6 356 775.0 m, f = 1/297.0)		Operational
3.2	3	3	Earth assumed oblate spheroid with major and minor axes specified (in km) by data producer		Operational
3.2	4	4	Earth assumed oblate spheroid as defined in IAG-GRS80 model (major axis = 6 378 137.0 m, minor axis = 6 356 752.314 m, f = 1/298.257 222 101)		Operational
3.2	5	5	Earth assumed represented by WGS-84 (as used by ICAO since 1998)	117	Operational
3.2	6	6	Earth assumed spherical with radius of 6 371 229.0 m		Operational
3.2	7	7	Earth assumed oblate spheroid with major or minor axes specified (in m) by data producer		Operational
3.2	8	8	Earth model assumed spherical with radius of 6 371 200 m, but the horizontal datum of the resulting latitude/longitude field is the WGS-84 reference frame		Operational
3.2	9	9	Earth represented by the Ordnance Survey Great Britain 1936 Datum, using the Airy 1830 Spheroid, the Greenwich meridian as 0 longitude, and the Newlyn datum as mean sea level, 0 height		Operational
3.2	10	10	Earth model assumed WGS84 with corrected geomagnetic coordinates (latitude and longitude) defined by Gustafsson et al., 1992		Operational
3.2	11	11	Sun assumed spherical with radius = 695 990 000 m (Allen, C.W., Astrophysical Quantities, 3rd ed.; Athlone: London, 1976) and Stonyhurst latitude and longitude system with origin at the intersection of the solar central meridian (as seen from Earth) and the solar equator (Thompson, W., Coordinate systems for solar image data, Astron. Astrophys. 2006, 449, 791-803)		Operational
3.2	12	191	Reserved		Operational
3.2	192	254	Reserved for local use		Operational
3.2	255	255	Missing		Operational
3.6	1	1	(see separate doc or pdf file)		Operational
3.6	2	2	Bi-Fourier representation		Operational
3.7	0	0	Reserved		Operational
3.7	1	1	(see separate doc or pdf file)		Operational
3.7	2	254	Reserved		Operational
3.7	255	255	Missing		Operational
3.8	0	0	Grid points at triangle vertices		Operational
3.8	1	1	Grid points at centres of triangles		Operational
3.8	2	2	Grid points at midpoints of triangle sides		Operational
3.8	3	3	Grid points at shape vertices		Operational
3.8	4	4	Grid points at centre of shapes		Operational
3.8	5	5	Grid points at midpoints of shape sides		Operational
3.8	6	191	Reserved		Operational
3.8	192	254	Reserved for local use		Operational
3.8	255	255	Missing		Operational
4.0	0	0	Analysis or forecast at a horizontal level or in a horizontal layer at a point in time		Operational
4.0	1	1	Individual ensemble forecast, control and perturbed, at a horizontal level or in a horizontal layer at a point in time		Operational
4.0	2	2	Derived forecasts based on all ensemble members at a horizontal level or in a horizontal layer at a point in time		Operational
4.0	3	3	Derived forecasts based on a cluster of ensemble members over a rectangular area at a horizontal level or in a horizontal layer at a point in time		Operational
4.0	4	4	Derived forecasts based on a cluster of ensemble members over a circular area at a horizontal level or in a horizontal layer at a point in time		Operational
4.0	5	5	Probability forecasts at a horizontal level or in a horizontal layer at a point in time		Operational
4.0	6	6	Percentile forecasts at a horizontal level or in a horizontal layer at a point in time		Operational
4.0	7	7	Analysis or forecast error at a horizontal level or in a horizontal layer at a point in time		Operational
4.0	8	8	Average, accumulation, extreme values or other statistically processed values at a horizontal level or in a horizontal layer in a continuous or non-continuous time interval		Operational
4.0	9	9	Probability forecasts at a horizontal level or in a horizontal layer in a continuous or non-continuous time interval		Operational
4.0	10	10	Percentile forecasts at a horizontal level or in a horizontal layer in a continuous or non-continuous time interval		Experimental
4.0	11	11	Individual ensemble forecast, control and perturbed, at a horizontal level or in a horizontal layer, in a continuous or non-continuous interval		Operational
4.0	12	12	Derived forecasts based on all ensemble members at a horizontal level or in a horizontal layer, in a continuous or non-continuous interval		Operational
4.0	13	13	Derived forecasts based on a cluster of ensemble members over a rectangular area, at a horizontal level or in a horizontal layer, in a continuous or non-continuous interval		Operational
4.0	14	14	Derived forecasts based on a cluster of ensemble members over a circular area, at a horizontal level or in a horizontal layer, in a continuous or non-continuous interval		Operational
4.0	15	15	Average, accumulation, extreme values or other statistically processed values over a spatial area at a horizontal level or in a horizontal layer at a point in time		Operational
4.0	16	19	Reserved		Operational
4.0	20	20	Radar product		Operational
4.0	21	29	Reserved		Operational
4.0	30	30	Satellite product (deprecated)		Deprecated
4.0	31	31	Satellite product		Operational
4.0	32	32	Analysis or forecast at a horizontal level or in a horizontal layer at a point in time for simulated (synthetic) satellite data		Operational
4.0	33	33	Individual ensemble forecast, control and perturbed, at a horizontal level or in a horizontal layer at a point in time for simulated (synthetic) satellite data		Operational
4.0	34	34	Individual ensemble forecast, control and perturbed, at a horizontal level or in a horizontal layer, in a continuous or non-continuous interval for simulated (synthetic) satellite data		Operational
4.0	35	35	Satellite product with or without associated quality values		Operational
4.0	36	39	Reserved		Operational
4.0	40	40	Analysis or forecast at a horizontal level or in a horizontal layer at a point in time for atmospheric chemical constituents		Operational
4.0	41	41	Individual ensemble forecast, control and perturbed, at a horizontal level or in a horizontal layer at a point in time for atmospheric chemical constituents		Operational
4.0	42	42	Average, accumulation, and/or extreme values or other statistically processed values at a horizontal level or in a horizontal layer in a continuous or non-continuous time interval for atmospheric chemical constituents		Operational
4.0	43	43	Individual ensemble forecast, control and perturbed, at a horizontal level or in a horizontal layer in a continuous or non-continuous time interval for atmospheric chemical constituents		Operational
4.0	44	44	Analysis or forecast at a horizontal level or in a horizontal layer at a point in time for aerosol (deprecated)		Deprecated
4.0	45	45	Individual ensemble forecast, control and perturbed, at a horizontal level or in a horizontal layer at a point in time for aerosol		Operational
4.0	46	46	Average, accumulation, and/or extreme values or other statistically processed values at a horizontal level or in a horizontal layer in a continuous or non-continuous time interval for aerosol		Operational
4.0	47	47	Individual ensemble forecast, control and perturbed, at a horizontal level or in a horizontal layer in a continuous or non-continuous time interval for aerosol		Operational
4.0	48	48	Analysis or forecast at a horizontal level or in a horizontal layer at a point in time for optical properties of aerosol		Operational
4.0	49	49	Individual ensemble forecast, control and perturbed, at a horizontal level or in a horizontal layer at a point in time for optical properties of aerosol		Operational
4.0	50	50	Analysis or forecast at a horizontal level or in a horizontal layer at a point in time for aerosol		Operational
4.0	51	51	Categorical forecasts at a horizontal level or in a horizontal layer at a point in time		Operational
4.0	52	52	Reserved		Operational
4.0	53	53	Partitioned parameters at a horizontal level or in a horizontal layer at a point in time		Operational
4.0	54	54	Individual ensemble forecast, control and perturbed, at a horizontal level or in a horizontal layer at a point in time for partitioned parameters		Operational
4.0	55	55	Spatio-temporal changing tiles at a horizontal level or horizontal layer at a point in time		Operational
4.0	56	56	Individual ensemble forecast, control and perturbed, at a horizontal level or in a horizontal layer at a point in time for spatio-temporal changing tile parameters (deprecated)		Deprecated
4.0	57	57	Analysis or forecast at a horizontal level or in a horizontal layer at a point in time for atmospheric chemical constituents based on a distribution function		Operational
4.0	58	58	Individual ensemble forecast, control and perturbed, at a horizontal level or in a horizontal layer at a point in time for atmospheric chemical constituents based on a distribution function		Operational
4.0	59	59	Individual ensemble forecast, control and perturbed, at a horizontal level or in a horizontal layer at a point in time for spatio-temporal changing tile parameters (corrected version of template 4.56)		Operational
4.0	60	60	Individual ensemble reforecast, control and perturbed, at a horizontal level or in a horizontal layer at a point in time		Operational
4.0	61	61	Individual ensemble reforecast, control and perturbed, at a horizontal level or in a horizontal layer, in a continuous or non-continuous time interval		Operational
4.0	62	62	Average, accumulation, and/or extreme values or other statistically processed values at a horizontal level or in a horizontal layer in a continuous or non-continuous time interval for spatio-temporal changing tiles at a horizontal level or horizontal layer at a point in time		Operational
4.0	63	63	Individual ensemble forecast, control and perturbed, at a horizontal level or in a horizontal layer in a continuous or non-continuous time interval for spatio-temporal changing tiles		Operational
4.0	64	66	Reserved		Operational
4.0	67	67	Average, accumulation, and/or extreme values or other statistically processed values at a horizontal level or in a horizontal layer in a continuous or non-continuous time interval for atmospheric chemical constituents based on a distribution function		Operational
4.0	68	68	Individual ensemble forecast, control and perturbed, at a horizontal level or in a horizontal layer in a continuous or non-continuous time interval for atmospheric chemical constituents based on a distribution function		Operational
4.0	69	69	Reserved		Operational
4.0	70	70	Post-processing analysis or forecast at a horizontal level or in a horizontal layer at a point in time		Operational
4.0	71	71	Post-processing individual ensemble forecast, control and perturbed, at a horizontal level or in a horizontal layer at a point in time		Operational
4.0	72	72	Post-processing average, accumulation, extreme values or other statistically processed values at a horizontal level or in a horizontal layer in a continuous or non-continuous time interval		Operational
4.0	73	73	Post-processing individual ensemble forecast, control and perturbed, at a horizontal level or in a horizontal layer, in a continuous or non-continuous time interval		Operational
4.0	74	75	Reserved		Operational
4.0	76	76	Analysis or forecast at a horizontal level or in a horizontal layer at a point in time for atmospheric chemical constituents with source or sink		Operational
4.0	77	77	Individual ensemble forecast, control and perturbed, at a horizontal level or in a horizontal layer at a point in time for atmospheric chemical constituents with source or sink		Operational
4.0	78	78	Average, accumulation, and/or extreme values or other statistically processed values at a horizontal level or in a horizontal layer in a continuous or non-continuous time interval for atmospheric chemical constituents with source or sink		Operational
4.0	79	79	Individual ensemble forecast, control and perturbed, at a horizontal level or in a horizontal layer in a continuous or non-continuous time interval for atmospheric chemical constituents with source or sink		Operational
4.0	80	80	Analysis or forecast at a horizontal level or in a horizontal layer at a point in time for optical properties of aerosol with source or sink		Operational
4.0	81	81	Individual ensemble forecast, control and perturbed, at a horizontal level or in a horizontal layer at a point in time for optical properties of aerosol with source or sink		Operational
4.0	82	82	Average, accumulation, and/or extreme values or other statistically processed values at a horizontal level or in a horizontal layer in a continuous or non-continuous time interval for aerosol with source or sink		Operational
4.0	83	83	Individual ensemble forecast, control and perturbed, at a horizontal level or in a horizontal layer in a continuous or non-continuous time interval for aerosol with source or sink		Operational
4.0	84	84	Individual ensemble forecast, control and perturbed, at a horizontal level or in a horizontal layer in a continuous or non-continuous time interval for aerosol with source or sink		Operational
4.0	85	85	Individual ensemble forecast, control and perturbed, at a horizontal level or in a horizontal layer in a continuous or non-continuous time interval for aerosol		Operational
4.0	86	86	Quantile forecasts at a horizontal level or in a horizontal layer at a point in time		Operational
4.0	87	87	Quantile forecasts at a horizontal level or in a horizontal layer in a continuous or non-continuous time interval		Operational
4.0	88	88	Analysis or forecast at a horizontal level or in a horizontal layer at a specified local time		Operational
4.0	89	89	Post-processed quantile forecasts at a horizontal level or in a horizontal layer at a point in time		Operational
4.0	90	90	Post-processed quantile forecasts at a horizontal level or in a horizontal layer in a continuous or non-continuous time interval		Operational
4.0	91	91	Categorical forecasts at a horizontal level or in a horizontal layer in a continuous or non-continuous time interval		Operational
4.0	92	92	Individual ensemble forecast, control and perturbed, at a horizontal level or in a horizontal layer at a specified local time		Operational
4.0	93	93	Post-processing analysis or forecast at a horizontal level or in a horizontal layer at a specified local time		Operational
4.0	94	94	Post-processing individual ensemble forecast, control and perturbed, at a horizontal level or in a horizontal layer at a specified local time		Operational
4.0	95	95	Average, accumulation, extreme values or other statistically processed value at a horizontal level or in a horizontal layer at a specified local time		Operational
4.0	96	96	Average, accumulation, extreme values or other statistically processed values of an individual ensemble forecast, control and perturbed, at a horizontal level or in a horizontal layer at a specified local time		Operational
4.0	97	97	Average, accumulation, extreme values or other statistically processed values of post-processing analysis or forecast at a horizontal level or in a horizontal layer at a specified local time		Operational
4.0	98	98	Average, accumulation, extreme values or other statistically processed values of a post-processing individual ensemble forecast, control and perturbed, at a horizontal level or in a horizontal layer at a specified local time		Operational
4.0	99	99	Analysis or forecast at a horizontal level or in a horizontal layer at a point in time for wave 2D spectra with explicit list of frequencies and directions		Operational
4.0	100	100	Individual ensemble forecast, control and perturbed, at a horizontal level or in a horizontal layer at a point in time for wave 2D spectra with explicit list of frequencies and directions		Operational
4.0	101	101	Analysis or forecast at a horizontal level or in a horizontal layer at a point in time for wave 2D spectra with frequencies and directions defined by formulae		Operational
4.0	102	102	Individual ensemble forecast, control and perturbed, at a horizontal level or in a horizontal layer at a point in time for wave 2D spectra with frequencies and directions defined by formulae		Operational
4.0	103	103	Analysis or forecast at a horizontal level or in a horizontal layer at a point in time for waves selected by period range		Operational
4.0	104	104	Individual ensemble forecast, control and perturbed, at a horizontal level or in a horizontal layer at a point in time for waves selected by period range		Operational
4.0	105	105	Anomalies, significance and other derived products from an analysis or forecast in relation to a reference period at a horizontal level or in a horizontal layer in a continuous or non-continuous time interval		Operational
4.0	106	106	Anomalies, significance and other derived products from an individual ensemble forecast, control and perturbed in relation to a reference period at a horizontal level or in a horizontal layer in a continuous or non-continuous time interval		Operational
4.0	107	107	Anomalies, significance and other derived products from derived forecasts based on all ensemble members in relation to a reference period at a horizontal level or in a horizontal layer in a continuous or non-continuous time interval		Operational
4.0	108	108	Analysis or forecast at a horizontal level or in a horizontal layer at a point in time for generic optical products		Operational
4.0	109	109	Individual ensemble forecast, control and perturbed, at a horizontal level or in a horizontal layer at a point in time for generic optical products		Operational
4.0	110	110	Average, accumulation, extreme values or other statistically processed values at a horizontal level or in a horizontal layer in a continuous or non-continuous time interval for generic optical products		Operational
4.0	111	111	Individual ensemble forecast, control and perturbed, at a horizontal level or in a horizontal layer, in a continuous or non-continuous interval for generic optical products		Operational
4.0	112	112	Anomalies, significance and other derived products as probability forecasts in relation to a reference period at a horizontal level or in a horizontal layer in a continuous or non-continuous time interval		Operational
4.0	113	113	Generalized tiles at a horizontal level or horizontal layer at a point in time		Operational
4.0	114	114	Average, accumulation, and/or extreme values or other statistically processed values on generalized tiles at a horizontal level or in a horizontal layer in a continuous or non-continuous time interval		Operational
4.0	115	115	Individual ensemble forecast, control and perturbed on generalized tiles at a horizontal level or in a horizontal layer at a point in time		Operational
4.0	116	116	Individual ensemble forecast, control and perturbed on generalized tiles at a horizontal level or in a horizontal layer in a continuous or non-continuous time interval		Operational
4.0	117	117	Individual large ensemble forecast, control and perturbed, at a horizontal level or in a horizontal layer at a point in time		Operational
4.0	118	118	Individual large ensemble forecast, control and perturbed, at a horizontal level or in a horizontal layer, in a continuous or non-continuous interval		Operational
4.0	119	119	Probability forecasts from large ensembles at a horizontal level or in a horizontal layer at a point in time		Operational
4.0	120	120	Probability forecasts from large ensembles at a horizontal level or in a horizontal layer in a continuous or non-continuous time interval		Operational
4.0	121	121	Probability forecasts from large ensembles with spatiotemporal processing based on focal (moving window) statistics at a horizontal level or in a horizontal layer at a point in time		Operational
4.0	122	122	Probability forecasts from large ensembles with spatiotemporal processing based on focal (moving window) statistics at a horizontal level or in a horizontal layer in a continuous or non-continuous time interval		Operational
4.0	123	123	Probability forecasts from large ensembles with spatiotemporal processing based on focal (moving window) statistics in relation to a reference period at a horizontal level or in a horizontal layer in a continuous or non-continuous time interval		Operational
4.0	124	124	Analysis or forecast at a horizontal level or in a horizontal layer at a point in time for radionuclides		Operational
4.0	125	125	Individual ensemble forecast, control and perturbed, at a horizontal level or in a horizontal layer at a point in time for radionuclides		Operational
4.0	126	126	Average, accumulation, and/or extreme values or other statistically processed values at a horizontal level or in a horizontal layer in a continuous or non-continuous time interval for radionuclides		Operational
4.0	127	127	Individual ensemble forecast, control and perturbed, at a horizontal level or in a horizontal layer in a continuous or non-continuous time interval for radionuclides		Operational
4.0	128	128	Anomalies significance and other derived products from an analysis or forecast in relation to a reference period at a horizontal level or in a horizontal layer at a point in time		Operational
4.0	129	129	Anomalies significance and other derived products from an individual ensemble forecast, control and perturbed in relation to a reference period at a horizontal level or in a horizontal layer at a point in time		Operational
4.0	130	130	Anomalies significance and other derived products from derived forecasts based on all ensemble members in relation to a reference period at a horizontal level or in a horizontal layer at a point in time		Operational
4.0	131	131	Anomalies significance and other derived products as probability forecasts in relation to a reference period at a horizontal level or in a horizontal layer at a point in time		Operational
4.0	132	132	Quantile forecasts of anomalies, significance and other derived products in relation to a reference period at a horizontal level or in a horizontal layer at a point in time		Operational
4.0	133	133	Post-processed quantile forecasts of anomalies, significance and other derived products in relation to a reference period at a horizontal level or in a horizontal layer at a point in time		Operational
4.0	134	134	Quantile forecasts of anomalies, significance and other derived products in relation to a reference period at a horizontal level or in a horizontal layer in a continuous or non-continuous time interval		Operational
4.0	135	135	Post-processed quantile forecasts of anomalies, significance and other derived products in relation to a reference period at a horizontal level or in a horizontal layer in a continuous or non-continuous time interval		Operational
4.0	136	136	Probability forecasts of anomalies, significance and other derived products in relation to a reference period with spatiotemporal processing based on focal (moving window) statistics in relation to a reference period at a horizontal level or in at a point in time		Operational
4.0	137	137	Derived reforecast based on all ensemble members at a horizontal level or in a horizontal layer at a point in time		Operational
4.0	138	138	Derived reforecast based on all ensemble members at a horizontal level or in a horizontal layer in a continuous or non-continuous time interval		Operational
4.0	139	139	Reforecast at a horizontal level or in a horizontal layer at a point in time for waves selected by period range		Operational
4.0	140	140	Individual ensemble reforecast, control and perturbed, at a horizontal level or in a horizontal layer at a point in time for waves selected by period range		Operational
4.0	141	141	Reforecast at a horizontal level or in a horizontal layer at a point in time for wave 2D spectra with explicit list of frequencies and directions		Operational
4.0	142	142	Individual ensemble reforecast, control and perturbed, at a horizontal level or in a horizontal layer at a point in time for wave 2D spectra with explicit list of frequencies and directions		Operational
4.0	143	143	Random fields used in an ensemble forecast, at a horizontal level or in a horizontal layer at a point in time		Operatinal
4.0	144	144	Analysis or forecast at a horizontal level or in a horizontal layer in a continuous or non-continuous time interval for waves selected by period range		Operational
4.0	145	145	Individual ensemble forecast, control and perturbed, at a horizontal level or in a horizontal layer in a continuous or non-continuous time interval for waves selected by period range		Operational
4.0	146	146	Verification scores for analysis or forecast at a horizontal level or in a horizontal layer at a point in time		Operational
4.0	147	147	Verification scores for average, accumulation, and/or extreme values or other statistically processed values at a horizontal level or in a horizontal layer in a continuous or non-continuous time interval		Operational
4.0	148	148	Verification scores for individual ensemble forecast, control and perturbed, at a horizontal level or in a horizontal layer at a point in time		Operational
4.0	149	149	Verification scores for individual ensemble forecast, control and perturbed, at a horizontal level or in a horizontal layer in a continuous or non-continuous time interval		Operational
4.0	150	150	Verification scores for derived forecast based on all ensemble members at a horizontal level or in a horizontal layer at a point in time		Operational
4.0	151	151	Verification scores for derived forecasts based on all ensemble members at a horizontal level or in a horizontal layer in a continuous or non-continuous time interval		Operational
4.0	152	152	Individual large ensemble reforecast, control and perturbed, at a horizontal level or in a horizontal layer at a point in time for atmospheric chemical constituents		Operational
4.0	153	153	Individual large ensemble reforecast, control and perturbed, at a horizontal level or in a horizontal layer in a continuous or non-continuous time interval for atmospheric chemical constituents		Operational
4.0	154	154	Individual large ensemble reforecast, control and perturbed, at a horizontal level or in a horizontal layer at a point in time		Operational
4.0	155	155	Individual large ensemble reforecast, control and perturbed, at a horizontal level or in a horizontal layer in a continuous or non-continuous time interval		Operational
4.0	156	156	Average, accumulation, extreme values or other statistically processed values at a horizontal layer in a continuous or non-continuous time interval for optical properties of aerosol		Operational
4.0	157	157	Individual ensemble forecast, control and perturbed at a horizontal level or in a horizontal layer in a continuous or non-continuous time interval for optical properties of aerosol		Operational
4.0	158	158	Average, accumulation, extreme values or other statistically processed values at a continuous or non-continuous time interval for optical properties of aerosol with source or sink		Operational
4.0	159	159	Individual ensemble forecast, control and perturbed at a horizontal level or in a horizontal layer in a continuous or non-continuous time interval for optical properties of aerosol with source or sink		Operational
4.0	160	160	Derived forecasts based on all ensemble members at a horizontal level or in a horizontal layer at a point in time for waves selected by period range		Operational
4.0	161	161	Derived forecasts based on all ensemble members at a horizontal level or in a horizontal layer in a continuous or non-continuous time interval for waves selected by period range		Operational
4.0	162	162	Probability forecasts at a horizontal level or in a horizontal layer at a point in time for waves selected by period range		Operational
4.0	163	163	Probability forecasts at a horizontal level or in a horizontal layer in a continuous or non-continuous time interval for waves selected by period range		Operational
4.0	164	164	Quantile forecasts at a horizontal level or in a horizontal layer at a point in time for waves selected by period range		Operational
4.0	165	165	Quantile forecasts at a horizontal level or in a horizontal layer in a continuous or non-continuous time interval for waves selected by period range		Operational
4.0	166	166	Derived forecasts based on all ensemble members at a horizontal level or in a horizontal layer at a point in time for atmospheric chemical constituents		Operational
4.0	167	167	Derived forecasts based on all ensemble members at a horizontal level or in a horizontal layer in a continuous or non-continuous time interval for atmospheric chemical constituents		Operational
4.0	168	168	Derived forecasts based on all ensemble members at a horizontal level or in a horizontal layer at a point in time for aerosol		Operational
4.0	169	169	Derived forecasts based on all ensemble members at a horizontal level or in a horizontal layer at a point in time for optical properties of aerosol		Operational
4.0	170	170	Derived forecasts based on all ensemble members at a horizontal level or in a horizontal layer at a point in time for atmospheric chemical constituents with source or sink		Operational
4.0	171	171	Derived forecasts based on all ensemble members at a horizontal level or in a horizontal layer in a continuous or non-continuous time interval for atmospheric chemical constituents with source or sink		Operational
4.0	172	172	Derived forecasts based on all ensemble members at a horizontal level or in a horizontal layer at a point in time for optical properties of aerosol with source or sink		Operational
4.0	173	173	Derived forecasts based on all ensemble members at a horizontal level or in a horizontal layer in a continuous or non-continuous time interval for aerosol with source or sink		Operational
4.0	174	174	Derived forecasts based on all ensemble members at a horizontal level or in a horizontal layer in a continuous or non-continuous time interval for aerosol		Operational
4.0	175	175	Derived forecasts based on all ensemble members at a horizontal level or in a horizontal layer in a continuous or non-continuous time interval for optical properties of aerosol		Operational
4.0	176	176	Derived forecasts based on all ensemble members at a horizontal level or in a horizontal layer in a continuous or non-continuous time interval for optical properties of aerosol with source or sink		Operational
4.0	177	177	Quantile forecasts at a horizontal level or in a horizontal layer at a point in time for atmospheric chemical constituents		Operational
4.0	178	178	Quantile forecasts at a horizontal level or in a horizontal layer in a continuous or non-continuous time interval for atmospheric chemical constituents		Operational
4.0	179	179	Quantile forecasts at a horizontal level or in a horizontal layer at a point in time for aerosol		Operational
4.0	180	180	Quantile forecasts at a horizontal level or in a horizontal layer at a point in time for optical properties of aerosol		Operational
4.0	181	181	Quantile forecasts at a horizontal level or in a horizontal layer at a point in time for atmospheric chemical constituents with source or sink		Operational
4.0	182	182	Quantile forecasts at a horizontal level or in a horizontal layer in a continuous or non-continuous time interval for atmospheric chemical constituents with source or sink		Operational
4.0	183	183	Quantile forecasts at a horizontal level or in a horizontal layer at a point in time for optical properties of aerosol with source or sink		Operational
4.0	184	184	Quantile forecasts at a horizontal level or in a horizontal layer in a continuous or non-continuous time interval for aerosol with source or sink		Operational
4.0	185	185	Quantile forecasts at a horizontal level or in a horizontal layer in a continuous or non-continuous time interval for aerosol		Operational
4.0	186	186	Quantile forecasts at a horizontal level or in a horizontal layer in a continuous or non-continuous time interval for optical properties of aerosol		Operational
4.0	187	187	Quantile forecasts at a horizontal level or in a horizontal layer in a continuous or non-continuous time interval for optical properties of aerosol with source or sink		Operational
4.0	188	188	Probability forecasts at a horizontal level or in a horizontal layer at a point in time for atmospheric chemical constituents		Operational
4.0	189	189	Probability forecasts at a horizontal level or in a horizontal layer in a continuous or non-continuous time interval for atmospheric chemical constituents		Operational
4.0	190	190	Probability forecasts at a horizontal level or in a horizontal layer at a point in time for aerosol		Operational
4.0	191	191	Probability forecasts at a horizontal level or in a horizontal layer at a point in time for optical properties of aerosol		Operational
4.0	192	192	Probability forecasts at a horizontal level or in a horizontal layer at a point in time for atmospheric chemical constituents with source or sink		Operational
4.0	193	193	Probability forecasts at a horizontal level or in a horizontal layer in a continuous or non-continuous time interval for atmospheric chemical constituents with source or sink		Operational
4.0	194	194	Probability forecasts at a horizontal level or in a horizontal layer at a point in time for optical properties of aerosol with source or sink		Operational
4.0	195	195	Probability forecasts at a horizontal level or in a horizontal layer in a continuous or non-continuous time interval for aerosol with source or sink		Operational
4.0	196	196	Probability forecasts at a horizontal level or in a horizontal layer in a continuous or non-continuous time interval for aerosol		Operational
4.0	197	197	Probability forecasts at a horizontal level or in a horizontal layer in a continuous or non-continuous time interval for optical properties of aerosol		Operational
4.0	198	198	Probability forecasts at a horizontal level or in a horizontal layer in a continuous or non-continuous time interval for optical properties of aerosol with source or sink		Operational
4.0	199	199	Derived products of post-processed forecasts based on all ensemble members at a horizontal level or in a horizontal layer at a point in time		Operational
4.0	200	200	Derived products of post-processed forecasts based on all ensemble members at a horizontal level or in a horizontal layer in a continuous or non-continuous time interval		Operational
4.0	201	201	Probability of post-processed forecast at a horizontal level or in a horizontal layer at a point in time		Operational
4.0	202	202	Probability of post-processed forecast at a horizontal level or in a horizontal layer in a continuous or non-continuous time interval		Operational
4.0	203	203	Satellite product with channel, bandwidth and polarization		Operational
4.0	204	204	Analysis or forecast at a horizontal level or in a horizontal layer at a point in time for simulated (synthetic) satellite data with channel, bandwidth and polarization		Operational
4.0	205	205	Individual ensemble forecast, control and perturbed at a horizontal level or in a horizontal layer at a point in time for simulated (synthetic) satellite data with channel, bandwidth and polarization		Operational
4.0	206	206	Individual ensemble forecast, control and perturbed at a horizontal level or in a horizontal layer in a continuous or non-continuous interval for simulated (synthetic) satellite data with channel, bandwidth and polarization		Operational
4.0	207	207	Satellite product with or without associated quality values with channel, bandwidth and polarization		Operational
4.0	208	253	Reserved		Operational
4.0	254	254	CCITT IA5 character string		Operational
4.0	255	999	Reserved		Operational
4.0	1000	1000	Cross-section of analysis and forecast at a point in time		Experimental
4.0	1001	1001	Cross-section of averaged or otherwise statistically processed analysis or forecast over a range of time		Experimental
4.0	1002	1002	Cross-section of analysis and forecast, averaged or otherwise statistically processed over latitude or longitude		Experimental
4.0	1003	1099	Reserved		Operational
4.0	1100	1100	Hovmöller-type grid with no averaging or other statistical processing		Experimental
4.0	1101	1101	Hovmöller-type grid with averaging or other statistical processing		Experimental
4.0	1102	32767	Reserved		Operational
4.0	32768	65534	Reserved for local use		Operational
4.0	65535	65535	Missing		Operational
4.100	0	0	Analysis		Operational
4.100	1	1	Forecast		Operational
4.100	2	2	Reforecast (Hindcast)		Operational
4.100	3	3	Reanalysis		Operational
4.100	4	4	Climate projection		Operational
4.100	5	5	Gridded observations		Operational
4.100	6	191	Reserved		Operational
4.100	192	254	Reserved for local use		Operational
4.100	255	255	Missing		Operational
4.101	0	0	Anomaly		Operational
4.101	1	1	Standardized anomaly		Operational
4.101	2	2	Significance (Wilcoxon-Mann-Whitney)		Operational
4.101	3	3	Climatology		Operational
4.101	4	19	Reserved		Operational
4.101	20	20	Extreme Forecast Index (EFI)		Operational
4.101	21	21	Shift of Tails (SOT)		Operational
4.101	22	22	Anomaly of probabilities		Operational
4.101	23	23	Standardized Drought Index		Operational
4.101	24	24	Crossing Point Forecast (CPF)		Operational
4.101	25	191	Reserved		Operational
4.101	192	254	Reserved for local use		Operational
4.101	255	255	Missing		Operational
4.102	0	0	Average		Operational
4.102	1	1	Accumulation		Operational
4.102	2	2	Maximum		Operational
4.102	3	3	Minimum		Operational
4.102	4	4	Median		Operational
4.102	5	19	Reserved		Operational
4.102	20	20	Model Climate		Operational
4.102	21	21	Index based on normal distribution		Operational
4.102	22	22	Index based on log-normal distribution		Operational
4.102	23	23	Index based on generalized log-normal distribution		Operational
4.102	24	24	Index based on gamma distribution		Operational
4.102	25	25	Index based on logistic distribution		Operational
4.102	26	26	Index based on log-logistic distribution		Operational
4.102	27	27	Index based on generalized logistic distribution		Operational
4.102	28	28	Index based on Weibull distribution		Operational
4.102	29	29	Index based on generalized extreme value distribution		Operational
4.102	30	30	Index based on Pearson III distribution		Operational
4.102	31	31	Index based on empirical distribution		Operational
4.102	32	191	Reserved		Operational
4.102	192	254	Reserved for local use		Operational
4.102	255	255	Missing		Operational
4.103	0	0	Circle [m]		Operational
4.103	1	1	Rectangle [m,m]		Operational
4.103	2	2	Square [m]		Operational
4.103	3	3	Wedge [m,degree,degree]		Operational
4.103	4	4	Span of grid boxes centered around grid box i,j [x,y]		Operational
4.103	5	191	Reserved		Operational
4.103	192	254	Reserved for local use		Operational
4.103	255	255	Missing		Operational
4.104	0	0	Average		Operational
4.104	1	1	Reserved		Operational
4.104	2	2	Maximum		Operational
4.104	3	3	Minimum		Operational
4.104	4	4	Range		Operational
4.104	5	5	Reserved		Operational
4.104	6	6	Standard deviation		Operational
4.104	7	10	Reserved		Operational
4.104	11	11	Sum		Operational
4.104	12	189	Reserved		Operational
4.104	190	190	Quantile		Opertional
4.104	191	191	Categorical (boolean)		Operational
4.104	192	254	Reserved for local use		Operational
4.104	255	255	Missing		Operational
4.105	0	0	Ignore missing data		Operational
4.105	1	1	No data		Operational
4.105	2	189	Reserved		Operational
4.105	192	254	Reserved for local use		Operational
4.105	255	255	Missing		Operational
4.106	0	0	Normal operating data		Operational
4.106	1	1	No data		Operational
4.106	2	2	Undetected		Operational
4.106	3	3	Implausible data/outliers		Operational
4.106	4	4	Beam overshooting		Operational
4.106	5	5	Beam blocking		Operational
4.106	6	6	Ground clutter		Operational
4.106	7	7	Sea clutter		Operational
4.106	8	8	Beam attenuation		Operational
4.106	9	9	Wet radome attenuation		Operational
4.106	10	10	Wind turbines		Operational
4.106	11	11	Insects/birds		Operational
4.106	12	12	Ships/aircrafts		Operational
4.106	13	189	Reserved		Operational
4.106	192	254	Reserved for local use		Operational
4.106	255	255	Missing		Operational
4.10	0	0	Average		Operational
4.10	1	1	Accumulation		Operational
4.10	2	2	Maximum		Operational
4.10	3	3	Minimum		Operational
4.10	4	4	Difference (value at the end of time range minus value at the beginning)		Operational
4.10	5	5	Root mean square		Operational
4.10	6	6	Standard deviation		Operational
4.10	7	7	Covariance (temporal variance)		Operational
4.10	8	8	Difference (value at the start of time range minus value at the end)		Operational
4.10	9	9	Ratio		Operational
4.10	10	10	Standardized anomaly		Operational
4.10	11	11	Summation		Operational
4.10	12	12	Return period		Operational
4.10	13	13	Median		Operational
4.10	14	99	Reserved		Operational
4.10	100	100	Severity		Operational
4.10	101	101	Mode		Operational
4.10	102	102	Index processing		Operational
4.10	103	191	Reserved		Operational
4.10	192	254	Reserved for local use		Operational
4.10	255	255	Missing		Operational
4.11	0	0	Reserved		Operational
4.11	1	1	Successive times processed have same forecast time, start time of forecast is incremented		Operational
4.11	2	2	Successive times processed have same start time of forecast, forecast time is incremented		Operational
4.11	3	3	Successive times processed have start time of forecast incremented and forecast time decremented so that valid time remains constant		Operational
4.11	4	4	Successive times processed have start time of forecast decremented and forecast time incremented so that valid time remains constant		Operational
4.11	5	5	Floating subinterval of time between forecast time and end of overall time interval		Operational
4.11	6	191	Reserved		Operational
4.11	192	254	Reserved for local use		Operational
4.11	255	255	Missing		Operational
4.120	0	0	Mean error		Operational
4.120	1	1	Root mean squared error		Operational
4.120	2	2	Continuous ranked probability score (CRPS)		Operational
4.120	3	3	Fair continuous ranked probability score		Operational
4.120	4	4	Continuous logarithmic ignorance score		Operational
4.120	5	5	Fair continuous logarithmic ignorance score		Operational
4.120	6	6	Ranked probability score		Operational
4.120	7	99	Reserved for future use		Operational
4.120	100	100	Contingency Table (deterministic) - hits		Operational
4.120	101	101	Contingency Table (deterministic) - false alarms		Operational
4.120	102	102	Contingency Table (deterministic) - misses		Operational
4.120	103	103	Contingency Table (deterministic) - correct negatives		Operational
4.120	104	104	Contingency Table (probabilistic) - Forecast-by-n-members and observed		Operational
4.120	105	105	Contingency Table (probabilistic) - Forecast-by-n-members and not observed		Operational
4.120	106	62999	Reserved		Operational
4.120	63000	65534	Reserved for local use		Operational
4.120	65535	65535	Missing		Operational
4.121	0	0	Analysis interpolated on forecast grid		Operational
4.121	1	1	Analysis with forecast interpolated on analysis grid		Operational
4.121	2	2	Analysis interpolated on a common grid with the forecast but different to original grid		Operational
4.121	3	3	Gridded observation on forecast grid		Operational
4.121	4	4	Gridded observation with forecast interpolated on observation grid		Operational
4.121	5	191	Reserved		Operational
4.121	192	254	Reserved for local use		Operational
4.121	255	255	Missing		Operational
4.122	0	0	Fixed threshold value		Operational
4.122	1	1	Threshold specified as a quantile of the climatology		Operational
4.122	2	2	Threshold specified as a multiple of the standard deviation		Operational
4.122	3	191	Reserved		Operational
4.122	192	254	Reserved for local use		Operational
4.122	255	255	Missing		Operational
4.12	0	0	Maintenance mode		Operational
4.12	1	1	Clear air		Operational
4.12	2	2	Precipitation		Operational
4.12	3	191	Reserved		Operational
4.12	192	254	Reserved for local use		Operational
4.12	255	255	Missing		Operational
4.13	0	0	No quality control applied		Operational
4.13	1	1	Quality control applied		Operational
4.13	2	191	Reserved		Operational
4.13	192	254	Reserved for local use		Operational
4.13	255	255	Missing		Operational
4.14	0	0	No clutter filter used		Operational
4.14	1	1	Clutter filter used		Operational
4.14	2	191	Reserved		Operational
4.14	192	254	Reserved for local use		Operational
4.14	255	255	Missing		Operational
4.15	0	0	Data is calculated directly from the source grid with no interpolation		Operational
4.15	1	1	Bilinear interpolation using the 4 source grid grid-point values surrounding the nominal grid-point		Operational
4.15	2	2	Bicubic interpolation using the 4 source grid grid-point values surrounding the nominal grid-point		Operational
4.15	3	3	Using the value from the source grid grid-point which is nearest to the nominal grid-point		Operational
4.15	4	4	Budget interpolation using the 4 source grid grid-point values surrounding the nominal grid-point		Operational
4.15	5	5	Spectral interpolation using the 4 source grid grid-point values surrounding the nominal grid-point		Operational
4.15	6	6	Neighbor-budget interpolation using the 4 source grid grid-point values surrounding the nominal grid-point		Operational
4.15	7	191	Reserved		Operational
4.15	192	254	Reserved for local use		Operational
4.15	255	255	Missing		Operational
4.16	0	0	Confidence index		Operational
4.16	1	1	Quality indicator		Operational
4.16	2	2	Correlation of product with used calibration product		Operational
4.16	3	3	Standard deviation		Operational
4.16	4	4	Random error		Operational
4.16	5	5	Probability		Operational
4.16	6	191	Reserved		Operational
4.16	192	254	Reserved for local use		Operational
4.16	255	255	Missing		Operational
4.1	0	0	Temperature		Operational
4.1	1	1	Moisture		Operational
4.1	2	2	Momentum		Operational
4.1	3	3	Mass		Operational
4.1	4	4	Short-wave radiation		Operational
4.1	5	5	Long-wave radiation		Operational
4.1	6	6	Cloud		Operational
4.1	7	7	Thermodynamic stability indices		Operational
4.1	8	8	Kinematic stability indices		Deprecated
4.1	9	9	Temperature probabilities		Deprecated
4.1	10	10	Moisture probabilities		Deprecated
4.1	11	11	Momentum probabilities		Deprecated
4.1	12	12	Mass probabilities		Deprecated
4.1	13	13	Aerosols		Operational
4.1	14	14	Trace gases (e.g. ozone, CO2)		Operational
4.1	15	15	Radar		Operational
4.1	16	16	Forecast radar imagery		Operational
4.1	17	17	Electrodynamics		Operational
4.1	18	18	Nuclear/radiology		Operational
4.1	19	19	Physical atmospheric properties		Operational
4.1	20	20	Atmospheric chemical constituents		Operational
4.1	21	21	Thermodynamic properties		Operational
4.1	22	22	Drought indices		Operational
4.1	23	189	Reserved		Operational
4.1	190	190	CCITT IA5 string		Operational
4.1	191	191	Miscellaneous		Operational
4.1	192	254	Reserved for local use		Operational
4.1	255	255	Missing		Operational
4.1	0	0	Hydrology basic products		Operational
4.1	1	1	Hydrology probabilities		Operational
4.1	2	2	Inland water and sediment properties		Operational
4.1	3	191	Reserved		Operational
4.1	192	254	Reserved for local use		Operational
4.1	255	255	Missing		Operational
4.1	0	0	Vegetation/biomass		Operational
4.1	1	1	Agri-/aquacultural special products		Operational
4.1	2	2	Transportation-related products		Operational
4.1	3	3	Soil products		Operational
4.1	4	4	Fire weather products		Operational
4.1	5	5	Glaciers and inland ice		Operational
4.1	6	6	Urban areas		Operational
4.1	7	7	Thermodynamic properties		Operational
4.1	8	191	Reserved		Operational
4.1	192	254	Reserved for local use		Operational
4.1	255	255	Missing		Operational
4.1	0	0	Image format products		Operational
4.1	1	1	Quantitative products		Operational
4.1	2	2	Cloud properties		Operational
4.1	3	3	Flight rule conditions		Operational
4.1	4	4	Volcanic ash		Operational
4.1	5	5	Sea-surface temperature		Operational
4.1	6	6	Solar radiation		Operational
4.1	7	191	Reserved		Operational
4.1	192	254	Reserved for local use		Operational
4.1	255	255	Missing		Operational
4.1	0	0	Temperature		Operational
4.1	1	1	Momentum		Operational
4.1	2	2	Charged particle mass and number		Operational
4.1	3	3	Electric and magnetic fields		Operational
4.1	4	4	Energetic particles		Operational
4.1	5	5	Waves		Operational
4.1	6	6	Solar electromagnetic emissions		Operational
4.1	7	7	Terrestrial electromagnetic emissions		Operational
4.1	8	8	Imagery		Operational
4.1	9	9	Ion-neutral coupling		Operational
4.1	10	10	Space weather indices		Operational
4.1	11	191	Reserved		Operational
4.1	192	254	Reserved for local use		Operational
4.1	255	255	Missing		Operational
4.1	0	0	Waves		Operational
4.1	1	1	Currents		Operational
4.1	2	2	Ice		Operational
4.1	3	3	Surface properties		Operational
4.1	4	4	Subsurface properties		Operational
4.1	5	190	Reserved		Operational
4.1	191	191	Miscellaneous		Operational
4.1	192	254	Reserved for local use		Operational
4.1	255	255	Missing		Operational
4.1	0	0	Health indicators		Operational
4.1	1	1	Epidemiology		Operational
4.1	2	2	Socioeconomic indicators		Operational
4.1	3	3	Renewable energy sector		Operational
4.1	4	4	Meteorological and hydrological hazard indices		Operational
4.1	5	5	Environmental hazard indices		Operational
4.1	6	191	Reserved		Operational
4.1	192	254	Reserved for local use		Operational
4.1	255	255	Missing		Operational
4.1	0	0	Stochastic parametrizations		Operational
4.1	1	191	Reserved		Operational
4.1	192	254	Reserved for local use		Operational
4.1	255	255	Missing		Operational
4.201	0	0	No precipitation		Operational
4.201	1	1	Rain		Operational
4.201	2	2	Thunderstorm		Operational
4.201	3	3	Freezing rain		Operational
4.201	4	4	Mixed/ice		Operational
4.201	5	5	Snow		Operational
4.201	6	6	Wet snow		Operational
4.201	7	7	Mixture of rain and snow		Operational
4.201	8	8	Ice pellets		Operational
4.201	9	9	Graupel		Operational
4.201	10	10	Hail		Operational
4.201	11	11	Drizzle		Operational
4.201	12	12	Freezing drizzle		Operational
4.201	13	13	Hail (less than 5 mm)		Operational
4.201	14	14	Hail (greater than or equal to 5 mm)		Operational
4.201	15	191	Reserved		Operational
4.201	192	254	Reserved for local use		Operational
4.201	255	255	Missing		Operational
4.202	0	191	Reserved		Operational
4.202	192	254	Reserved for local use		Operational
4.202	255	255	Missing		Operational
4.203	0	0	Clear		Operational
4.203	1	1	Cumulonimbus		Operational
4.203	2	2	Stratus		Operational
4.203	3	3	Stratocumulus		Operational
4.203	4	4	Cumulus		Operational
4.203	5	5	Altostratus		Operational
4.203	6	6	Nimbostratus		Operational
4.203	7	7	Altocumulus		Operational
4.203	8	8	Cirrostratus		Operational
4.203	9	9	Cirrocumulus		Operational
4.203	10	10	Cirrus		Operational
4.203	11	11	Cumulonimbus - ground-based fog beneath the lowest layer		Operational
4.203	12	12	Stratus - ground-based fog beneath the lowest layer		Operational
4.203	13	13	Stratocumulus - ground-based fog beneath the lowest layer		Operational
4.203	14	14	Cumulus - ground-based fog beneath the lowest layer		Operational
4.203	15	15	Altostratus - ground-based fog beneath the lowest layer		Operational
4.203	16	16	Nimbostratus - ground-based fog beneath the lowest layer		Operational
4.203	17	17	Altocumulus - ground-based fog beneath the lowest layer		Operational
4.203	18	18	Cirrostratus - ground-based fog beneath the lowest layer		Operational
4.203	19	19	Cirrocumulus - ground-based fog beneath the lowest layer		Operational
4.203	20	20	Cirrus - ground-based fog beneath the lowest layer		Operational
4.203	21	190	Reserved		Operational
4.203	191	191	Unknown		Operational
4.203	192	254	Reserved for local use		Operational
4.203	255	255	Missing		Operational
4.204	0	0	None		Operational
4.204	1	1	Isolated (1-2%)		Operational
4.204	2	2	Few (3-5%)		Operational
4.204	3	3	Scattered (6-45%)		Operational
4.204	4	4	Numerous (> 45%)		Operational
4.204	5	191	Reserved		Operational
4.204	192	254	Reserved for local use		Operational
4.204	255	255	Missing		Operational
4.205	0	0	Aerosol not present		Operational
4.205	1	1	Aerosol present		Operational
4.205	2	191	Reserved		Operational
4.205	192	254	Reserved for local use		Operational
4.205	255	255	Missing		Operational
4.206	0	0	Not present		Operational
4.206	1	1	Present		Operational
4.206	2	191	Reserved		Operational
4.206	192	254	Reserved for local use		Operational
4.206	255	255	Missing		Operational
4.207	0	0	None		Operational
4.207	1	1	Light		Operational
4.207	2	2	Moderate		Operational
4.207	3	3	Severe		Operational
4.207	4	4	Trace		Operational
4.207	5	5	Heavy		Operational
4.207	6	191	Reserved		Operational
4.207	192	254	Reserved for local use		Operational
4.207	255	255	Missing		Operational
4.208	0	0	None (smooth)		Operational
4.208	1	1	Light		Operational
4.208	2	2	Moderate		Operational
4.208	3	3	Severe		Operational
4.208	4	4	Extreme		Operational
4.208	5	191	Reserved		Operational
4.208	192	254	Reserved for local use		Operational
4.208	255	255	Missing		Operational
4.209	0	0	Reserved		Operational
4.209	1	1	Stable		Operational
4.209	2	2	Mechanically driven turbulence		Operational
4.209	3	3	Forced convection		Operational
4.209	4	4	Free convection		Operational
4.209	5	191	Reserved		Operational
4.209	192	254	Reserved for local use		Operational
4.209	255	255	Missing		Operational
4.210	0	0	Contrail not present		Operational
4.210	1	1	Contrail present		Operational
4.210	2	191	Reserved		Operational
4.210	192	254	Reserved for local use		Operational
4.210	255	255	Missing		Operational
4.211	0	0	Low bypass		Operational
4.211	1	1	High bypass		Operational
4.211	2	2	Non-bypass		Operational
4.211	3	191	Reserved		Operational
4.211	192	254	Reserved for local use		Operational
4.211	255	255	Missing		Operational
4.212	0	0	Reserved		Operational
4.212	1	1	Urban land		Operational
4.212	2	2	Agriculture		Operational
4.212	3	3	Range land		Operational
4.212	4	4	Deciduous forest		Operational
4.212	5	5	Coniferous forest		Operational
4.212	6	6	Forest/wetland		Operational
4.212	7	7	Water		Operational
4.212	8	8	Wetlands		Operational
4.212	9	9	Desert		Operational
4.212	10	10	Tundra		Operational
4.212	11	11	Ice		Operational
4.212	12	12	Tropical forest		Operational
4.212	13	13	Savannah		Operational
4.212	14	191	Reserved		Operational
4.212	192	254	Reserved for local use		Operational
4.212	255	255	Missing		Operational
4.213	0	0	Reserved		Operational
4.213	1	1	Sand		Operational
4.213	2	2	Loamy sand		Operational
4.213	3	3	Sandy loam		Operational
4.213	4	4	Silt loam		Operational
4.213	5	5	Organic (redefined)		Operational
4.213	6	6	Sandy clay loam		Operational
4.213	7	7	Silt clay loam		Operational
4.213	8	8	Clay loam		Operational
4.213	9	9	Sandy clay		Operational
4.213	10	10	Silty clay		Operational
4.213	11	11	Clay		Operational
4.213	12	191	Reserved		Operational
4.213	192	254	Reserved for local use		Operational
4.213	255	255	Missing		Operational
4.214	0	0	Worst		Operational
4.214	1	1	Very poor		Operational
4.214	2	2	Poor		Operational
4.214	3	3	Average		Operational
4.214	4	4	Good		Operational
4.214	5	5	Excellent		Operational
4.214	6	190	Reserved		Operational
4.214	191	191	Unknown		Operational
4.214	192	254	Reserved for local use		Operational
4.214	255	255	Missing		Operational
4.215	0	49	Reserved		Operational
4.215	50	50	No-snow/no-cloud		Operational
4.215	51	99	Reserved		Operational
4.215	100	100	Clouds		Operational
4.215	101	249	Reserved		Operational
4.215	250	250	Snow		Operational
4.215	251	254	Reserved for local use		Operational
4.215	255	255	Missing		Operational
4.216	0	90	Elevation in increments of 100 m		Operational
4.216	91	253	Reserved		Operational
4.216	254	254	Clouds		Operational
4.216	255	255	Missing		Operational
4.217	0	0	Clear over water		Operational
4.217	1	1	Clear over land		Operational
4.217	2	2	Cloud		Operational
4.217	3	3	No data		Operational
4.217	4	191	Reserved		Operational
4.217	192	254	Reserved for local use		Operational
4.217	255	255	Missing		Operational
4.218	0	0	No scene identified		Operational
4.218	1	1	Green needle-leafed forest		Operational
4.218	2	2	Green broad-leafed forest		Operational
4.218	3	3	Deciduous needle-leafed forest		Operational
4.218	4	4	Deciduous broad-leafed forest		Operational
4.218	5	5	Deciduous mixed forest		Operational
4.218	6	6	Closed shrub-land		Operational
4.218	7	7	Open shrub-land		Operational
4.218	8	8	Woody savannah		Operational
4.218	9	9	Savannah		Operational
4.218	10	10	Grassland		Operational
4.218	11	11	Permanent wetland		Operational
4.218	12	12	Cropland		Operational
4.218	13	13	Urban		Operational
4.218	14	14	Vegetation/crops		Operational
4.218	15	15	Permanent snow/ice		Operational
4.218	16	16	Barren desert		Operational
4.218	17	17	Water bodies		Operational
4.218	18	18	Tundra		Operational
4.218	19	19	Warm liquid water cloud		Operational
4.218	20	20	Supercooled liquid water cloud		Operational
4.218	21	21	Mixed-phase cloud		Operational
4.218	22	22	Optically thin ice cloud		Operational
4.218	23	23	Optically thick ice cloud		Operational
4.218	24	24	Multilayered cloud		Operational
4.218	25	96	Reserved		Operational
4.218	97	97	Snow/ice on land		Operational
4.218	98	98	Snow/ice on water		Operational
4.218	99	99	Sun-glint		Operational
4.218	100	100	General cloud		Operational
4.218	101	101	Low cloud/fog/stratus		Operational
4.218	102	102	Low cloud/stratocumulus		Operational
4.218	103	103	Low cloud/unknown type		Operational
4.218	104	104	Medium cloud/nimbostratus		Operational
4.218	105	105	Medium cloud/altostratus		Operational
4.218	106	106	Medium cloud/unknown type		Operational
4.218	107	107	High cloud/cumulus		Operational
4.218	108	108	High cloud/cirrus		Operational
4.218	109	109	High cloud/unknown		Operational
4.218	110	110	Unknown cloud type		Operational
4.218	111	111	Single layer water cloud		Operational
4.218	112	112	Single layer ice cloud		Operational
4.218	113	191	Reserved		Operational
4.218	192	254	Reserved for local use		Operational
4.218	255	255	Missing		Operational
4.219	0	0	Nominal cloud top height quality		Operational
4.219	1	1	Fog in segment		Operational
4.219	2	2	Poor quality height estimation		Operational
4.219	3	3	Fog in segment and poor quality height estimation		Operational
4.219	4	191	Reserved		Operational
4.219	192	254	Reserved for local use		Operational
4.219	255	255	Missing		Operational
4.220	0	0	Latitude		Operational
4.220	1	1	Longitude		Operational
4.220	2	191	Reserved		Operational
4.220	192	254	Reserved for local use		Operational
4.220	255	255	Missing		Operational
4.221	0	0	Not included		Operational
4.221	1	1	Extrapolated		Operational
4.221	2	191	Reserved		Operational
4.221	192	254	Reserved for local use		Operational
4.221	255	255	Missing		Operational
4.222	0	0	No		Operational
4.222	1	1	Yes		Operational
4.222	2	191	Reserved		Operational
4.222	192	254	Reserved for local use		Operational
4.222	255	255	Missing		Operational
4.223	0	0	No fire detected		Operational
4.223	1	1	Possible fire detected		Operational
4.223	2	2	Probable fire detected		Operational
4.223	3	3	Missing		Operational
4.224	0	0	No risk area		Operational
4.224	1	1	Reserved		Operational
4.224	2	2	General thunderstorm risk area		Operational
4.224	3	3	Reserved		Operational
4.224	4	4	Slight risk area		Operational
4.224	5	5	Reserved		Operational
4.224	6	6	Moderate risk area		Operational
4.224	7	7	Reserved		Operational
4.224	8	8	High risk area		Operational
4.224	9	10	Reserved		Operational
4.224	11	11	Dry thunderstorm (dry lightning) risk area		Operational
4.224	12	13	Reserved		Operational
4.224	14	14	Critical risk area		Operational
4.224	15	17	Reserved		Operational
4.224	18	18	Extremely critical risk area		Operational
4.224	19	254	Reserved		Operational
4.224	255	255	Missing		Operational
4.227	0	0	None		Operational
4.227	1	1	General		Operational
4.227	2	2	Convective		Operational
4.227	3	3	Stratiform		Operational
4.227	4	4	Freezing		Operational
4.227	5	191	Reserved		Operational
4.227	192	254	Reserved for local use		Operational
4.227	255	255	Missing value		Operational
4.228	0	0	None		Operational
4.228	1	1	Trace		Operational
4.228	2	2	Light		Operational
4.228	3	3	Moderate		Operational
4.228	4	4	Severe		Operational
4.228	5	254	Reserved		Operational
4.228	255	255	Missing value		Operational
4.234	1	1	Crops, mixed farming		Operational
4.234	2	2	Short grass		Operational
4.234	3	3	Evergreen needleleaf trees		Operational
4.234	4	4	Deciduous needleleaf trees		Operational
4.234	5	5	Deciduous broadleaf trees		Operational
4.234	6	6	Evergreen broadleaf trees		Operational
4.234	7	7	Tall grass		Operational
4.234	8	8	Desert		Operational
4.234	9	9	Tundra		Operational
4.234	10	10	Irrigated crops		Operational
4.234	11	11	Semidesert		Operational
4.234	12	12	Ice caps and glaciers		Operational
4.234	13	13	Bogs and marshes		Operational
4.234	14	14	Inland water		Operational
4.234	15	15	Ocean		Operational
4.234	16	16	Evergreen shrubs		Operational
4.234	17	17	Deciduous shrubs		Operational
4.234	18	18	Mixed forest		Operational
4.234	19	19	Interrupted forest		Operational
4.234	20	20	Water and land mixtures		Operational
4.236	1	1	Coarse		Operational
4.236	2	2	Medium		Operational
4.236	3	3	Medium-fine		Operational
4.236	4	4	Fine		Operational
4.236	5	5	Very-fine		Operational
4.236	6	6	Organic		Operational
4.236	7	7	Tropical-organic		Operational
4.238	0	0	Other		Operational
4.238	1	1	Aviation		Operational
4.238	2	2	Lightning		Operational
4.238	3	3	Biogenic sources		Operational
4.238	4	4	Anthropogenic sources		Operational
4.238	5	5	Wild fires		Operational
4.238	6	6	Natural sources		Operational
4.238	7	7	Volcanoes		Operational
4.238	8	8	Bio-fuel		Operational
4.238	9	9	Fossil-fuel		Operational
4.238	10	10	Wetlands		Operational
4.238	11	11	Oceans		Operational
4.238	12	12	Elevated anthropogenic sources		Operational
4.238	13	13	Surface anthropogenic sources		Operational
4.238	14	14	Agriculture livestock		Operational
4.238	15	15	Agriculture soils		Operational
4.238	16	16	Agriculture waste burning		Operational
4.238	17	17	Agriculture (all)		Operational
4.238	18	18	Residential, commercial and other combustion		Operational
4.238	19	19	Power generation		Operational
4.238	20	20	Super power stations		Operational
4.238	21	21	Fugitives		Operational
4.238	22	22	Industrial process		Operational
4.238	23	23	Solvents		Operational
4.238	24	24	Ships		Operational
4.238	25	25	Wastes (solid and water)		Operational
4.238	26	26	Road transportation		Operational
4.238	27	27	Off-road transportation		Operational
4.238	28	28	Nuclear power plant		Operational
4.238	29	29	Nuclear weapon		Operational
4.238	30	30	Commercial building heating		Operational
4.238	31	31	Residential heating		Operational
4.238	32	32	Oil refineries and transformation industry		Operational
4.238	33	33	Gas production		Operational
4.238	34	34	Vegetation		Operational
4.238	35	35	Biomass burning		Operational
4.238	36	36	Settlements		Operational
4.238	37	37	Soil		Operational
4.238	38	38	Wild animals		Operational
4.238	39	39	Savannah		Operational
4.238	40	40	Tropical forest		Operational
4.238	41	41	Boreal forest		Operational
4.238	42	42	Peatland		Operational
4.238	43	43	Deforestation		Operational
4.238	44	191	Reserved		Operational
4.238	192	254	Reserved for local use		Operational
4.238	255	255	Missing		Operational
4.239	0	0	Reserved		Operational
4.239	1	1	Bog		Operational
4.239	2	2	Drained		Operational
4.239	3	3	Fen		Operational
4.239	4	4	Floodplain		Operational
4.239	5	5	Mangrove		Operational
4.239	6	6	Marsh		Operational
4.239	7	7	Rice		Operational
4.239	8	8	Riverine		Operational
4.239	9	9	Salt marsh		Operational
4.239	10	10	Swamp		Operational
4.239	11	11	Upland		Operational
4.239	12	12	Wet tundra		Operational
4.239	13	191	Reserved		Operational
4.239	192	254	Reserved for local use		Operational
4.239	255	255	Missing		Operational
4.240	0	0	No specific distribution function given		Operational
4.240	1	1	Delta functions with spatially variable concentration and fixed diameters Dl (p1) in metre		Operational
4.240	2	2	Delta functions with spatially variable concentration and fixed masses Ml (p1) in kg		Operational
4.240	3	3	Gaussian (normal) distribution with spatially variable concentration and fixed mean diameter Dl (p1) and variance σ (p2)		Operational
4.240	4	4	Gaussian (normal) distribution with spatially variable concentration, mean diameter and variance		Operational
4.240	5	5	Log-normal distribution with spatially variable number density, mean diameter and variance		Operational
4.240	6	6	Log-normal distribution with spatially variable number density, mean diameter and fixed variance σ (p1)		Operational
4.240	7	7	Log-normal distribution with spatially variable number density and mass density and fixed variance σ (p1) and fixed particle density ρ (p2)		Operational
4.240	8	8	No distribution function. The encoded variable is derived from variables characterized by type of distribution function of type No. 7 (see above) with fixed variance σ (p1) and fixed particle density ρ (p2)		Operational
4.240	9	49151	Reserved		Operational
4.240	49152	65534	Reserved for local use		Operational
4.240	65535	65535	Missing value		Operational
4.241	0	0	Undefined		Operational
4.241	1	1	Unmodified		Operational
4.241	2	2	Snow covered		Operational
4.241	3	3	Flooded		Operational
4.241	4	4	Ice covered		Operational
4.241	5	5	With intercepted water		Operational
4.241	6	6	With intercepted snow		Operational
4.241	7	7	Aggregated		Operational
4.241	8	191	Reserved		Operational
4.241	192	254	Reserved for local use		Operational
4.241	255	255	Missing value		Operational
4.242	0	0	Reserved		Operational
4.242	1	1	Land use classes according to ESA-GlobCover GCV2009		Operational
4.242	2	2	Land use classes according to European Commission-Global Land Cover Project GLC2000		Operational
4.242	3	3	Land use classes according to ECOCLIMAP		Operational
4.242	4	4	Land use classes according to ECOCLIMAP-SG		Operational
4.242	5	5	Land use classes according to USGS EROS Global Land Cover Characterization (GLCC) v2.0 BATS Classification		Operational
4.242	6	191	Reserved		Operational
4.242	192	254	Reserved for local use		Operational
4.242	255	255	Missing value		Operational
4.243	0	0	Reserved		Operational
4.243	1	1	Evergreen broadleaved forest		Operational
4.243	2	2	Deciduous broadleaved closed forest		Operational
4.243	3	3	Deciduous broadleaved open forest		Operational
4.243	4	4	Evergreen needle-leaf forest		Operational
4.243	5	5	Deciduous needle-leaf forest		Operational
4.243	6	6	Mixed leaf trees		Operational
4.243	7	7	Freshwater flooded trees		Operational
4.243	8	8	Saline water flooded trees		Operational
4.243	9	9	Mosaic tree/natural vegetation		Operational
4.243	10	10	Burnt tree cover		Operational
4.243	11	11	Evergreen shrubs closed-open		Operational
4.243	12	12	Deciduous shrubs closed-open		Operational
4.243	13	13	Herbaceous vegetation closed-open		Operational
4.243	14	14	Sparse herbaceous or grass		Operational
4.243	15	15	Flooded shrubs or herbaceous		Operational
4.243	16	16	Cultivated and managed areas		Operational
4.243	17	17	Mosaic crop/tree/natural vegetation		Operational
4.243	18	18	Mosaic crop/shrub/grass		Operational
4.243	19	19	Bare areas		Operational
4.243	20	20	Water		Operational
4.243	21	21	Snow and ice		Operational
4.243	22	22	Artificial surface		Operational
4.243	23	23	Ocean		Operational
4.243	24	24	Irrigated croplands		Operational
4.243	25	25	Rainfed croplands		Operational
4.243	26	26	Mosaic cropland (50%-70%) - vegetation (20%-50%)		Operational
4.243	27	27	Mosaic vegetation (50%-70%) - cropland (20%-50%)		Operational
4.243	28	28	Closed broadleaved evergreen forest		Operational
4.243	29	29	Closed needle-leaved evergreen forest		Operational
4.243	30	30	Open needle-leaved deciduous forest		Operational
4.243	31	31	Mixed broadleaved and needle-leaved forest		Operational
4.243	32	32	Mosaic shrubland (50%-70%) - grassland (20%-50%)		Operational
4.243	33	33	Mosaic grassland (50%-70%) - shrubland (20%-50%)		Operational
4.243	34	34	Closed to open shrubland		Operational
4.243	35	35	Sparse vegetation		Operational
4.243	36	36	Closed to open forest regularly flooded		Operational
4.243	37	37	Closed forest or shrubland permanently flooded		Operational
4.243	38	38	Closed to open grassland regularly flooded		Operational
4.243	39	39	Undefined		Operational
4.243	40	32767	Reserved		Operational
4.244	0	0	No quality information available		Operational
4.244	1	1	Failed		Operational
4.244	2	2	Passed		Operational
4.244	3	191	Reserved		Operational
4.244	192	254	Reserved for local use		Operational
4.244	255	255	Missing		Operational
4.246	0	0	No thunderstorm occurrence		Operational
4.246	1	1	Weak thunderstorm		Operational
4.246	2	2	Moderate thunderstorm		Operational
4.246	3	3	Severe thunderstorm		Operational
4.246	4	254	Reserved		Operational
4.246	255	255	Missing		Operational
4.247	0	0	No precipitation occurrence		Operational
4.247	1	1	Light precipitation		Operational
4.247	2	2	Moderate precipitation		Operational
4.247	3	3	Heavy precipitation		Operational
4.247	4	254	Reserved		Operational
4.247	255	255	Missing		Operational
4.248	0	0	Nearest forecast or analysis time to specified local time		Operational
4.248	1	1	Interpolated to be valid at the specified local time		Operational
4.248	2	191	Reserved		Operational
4.248	192	254	Reserved for local use		Operational
4.248	255	255	Missing		Operational
4.249	0	0	None		Operational
4.249	1	1	Showers		Operational
4.249	2	2	Intermittent		Operational
4.249	3	3	Continuous		Operational
4.249	4	254	Reserved		Operational
4.249	255	255	Missing		Operational
4.250	0	0	Reserved		Operational
4.250	1	1	South-west		Operational
4.250	2	2	South		Operational
4.250	3	3	South-east		Operational
4.250	4	4	West		Operational
4.250	5	5	No direction		Operational
4.250	6	6	East		Operational
4.250	7	7	North-west		Operational
4.250	8	8	North		Operational
4.250	9	9	North-east		Operational
4.250	10	191	Reserved		Operational
4.250	192	254	Reserved for local use		Operational
4.250	255	255	Missing		Operational
4.251	0	0	Undefined sequence		Operational
4.251	1	1	Geometric sequence		Operational
4.251	2	2	Arithmetic sequence		Operational
4.251	3	191	Reserved		Operational
4.251	192	254	Reserved for local use		Operational
4.251	255	255	Missing		Operational
4.252	0	0	Reserved		Operational
4.252	1	1	Seas and oceans		Operational
4.252	2	2	Inland water bodies		Operational
4.252	3	3	Bare areas		Operational
4.252	4	4	High vegetation		Operational
4.252	5	5	Low vegetation		Operational
4.252	6	6	Urban		Operational
4.252	7	1000	Reserved for intercomparison tile classes/groupings		Operational
4.252	1001	1001	Sea and oceans		Operational
4.252	1002	1002	Lakes		Operational
4.252	1003	1003	Rivers		Operational
4.252	1004	1004	Bare land		Operational
4.252	1005	1005	Bare rock		Operational
4.252	1006	1006	Permanent snow		Operational
4.252	1007	1007	Boreal broadleaf deciduous		Operational
4.252	1008	1008	Temperate broadleaf deciduous		Operational
4.252	1009	1009	Tropical broadleaf deciduous		Operational
4.252	1010	1010	Temperate broadleaf evergreen		Operational
4.252	1011	1011	Tropical broadleaf evergreen		Operational
4.252	1012	1012	Boreal needleleaf evergreen		Operational
4.252	1013	1013	Temperate needleleaf evergreen		Operational
4.252	1014	1014	Boreal needleleaf deciduous		Operational
4.252	1015	1015	Shrubs		Operational
4.252	1016	1016	Boreal grassland		Operational
4.252	1017	1017	Temperate grassland		Operational
4.252	1018	1018	Tropical grassland		Operational
4.252	1019	1019	Winter C3 crops		Operational
4.252	1020	1020	Summer C3 crops		Operational
4.252	1021	1021	C4 crops		Operational
4.252	1022	1022	Flooded trees		Operational
4.252	1023	1023	Flooded grassland		Operational
4.252	1024	1024	Local climate zone 1: compact high-rise (buildings)		Operational
4.252	1025	1025	Local climate zone 2: compact midrise (buildings)		Operational
4.252	1026	1026	Local climate zone 3: compact low-rise (buildings)		Operational
4.252	1027	1027	Local climate zone 4: open high-rise (buildings)		Operational
4.252	1028	1028	Local climate zone 5: open midrise (buildings)		Operational
4.252	1029	1029	Local climate zone 6: open low-rise (buildings)		Operational
4.252	1030	1030	Local climate zone 7: lightweight low-rise (buildings)		Operational
4.252	1031	1031	Local climate zone 8: large low-rise (buildings)		Operational
4.252	1032	1032	Local climate zone 9: sparsely built (buildings)		Operational
4.252	1033	1033	Local climate zone 10: heavy industry (buildings)		Operational
4.252	1034	1034	Urban temperate broadleaf deciduous		Operational
4.252	1035	1035	Urban tropical broadleaf deciduous		Operational
4.252	1036	1036	Urban temperate broadleaf evergreen		Operational
4.252	1037	1037	Urban tropical broadleaf evergreen		Operational
4.252	1038	1038	Urban boreal needleleaf evergreen		Operational
4.252	1039	1039	Urban temperate needleleaf evergreen		Operational
4.252	1040	1040	Urban boreal needleleaf deciduous		Operational
4.252	1041	1500	Reserved for tile class entries for tile models using the ECOCLIMAP-SG land cover survey		Operational
4.252	1501	1501	Nature grouping (NO + ROCK + SNOW + BOBD + TEBD + TRBD + TEBE + TRBE + BONE + TENE + BOND + SHRB + BOGR + GRAS + TROG + C3W + C3S + C4 + FLTR + FLGR)		Operational
4.252	1502	1502	Non-forest grouping (NO + ROCK + SNOW + BOGR + GRAS + TROG + C3W + C3S + C4 + FLTR + FLGR)		Operational
4.252	1503	1503	Forest grouping (BOBD + TEBD + TRBD + TEBE + TRBE + BONE + TENE + BOND + SHRB)		Operational
4.252	1504	1504	Non-vegetated grouping (NO + ROCK + SNOW)		Operational
4.252	1505	1505	Trees grouping (BOBD + TEBD + TRBD + TEBE + TRBE + BONE + TENE + BOND + SHRB + FLTR)		Operational
4.252	1506	1506	Low vegetation grouping (BOGR + GRAS + TROG + C3W + C3S + C4 + FLGR)		Operational
4.252	1507	1507	Non-flooded low vegetation grouping (BOGR + GRAS + TROG + C3W + C3S + C4)		Operational
4.252	1508	1508	Crops grouping (C3W + C3S + C4)		Operational
4.252	1509	1509	Grassland grouping (BOGR + GRAS + TROG)		Operational
4.252	1510	1510	Bare and rock grouping (NO + ROCK)		Operational
4.252	1511	1511	C3 crops grouping (C3W + C3S)		Operational
4.252	1512	1512	Broadleaf forest grouping (BOBD + TEBD + TRBD + TEBE + TRBE + SHRB)		Operational
4.252	1513	1513	Needleleaf forest grouping (BONE + TENE + BOND)		Operational
4.252	1514	1514	Deciduous broadleaf forest grouping (BOBD + TEBD + TRBD + TEBE + SHRB)		Operational
4.252	1515	1515	Temperate grassland grouping (BOGR + GRAS)		Operational
4.252	1516	1516	Non-forest (no FLTR) grouping (NO + ROCK + SNOW + BOGR + GRAS + TROG + C3W + C3S + C4 + FLGR)		Operational
4.252	1517	1517	Broadleaf forest (with FLTR) grouping (BOBD + TEBD + TRBD + TEBE + TRBE + SHRB + FLTR)		Operational
4.252	1518	1518	Broadleaf trees grouping (BOBD + TEBD + TRBD + TEBE + TRBE + FLTR)		Operational
4.252	1519	1519	C3/C4 grasslands grouping (BOGR + GRAS + FLGR)		Operational
4.252	1520	1520	Broadleaf deciduous trees grouping (BOBD + TEBD + TRBD + FLTR)		Operational
4.252	1521	1521	Broadleaf evergreen trees grouping (TEBE + TRBE)		Operational
4.252	1522	1522	Needleleaf evergreen trees grouping (BONE + TENE)		Operational
4.252	1523	1523	LCZ or urban grouping (LCZ1 + LCZ2 + LCZ3 + LCZ4 + LCZ5 + LCZ6 + LCZ7 + LCZ8 + LCZ9 + LCZ10)		Operational
4.252	1524	1524	Inland water grouping (LAKE + RIVE)		Operational
4.252	1525	1525	Urban parks and gardens TEBD grouping (NO + GRAS + TEBDU)		Operational
4.252	1526	1526	Urban parks and gardens TRBD grouping (NO + GRAS + TRBDU)		Operational
4.252	1527	1527	Urban parks and gardens TEBE grouping (NO + GRAS + TEBEU)		Operational
4.252	1528	1528	Urban parks and gardens TRBE grouping (NO + GRAS + TRBEU)		Operational
4.252	1529	1529	Urban parks and gardens BONE grouping (NO + GRAS + BONEU)		Operational
4.252	1530	1530	Urban parks and gardens TENE grouping (NO + GRAS + TENEU)		Operational
4.252	1531	1531	Urban parks and gardens BOND grouping (NO + GRAS + BONDU)		Operational
4.252	1532	2000	Reserved for tile grouping entries for tile models using the ECOCLIMAP-SG land cover survey		Operational
4.252	2001	2001	Crops, mixed farming		Operational
4.252	2002	2002	Short grass		Operational
4.252	2003	2003	Evergreen needleleaf trees		Operational
4.252	2004	2004	Deciduous needleleaf trees		Operational
4.252	2005	2005	Deciduous broadleaf trees		Operational
4.252	2006	2006	Evergreen broadleaf trees		Operational
4.252	2007	2007	Tall grass		Operational
4.252	2008	2008	Desert		Operational
4.252	2009	2009	Tundra		Operational
4.252	2010	2010	Irrigated crops		Operational
4.252	2011	2011	Semidesert		Operational
4.252	2012	2012	Ice caps and glaciers		Operational
4.252	2013	2013	Bogs and marshes		Operational
4.252	2014	2014	Inland water		Operational
4.252	2015	2015	Ocean		Operational
4.252	2016	2016	Evergreen shrubs		Operational
4.252	2017	2017	Deciduous shrubs		Operational
4.252	2018	2018	Mixed forest/woodland		Operational
4.252	2019	2019	Interrupted forest		Operational
4.252	2020	2020	Water and land mixtures		Operational
4.252	2021	2021	Bare soil		Operational
4.252	2022	2022	Urban		Operational
4.252	2023	2023	Low-rise building		Operational
4.252	2024	2024	High-rise building		Operational
4.252	2025	2500	Reserved for tile class entries for tile models using the GLCC v2.0 BATS Classification survey		Operational
4.252	2501	2501	Low vegetation grouping (CRMF + SHGR + TAGR + TUND + IRCR + SEDE + BOMA + EVSH + DESH + WLMI)		Operational
4.252	2502	2502	High vegetation grouping (EVNE + DENE + DEBR + EVBR + MFWO + INFO)		Operational
4.252	2503	3000	Reserved for tile grouping entries for tile models using the GLCC v2.0 BATS Classification survey		Operational
4.252	3001	3001	Post-flooding or irrigated croplands		Operational
4.252	3002	3002	Rainfed croplands		Operational
4.252	3003	3003	Mosaic cropland (50%-70%)/vegetation (grassland, shrubland, forest) (20-50%)		Operational
4.252	3004	3004	Mosaic vegetation (grassland, shrubland, forest) (50%-70%)/cropland (20%-50%)		Operational
4.252	3005	3005	Closed to open (>15%) broadleaved evergreen and/or semi-deciduous forest (>5m)		Operational
4.252	3006	3006	Closed (>40%) broadleaved deciduous forest (>5m)		Operational
4.252	3007	3007	Open (15-40%) broadleaved deciduous forest (>5m)		Operational
4.252	3008	3008	Closed (>40%) needleleaved evergreen forest (>5m)		Operational
4.252	3009	3009	Open (15-40%) needleleaved deciduous or evergreen forest (>5m)		Operational
4.252	3010	3010	Closed to open (>15%) mixed broadleaved and needleleaved forest (>5m)		Operational
4.252	3011	3011	Mosaic forest/shrubland (50%-70%)/grassland (20%-50%)		Operational
4.252	3012	3012	Mosaic grassland (50%-70%)/forest/shrubland (20%-50%)		Operational
4.252	3013	3013	Closed to open (>15%) shrubland (<5m)		Operational
4.252	3014	3014	Closed to open (>15%) herbaceous vegetation		Operational
4.252	3015	3015	Sparse (<15%) vegetation (woody vegetation, shrubs, grassland)		Operational
4.252	3016	3016	Closed to open (>15%) broadleaved forest regularly flooded (semi-permanently or temporarily) - fresh or brackish water		Operational
4.252	3017	3017	Closed (>40%) broadleaved forest or shrubland permanently flooded - saline or brackish water		Operational
4.252	3018	3018	Closed to open (>15%) vegetation (grassland, shrubland, woody vegetation) on regularly flooded or waterlogged soil - fresh, brackish or saline water		Operational
4.252	3019	3019	Artificial surfaces and associated areas (urban areas >50%)		Operational
4.252	3020	3020	Bare areas		Operational
4.252	3021	3021	Water bodies		Operational
4.252	3022	3022	Permanent snow and ice		Operational
4.252	3023	3500	Reserved for tile class entries for tile models using the ESA-GlobCover GCV2009 survey		Operational
4.252	3501	3501	Grouping using the dominant tiles approach (dominant tile varies per gridbox)		Operational
4.252	3502	4000	Reserved for tile grouping entries for tile models using the ESA-GlobCover GCV2009 survey		Operational
4.252	4001	4001	Tree cover, broadleaved evergreen, closed to open (>15%)		Operational
4.252	4002	4002	Tree cover, broadleaved deciduous, closed (>40%)		Operational
4.252	4003	4003	Tree cover, broadleaved deciduous, open (15-40%)		Operational
4.252	4004	4004	Tree cover, needleleaved evergreen, closed to open (>15%)		Operational
4.252	4005	4005	Tree cover, needleleaved decidous, closed to open (>15%)		Operational
4.252	4006	4006	Tree cover, mixed leaftype, closed to open (>15%)		Operational
4.252	4007	4007	Tree cover, closed to open (>15%), regularly flooded, fresh or brackish water: swamp forests		Operational
4.252	4008	4008	Tree cover, closed to open (>15%), regularly flooded, saline water: mangrove forests		Operational
4.252	4009	4009	Mosaic of tree cover and other natural vegetation (crop component possible)		Operational
4.252	4010	4010	Tree cover, burnt (mainly boreal forests)		Operational
4.252	4011	4011	Shrubcover, closed to open (>15%), evergreen (broadleaved or needleleaved)		Operational
4.252	4012	4012	Shrubcover, closed to open (>15%), deciduous (broadleaved)		Operational
4.252	4013	4013	Herbaceous cover, closed to open (>15%)		Operational
4.252	4014	4014	Sparse herbaceous or sparse shrub cover		Operational
4.252	4015	4015	Regularly flooded (>2 month) shrub or herbaceous cover, closed to open		Operational
4.252	4016	4016	Cropland (upland crops or inundated/ flooded crops)		Operational
4.252	4017	4017	Mosaic of cropland / tree cover/ other natural vegetation		Operational
4.252	4018	4018	Mosaic of cropland / shrub or herbaceous cover		Operational
4.252	4019	4019	Bare areas		Operational
4.252	4020	4020	Water bodies (natural or artificial)		Operational
4.252	4021	4021	Snow or ice (natural or artificial)		Operational
4.252	4022	4022	Urban areas		Operational
4.252	4023	4500	Reserved for tile class entries for tile models using the European Commission-Global Land Cover Project GLC2000 survey		Operational
4.252	4501	5000	Reserved for tile grouping entries for tile models using the European Commission-Global Land Cover Project GLC2000 survey		Operational
4.252	5001	32767	Reserved for additional land cover surveys		Operational
4.252	32768	65534	Reserved for local use		Operational
4.252	65535	65535	Missing		Operational
4.253	0	0	Undefined		Operational
4.253	1	65534	Reserved		Operational
4.253	65535	65535	Missing		Operational
4.254	0	0	Unpolarized	-	Operational
4.254	1	1	Quasi-horizontal (QH)	-	Operational
4.254	2	2	Quasi-vertical (QV)	-	Operational
4.254	3	3	Horizontal (H)	-	Operational
4.254	4	4	Vertical (V)	-	Operational
4.254	5	5	Right-Hand Circular Polarization (RHCP)	-	Operational
4.254	6	6	Left-Hand Circular Polarization (LHCP)	-	Operational
4.254	7	254	Reserved		Operational
4.254	255	255	Missing		Operational
4.2.0.0	0	0	Temperature	K	Operational
4.2.0.0	1	1	Virtual temperature	K	Operational
4.2.0.0	2	2	Potential temperature	K	Operational
4.2.0.0	3	3	Pseudo-adiabatic potential temperature or equivalent potential temperature	K	Operational
4.2.0.0	4	4	Maximum temperature	K	Deprecated
4.2.0.0	5	5	Minimum temperature	K	Deprecated
4.2.0.0	6	6	Dewpoint temperature	K	Operational
4.2.0.0	7	7	Dewpoint depression (or deficit)	K	Operational
4.2.0.0	8	8	Lapse rate	K/m	Operational
4.2.0.0	9	9	Temperature anomaly	K	Operational
4.2.0.0	10	10	Latent heat net flux	W m-2	Operational
4.2.0.0	11	11	Sensible heat net flux	W m-2	Operational
4.2.0.0	12	12	Heat index	K	Operational
4.2.0.0	13	13	Wind chill factor	K	Operational
4.2.0.0	14	14	Minimum dewpoint depression	K	Deprecated
4.2.0.0	15	15	Virtual potential temperature	K	Operational
4.2.0.0	16	16	Snow phase change heat flux	W m-2	Operational
4.2.0.0	17	17	Skin temperature	K	Operational
4.2.0.0	18	18	Snow temperature (top of snow)	K	Operational
4.2.0.0	19	19	Turbulent transfer coefficient for heat	Numeric	Operational
4.2.0.0	20	20	Turbulent diffusion coefficient for heat	m2/s	Operational
4.2.0.0	21	21	Apparent temperature	K	Operational
4.2.0.0	22	22	Temperature tendency due to short-wave radiation	K s-1	Operational
4.2.0.0	23	23	Temperature tendency due to long-wave radiation	K s-1	Operational
4.2.0.0	24	24	Temperature tendency due to short-wave radiation, clear sky	K s-1	Operational
4.2.0.0	25	25	Temperature tendency due to long-wave radiation, clear sky	K s-1	Operational
4.2.0.0	26	26	Temperature tendency due to parameterization	K s-1	Operational
4.2.0.0	27	27	Wet-bulb temperature	K	Operational
4.2.0.0	28	28	Unbalanced component of temperature	K	Operational
4.2.0.0	29	29	Temperature advection	K s-1	Operational
4.2.0.0	30	30	Latent heat net flux due to evaporation	W m-2	Operational
4.2.0.0	31	31	Latent heat net flux due to sublimation	W m-2	Operational
4.2.0.0	32	32	Wet-bulb potential temperature	K	Operational
4.2.0.0	33	191	Reserved		Operational
4.2.0.0	192	254	Reserved for local use		Operational
4.2.0.0	255	255	Missing		Operational
4.2.0.13	0	0	Aerosol type	(Code table 4.205)	Operational
4.2.0.13	1	191	Reserved		Operational
4.2.0.13	192	254	Reserved for local use		Operational
4.2.0.13	255	255	Missing		Operational
4.2.0.14	0	0	Total ozone	DU	Operational
4.2.0.14	1	1	Ozone mixing ratio	kg/kg	Operational
4.2.0.14	2	2	Total column integrated ozone	DU	Operational
4.2.0.14	3	191	Reserved		Operational
4.2.0.14	192	254	Reserved for local use		Operational
4.2.0.14	255	255	Missing		Operational
4.2.0.15	0	0	Base spectrum width	m/s	Operational
4.2.0.15	1	1	Base reflectivity	dB	Operational
4.2.0.15	2	2	Base radial velocity	m/s	Operational
4.2.0.15	3	3	Vertically integrated liquid water (VIL)	kg m-2	Operational
4.2.0.15	4	4	Layer-maximum base reflectivity	dB	Operational
4.2.0.15	5	5	Precipitation	kg m-2	Deprecated
4.2.0.15	6	6	Radar spectra (1)	-	Operational
4.2.0.15	7	7	Radar spectra (2)	-	Operational
4.2.0.15	8	8	Radar spectra (3)	-	Operational
4.2.0.15	9	9	Reflectivity of cloud droplets	dB	Operational
4.2.0.15	10	10	Reflectivity of cloud ice	dB	Operational
4.2.0.15	11	11	Reflectivity of snow	dB	Operational
4.2.0.15	12	12	Reflectivity of rain	dB	Operational
4.2.0.15	13	13	Reflectivity of graupel	dB	Operational
4.2.0.15	14	14	Reflectivity of hail	dB	Operational
4.2.0.15	15	15	Hybrid scan reflectivity	dB	Operational
4.2.0.15	16	16	Hybrid scan reflectivity height	m	Operational
4.2.0.15	17	17	Precipitation rate	kg m-2 s-1	Operational
4.2.0.15	18	18	Radar data quality index	proportion	Operational
4.2.0.15	19	19	Radar data quality flag	Code Table 4.106	Operational
4.2.0.15	20	20	Layer-maximum precipitation rate	kg m-2 s-1	Operational
4.2.0.15	21	191	Reserved		Operational
4.2.0.15	192	254	Reserved for local use		Operational
4.2.0.15	255	255	Missing		Operational
4.2.0.16	0	0	Equivalent radar reflectivity factor for rain	mm6 m-3	Operational
4.2.0.16	1	1	Equivalent radar reflectivity factor for snow	mm6 m-3	Operational
4.2.0.16	2	2	Equivalent radar reflectivity factor for parameterized convection	mm6 m-3	Operational
4.2.0.16	3	3	Echo top	m	Operational
4.2.0.16	4	4	Reflectivity	dB	Operational
4.2.0.16	5	5	Composite reflectivity	dB	Operational
4.2.0.16	6	6	Precipitation rate	kg m-2 s-1	Operational
4.2.0.16	7	7	Layer-maximum precipitation rate	kg m-2 s-1	Operational
4.2.0.16	8	8	Layer-maximum reflectivity	dB	Operational
4.2.0.16	9	191	Reserved		Operational
4.2.0.16	192	254	Reserved for local use		Operational
4.2.0.16	255	255	Missing		Operational
4.2.0.17	0	0	Lightning strike density	m-2 s-1	Operational
4.2.0.17	1	1	Lightning potential index (LPI)	J kg-1	Operational
4.2.0.17	2	2	Cloud-to-ground lightning flash density	km-2 day-1	Operational
4.2.0.17	3	3	Cloud-to-cloud lightning flash density	km-2 day-1	Operational
4.2.0.17	4	4	Total lightning flash density	km-2 day-1	Operational
4.2.0.17	5	5	Subgrid-scale lightning potential index	J kg-1	Operational
4.2.0.17	6	191	Reserved		Operational
4.2.0.17	192	254	Reserved for local use		Operational
4.2.0.17	255	255	Missing		Operational
4.2.0.18	0	0	Air activity concentration of caesium 137	Bq m-3	Operational
4.2.0.18	1	1	Air activity concentration of iodine 131	Bq m-3	Operational
4.2.0.18	2	2	Air activity concentration of radioactive pollutant	Bq m-3	Operational
4.2.0.18	3	3	Ground deposition activity of caesium 137	Bq m-2	Operational
4.2.0.18	4	4	Ground deposition activity of iodine 131	Bq m-2	Operational
4.2.0.18	5	5	Ground deposition activity of radioactive pollutant	Bq m-2	Operational
4.2.0.18	6	6	Time-integrated air activity concentration of caesium pollutant	Bq s m-3	Operational
4.2.0.18	7	7	Time-integrated air activity concentration of iodine pollutant	Bq s m-3	Operational
4.2.0.18	8	8	Time-integrated air activity concentration of radioactive pollutant	Bq s m-3	Operational
4.2.0.18	9	9	Reserved		Operational
4.2.0.18	10	10	Air activity concentration	Bq m-3	Operational
4.2.0.18	11	11	Wet deposition activity	Bq m-2	Operational
4.2.0.18	12	12	Dry deposition activity	Bq m-2	Operational
4.2.0.18	13	13	Total deposition activity (wet + dry)	Bq m-2	Operational
4.2.0.18	14	14	Specific activity concentration	Bq kg-1	Operational
4.2.0.18	15	15	Maximum of air activity concentration in layer	Bq m-3	Operational
4.2.0.18	16	16	Height of maximum air activity concentration	m	Operational
4.2.0.18	17	17	Column-integrated air activity concentration	Bq m-2	Operational
4.2.0.18	18	18	Column-averaged air activity concentration in layer	Bq m-3	Operational
4.2.0.18	19	19	Deposition activity arrival	s	Operational
4.2.0.18	20	20	Deposition activity ended	s	Operational
4.2.0.18	21	21	Cloud activity arrival	s	Operational
4.2.0.18	22	22	Cloud activity ended	s	Operational
4.2.0.18	23	23	Effective dose rate	nSv h-1	Operational
4.2.0.18	24	24	Thyroid dose rate (adult)	nSv h-1	Operational
4.2.0.18	25	25	Gamma dose rate (adult)	nSv h-1	Operational
4.2.0.18	26	26	Activity emission	Bq s-1	Operational
4.2.0.18	27	191	Reserved		Operational
4.2.0.18	192	254	Reserved for local use		Operational
4.2.0.18	255	255	Missing		Operational
4.2.0.190	0	0	Arbitrary text string	CCITT IA5	Operational
4.2.0.190	1	191	Reserved		Operational
4.2.0.190	192	254	Reserved for local use		Operational
4.2.0.190	255	255	Missing		Operational
4.2.0.191	0	0	Seconds prior to initial reference time (defined in Section 1)	s	Operational
4.2.0.191	1	1	Geographical latitude	deg N	Operational
4.2.0.191	2	2	Geographical longitude	deg E	Operational
4.2.0.191	3	3	Days since last observation	d	Operational
4.2.0.191	4	4	Tropical cyclone density track	Numeric	Operational
4.2.0.191	5	5	Hurricane track in spatiotemporal vicinity	boolean	Operational
4.2.0.191	6	6	Tropical storm track in spatiotemporal vicinity	boolean	Operational
4.2.0.191	7	7	Tropical depression track in spatiotemporal vicinity	boolean	Operational
4.2.0.191	8	191	Reserved		Operational
4.2.0.191	192	254	Reserved for local use		Operational
4.2.0.191	255	255	Missing		Operational
4.2.0.19	0	0	Visibility	m	Operational
4.2.0.19	1	1	Albedo	%	Operational
4.2.0.19	2	2	Thunderstorm probability	%	Operational
4.2.0.19	3	3	Mixed layer depth	m	Operational
4.2.0.19	4	4	Volcanic ash	(Code table 4.206)	Operational
4.2.0.19	5	5	Icing top	m	Operational
4.2.0.19	6	6	Icing base	m	Operational
4.2.0.19	7	7	Icing	(Code table 4.207)	Operational
4.2.0.19	8	8	Turbulence top	m	Operational
4.2.0.19	9	9	Turbulence base	m	Operational
4.2.0.19	10	10	Turbulence	(Code table 4.208)	Operational
4.2.0.19	11	11	Turbulent kinetic energy	J/kg	Operational
4.2.0.19	12	12	Planetary boundary-layer regime	(Code table 4.209)	Operational
4.2.0.19	13	13	Contrail intensity	(Code table 4.210)	Operational
4.2.0.19	14	14	Contrail engine type	(Code table 4.211)	Operational
4.2.0.19	15	15	Contrail top	m	Operational
4.2.0.19	16	16	Contrail base	m	Operational
4.2.0.19	17	17	Maximum snow albedo	%	Deprecated
4.2.0.19	18	18	Snow free albedo	%	Operational
4.2.0.19	19	19	Snow albedo	%	Operational
4.2.0.19	20	20	Icing	%	Operational
4.2.0.19	21	21	In-cloud turbulence	%	Operational
4.2.0.19	22	22	Clear air turbulence (CAT)	%	Operational
4.2.0.19	23	23	Supercooled large droplet probability	%	Operational
4.2.0.19	24	24	Convective turbulent kinetic energy	J/kg	Operational
4.2.0.19	25	25	Weather	(Code table 4.225)	Operational
4.2.0.19	26	26	Convective outlook	(Code table 4.224)	Operational
4.2.0.19	27	27	Icing scenario	(Code table 4.227)	Operational
4.2.0.19	28	28	Mountain wave turbulence (eddy dissipation rate)	m2/3 s-1	Operational
4.2.0.19	29	29	Clear air turbulence (CAT)	m2/3 s-1	Operational
4.2.0.19	30	30	Eddy dissipation parameter	m2/3 s-1	Operational
4.2.0.19	31	31	Maximum of eddy dissipation parameter in layer	m2/3 s-1	Operational
4.2.0.19	32	32	Highest freezing level	m	Operational
4.2.0.19	33	33	Visibility through liquid fog	m	Operational
4.2.0.19	34	34	Visibility through ice fog	m	Operational
4.2.0.19	35	35	Visibility through blowing snow	m	Operational
4.2.0.19	36	36	Presence of snow squalls	(Code table 4.222)	Operational
4.2.0.19	37	37	Icing severity	(Code table 4.228)	Operational
4.2.0.19	38	38	Sky transparency index	(Code table 4.214)	Operational
4.2.0.19	39	39	Seeing index	(Code table 4.214)	Operational
4.2.0.19	40	40	Snow level	m	Operational
4.2.0.19	41	41	Duct base height	m	Operational
4.2.0.19	42	42	Trapping layer base height	m	Operational
4.2.0.19	43	43	Trapping layer top height	m	Operational
4.2.0.19	44	44	Mean vertical gradient of refractivity inside trapping layer	m-1	Operational
4.2.0.19	45	45	Minimum vertical gradient of refractivity inside trapping layer	m-1	Operational
4.2.0.19	46	46	Net radiation flux	W m-2	Operational
4.2.0.19	47	47	Global irradiance on tilted surfaces	W m-2	Operational
4.2.0.19	48	48	Top of persistent contrails	m	Operational
4.2.0.19	49	49	Base of persistent contrails	m	Operational
4.2.0.19	50	50	Convectively-induced turbulence (CIT) (eddy dissipation rate)	m2/3 s-1	Operational
4.2.0.19	51	51	Visibility through precipitation	m	Operational
4.2.0.19	52	52	Hail kinetic energy flux	J m-2 s-1	Operational
4.2.0.19	53	191	Reserved		Operational
4.2.0.19	192	254	Reserved for local use		Operational
4.2.0.19	255	255	Missing		Operational
4.2.0.1	0	0	Specific humidity	kg/kg	Operational
4.2.0.1	1	1	Relative humidity	%	Operational
4.2.0.1	2	2	Humidity mixing ratio	kg/kg	Operational
4.2.0.1	3	3	Precipitable water	kg m-2	Operational
4.2.0.1	4	4	Vapour pressure	Pa	Operational
4.2.0.1	5	5	Saturation deficit	Pa	Operational
4.2.0.1	6	6	Evaporation	kg m-2	Operational
4.2.0.1	7	7	Precipitation rate	kg m-2 s-1	Deprecated
4.2.0.1	8	8	Total precipitation	kg m-2	Deprecated
4.2.0.1	9	9	Large-scale precipitation (non-convective)	kg m-2	Deprecated
4.2.0.1	10	10	Convective precipitation	kg m-2	Deprecated
4.2.0.1	11	11	Snow depth	m	Operational
4.2.0.1	12	12	Snowfall rate water equivalent	kg m-2 s-1	Deprecated
4.2.0.1	13	13	Water equivalent of accumulated snow depth	kg m-2	Deprecated
4.2.0.1	14	14	Convective snow	kg m-2	Deprecated
4.2.0.1	15	15	Large-scale snow	kg m-2	Deprecated
4.2.0.1	16	16	Snow melt	kg m-2	Operational
4.2.0.1	17	17	Snow age	d	Operational
4.2.0.1	18	18	Absolute humidity	kg m-3	Operational
4.2.0.1	19	19	Precipitation type	(Code table 4.201)	Operational
4.2.0.1	20	20	Integrated liquid water	kg m-2	Operational
4.2.0.1	21	21	Condensate	kg/kg	Operational
4.2.0.1	22	22	Cloud mixing ratio	kg/kg	Operational
4.2.0.1	23	23	Ice water mixing ratio	kg/kg	Operational
4.2.0.1	24	24	Rain mixing ratio	kg/kg	Operational
4.2.0.1	25	25	Snow mixing ratio	kg/kg	Operational
4.2.0.1	26	26	Horizontal moisture convergence	kg kg-1 s-1	Operational
4.2.0.1	27	27	Maximum relative humidity	%	Deprecated
4.2.0.1	28	28	Maximum absolute humidity	kg m-3	Deprecated
4.2.0.1	29	29	Total snowfall	m	Deprecated
4.2.0.1	30	30	Precipitable water category	(Code table 4.202)	Operational
4.2.0.1	31	31	Hail	m	Operational
4.2.0.1	32	32	Graupel (snow pellets)	kg/kg	Operational
4.2.0.1	33	33	Categorical rain	(Code table 4.222)	Operational
4.2.0.1	34	34	Categorical freezing rain	(Code table 4.222)	Operational
4.2.0.1	35	35	Categorical ice pellets	(Code table 4.222)	Operational
4.2.0.1	36	36	Categorical snow	(Code table 4.222)	Operational
4.2.0.1	37	37	Convective precipitation rate	kg m-2 s-1	Operational
4.2.0.1	38	38	Horizontal moisture divergence	kg kg-1 s-1	Operational
4.2.0.1	39	39	Per cent frozen precipitation	%	Operational
4.2.0.1	40	40	Potential evaporation	kg m-2	Operational
4.2.0.1	41	41	Potential evaporation rate	W m-2	Operational
4.2.0.1	42	42	Snow cover	%	Operational
4.2.0.1	43	43	Rain fraction of total cloud water	Proportion	Operational
4.2.0.1	44	44	Rime factor	Numeric	Operational
4.2.0.1	45	45	Total column integrated rain	kg m-2	Operational
4.2.0.1	46	46	Total column integrated snow	kg m-2	Operational
4.2.0.1	47	47	Large scale water precipitation (non-convective)	kg m-2	Deprecated
4.2.0.1	48	48	Convective water precipitation	kg m-2	Deprecated
4.2.0.1	49	49	Total water precipitation	kg m-2	Deprecated
4.2.0.1	50	50	Total snow precipitation	kg m-2	Deprecated
4.2.0.1	51	51	Total column water (Vertically integrated total water (vapour + cloud water/ice))	kg m-2	Operational
4.2.0.1	52	52	Total precipitation rate	kg m-2 s-1	Operational
4.2.0.1	53	53	Total snowfall rate water equivalent	kg m-2 s-1	Operational
4.2.0.1	54	54	Large scale precipitation rate	kg m-2 s-1	Operational
4.2.0.1	55	55	Convective snowfall rate water equivalent	kg m-2 s-1	Operational
4.2.0.1	56	56	Large scale snowfall rate water equivalent	kg m-2 s-1	Operational
4.2.0.1	57	57	Total snowfall rate	m/s	Operational
4.2.0.1	58	58	Convective snowfall rate	m/s	Operational
4.2.0.1	59	59	Large scale snowfall rate	m/s	Operational
4.2.0.1	60	60	Snow depth water equivalent	kg m-2	Operational
4.2.0.1	61	61	Snow density	kg m-3	Operational
4.2.0.1	62	62	Snow evaporation	kg m-2	Operational
4.2.0.1	63	63	Reserved		Operational
4.2.0.1	64	64	Total column integrated water vapour	kg m-2	Operational
4.2.0.1	65	65	Rain precipitation rate	kg m-2 s-1	Operational
4.2.0.1	66	66	Snow precipitation rate	kg m-2 s-1	Operational
4.2.0.1	67	67	Freezing rain precipitation rate	kg m-2 s-1	Operational
4.2.0.1	68	68	Ice pellets precipitation rate	kg m-2 s-1	Operational
4.2.0.1	69	69	Total column integrated cloud water	kg m-2	Operational
4.2.0.1	70	70	Total column integrated cloud ice	kg m-2	Operational
4.2.0.1	71	71	Hail mixing ratio	kg/kg	Operational
4.2.0.1	72	72	Total column integrated hail	kg m-2	Operational
4.2.0.1	73	73	Hail precipitation rate	kg m-2 s-1	Operational
4.2.0.1	74	74	Total column integrated graupel	kg m-2	Operational
4.2.0.1	75	75	Graupel (snow pellets) precipitation rate	kg m-2 s-1	Operational
4.2.0.1	76	76	Convective rain rate	kg m-2 s-1	Operational
4.2.0.1	77	77	Large scale rain rate	kg m-2 s-1	Operational
4.2.0.1	78	78	Total column integrated water (all components including precipitation)	kg m-2	Operational
4.2.0.1	79	79	Evaporation rate	kg m-2 s-1	Operational
4.2.0.1	80	80	Total condensate	kg/kg	Operational
4.2.0.1	81	81	Total column-integrated condensate	kg m-2	Operational
4.2.0.1	82	82	Cloud ice mixing-ratio	kg/kg	Operational
4.2.0.1	83	83	Specific cloud liquid water content	kg/kg	Operational
4.2.0.1	84	84	Specific cloud ice water content	kg/kg	Operational
4.2.0.1	85	85	Specific rainwater content	kg/kg	Operational
4.2.0.1	86	86	Specific snow water content	kg/kg	Operational
4.2.0.1	87	87	Stratiform precipitation rate	kg m-2 s-1	Operational
4.2.0.1	88	88	Categorical convective precipitation	(Code table 4.222)	Operational
4.2.0.1	89	89	Reserved		Operational
4.2.0.1	90	90	Total kinematic moisture flux	kg kg-1 m s-1	Operational
4.2.0.1	91	91	u-component (zonal) kinematic moisture flux	kg kg-1 m s-1	Operational
4.2.0.1	92	92	v-component (meridional) kinematic moisture flux	kg kg-1 m s-1	Operational
4.2.0.1	93	93	Relative humidity with respect to water	%	Operational
4.2.0.1	94	94	Relative humidity with respect to ice	%	Operational
4.2.0.1	95	95	Freezing or frozen precipitation rate	kg m-2 s-1	Operational
4.2.0.1	96	96	Mass density of rain	kg m-3	Operational
4.2.0.1	97	97	Mass density of snow	kg m-3	Operational
4.2.0.1	98	98	Mass density of graupel	kg m-3	Operational
4.2.0.1	99	99	Mass density of hail	kg m-3	Operational
4.2.0.1	100	100	Specific number concentration of rain	kg-1	Operational
4.2.0.1	101	101	Specific number concentration of snow	kg-1	Operational
4.2.0.1	102	102	Specific number concentration of graupel	kg-1	Operational
4.2.0.1	103	103	Specific number concentration of hail	kg-1	Operational
4.2.0.1	104	104	Number density of rain	m-3	Operational
4.2.0.1	105	105	Number density of snow	m-3	Operational
4.2.0.1	106	106	Number density of graupel	m-3	Operational
4.2.0.1	107	107	Number density of hail	m-3	Operational
4.2.0.1	108	108	Specific humidity tendency due to parameterization	kg kg-1 s-1	Operational
4.2.0.1	109	109	Mass density of liquid water coating on hail expressed as mass of liquid water per unit volume of air	kg m-3	Operational
4.2.0.1	110	110	Specific mass of liquid water coating on hail expressed as mass of liquid water per unit mass of moist air	kg kg-1	Operational
4.2.0.1	111	111	Mass mixing ratio of liquid water coating on hail expressed as mass of liquid water per unit mass of dry air	kg kg-1	Operational
4.2.0.1	112	112	Mass density of liquid water coating on graupel expressed as mass of liquid water per unit volume of air	kg m-3	Operational
4.2.0.1	113	113	Specific mass of liquid water coating on graupel expressed as mass of liquid water per unit mass of moist air	kg kg-1	Operational
4.2.0.1	114	114	Mass mixing ratio of liquid water coating on graupel expressed as mass of liquid water per unit mass of dry air	kg kg-1	Operational
4.2.0.1	115	115	Mass density of liquid water coating on snow expressed as mass of liquid water per unit volume of air	kg m-3	Operational
4.2.0.1	116	116	Specific mass of liquid water coating on snow expressed as mass of liquid water per unit mass of moist air	kg kg-1	Operational
4.2.0.1	117	117	Mass mixing ratio of liquid water coating on snow expressed as mass of liquid water per unit mass of dry air	kg kg-1	Operational
4.2.0.1	118	118	Unbalanced component of specific humidity	kg kg-1	Operational
4.2.0.1	119	119	Unbalanced component of specific cloud liquid water content	kg kg-1	Operational
4.2.0.1	120	120	Unbalanced component of specific cloud ice water content	kg kg-1	Operational
4.2.0.1	121	121	Fraction of snow cover	Proportion	Operational
4.2.0.1	122	122	Precipitation intensity index	(Code table 4.247)	Operational
4.2.0.1	123	123	Dominant precipitation type	(Code table 4.201)	Operational
4.2.0.1	124	124	Presence of showers	(Code table 4.222)	Operational
4.2.0.1	125	125	Presence of blowing snow	(Code table 4.222)	Operational
4.2.0.1	126	126	Presence of blizzard	(Code table 4.222)	Operational
4.2.0.1	127	127	Ice pellets (non-water equivalent) precipitation rate	m/s	Operational
4.2.0.1	128	128	Total solid precipitation rate	kg m-2 s-1	Operational
4.2.0.1	129	129	Effective radius of cloud water	m	Operational
4.2.0.1	130	130	Effective radius of rain	m	Operational
4.2.0.1	131	131	Effective radius of cloud ice	m	Operational
4.2.0.1	132	132	Effective radius of snow	m	Operational
4.2.0.1	133	133	Effective radius of graupel	m	Operational
4.2.0.1	134	134	Effective radius of hail	m	Operational
4.2.0.1	135	135	Effective radius of subgrid liquid clouds	m	Operational
4.2.0.1	136	136	Effective radius of subgrid ice clouds	m	Operational
4.2.0.1	137	137	Effective aspect ratio of rain	-	Operational
4.2.0.1	138	138	Effective aspect ratio of cloud ice	-	Operational
4.2.0.1	139	139	Effective aspect ratio of snow	-	Operational
4.2.0.1	140	140	Effective aspect ratio of graupel	-	Operational
4.2.0.1	141	141	Effective aspect ratio of hail	-	Operational
4.2.0.1	142	142	Effective aspect ratio of subgrid ice clouds	-	Operational
4.2.0.1	143	143	Potential evaporation rate	kg m-2 s-1	Operational
4.2.0.1	144	144	Specific rain water content (convective)	kg kg-1	Operational
4.2.0.1	145	145	Specific snow water content (convective)	kg kg-1	Operational
4.2.0.1	146	146	Cloud ice precipitation rate	kg m-2 s-1	Operational
4.2.0.1	147	147	Character of precipitation	(Code table 4.249)	Operational
4.2.0.1	148	148	Snow evaporation rate	kg m-2 s-1	Operational
4.2.0.1	149	149	Cloud water mixing ratio	kg kg-1	Operational
4.2.0.1	150	150	Column integrated eastward water vapour mass flux	kg m-1 s-1	Operational
4.2.0.1	151	151	Column integrated northward water vapour mass flux	kg m-1 s-1	Operational
4.2.0.1	152	152	Column integrated eastward cloud liquid water mass flux	kg m-1 s-1	Operational
4.2.0.1	153	153	Column integrated northward cloud liquid water mass flux	kg m-1 s-1	Operational
4.2.0.1	154	154	Column integrated eastward cloud ice mass flux	kg m-1 s-1	Operational
4.2.0.1	155	155	Column integrated northward cloud ice mass flux	kg m-1 s-1	Operational
4.2.0.1	156	156	Column integrated eastward rain mass flux	kg m-1 s-1	Operational
4.2.0.1	157	157	Column integrated northward rain mass flux	kg m-1 s-1	Operational
4.2.0.1	158	158	Column integrated eastward snow mass flux	kg m-1 s-1	Operational
4.2.0.1	159	159	Column integrated northward snow mass flux	kg m-1 s-1	Operational
4.2.0.1	160	160	Column integrated divergence of water vapour mass flux	kg m-2 s-1	Operational
4.2.0.1	161	161	Column integrated divergence of cloud liquid water mass flux	kg m-2 s-1	Operational
4.2.0.1	162	162	Column integrated divergence of cloud ice mass flux	kg m-2 s-1	Operational
4.2.0.1	163	163	Column integrated divergence of rain mass flux	kg m-2 s-1	Operational
4.2.0.1	164	164	Column integrated divergence of snow mass flux	kg m-2 s-1	Operational
4.2.0.1	165	165	Column integrated divergence of total water mass flux	kg m-2 s-1	Operational
4.2.0.1	166	166	Column integrated water vapour flux	kg m-2 s-1	Operational
4.2.0.1	167	167	Total column supercooled liquid water	kg m-2	Operational
4.2.0.1	168	168	Saturation specific humidity with respect to water	kg m-3	Operational
4.2.0.1	169	169	Total column integrated saturation specific humidity with respect to water	kg m-2	Operational
4.2.0.1	170	170	Mean mass diameter of hail	m	Operational
4.2.0.1	171	171	Estimated maximum diameter of hail	m	Operational
4.2.0.1	172	191	Reserved		Operational
4.2.0.1	192	254	Reserved for local use		Operational
4.2.0.1	255	255	Missing		Operational
4.2.0.20	0	0	Mass density (concentration)	kg m-3	Operational
4.2.0.20	1	1	Column-integrated mass density	kg m-2	Operational
4.2.0.20	2	2	Mass mixing ratio (mass fraction in air)	kg/kg	Operational
4.2.0.20	3	3	Atmosphere emission mass flux	kg m-2 s-1	Operational
4.2.0.20	4	4	Atmosphere net production mass flux	kg m-2 s-1	Operational
4.2.0.20	5	5	Atmosphere net production and emission mass flux	kg m-2 s-1	Operational
4.2.0.20	6	6	Surface dry deposition mass flux	kg m-2 s-1	Operational
4.2.0.20	7	7	Surface wet deposition mass flux	kg m-2 s-1	Operational
4.2.0.20	8	8	Atmosphere re-emission mass flux	kg m-2 s-1	Operational
4.2.0.20	9	9	Wet deposition by large-scale precipitation mass flux	kg m-2 s-1	Operational
4.2.0.20	10	10	Wet deposition by convective precipitation mass flux	kg m-2 s-1	Operational
4.2.0.20	11	11	Sedimentation mass flux	kg m-2 s-1	Operational
4.2.0.20	12	12	Dry deposition mass flux	kg m-2 s-1	Operational
4.2.0.20	13	13	Transfer from hydrophobic to hydrophilic	kg kg-1 s-1	Operational
4.2.0.20	14	14	Transfer from SO2 (sulphur dioxide) to SO4 (sulphate)	kg kg-1 s-1	Operational
4.2.0.20	15	15	Dry deposition velocity	m/s	Operational
4.2.0.20	16	16	Mass mixing ratio with respect to dry air	kg/kg	Operational
4.2.0.20	17	17	Mass mixing ratio with respect to wet air	kg/kg	Operational
4.2.0.20	18	18	Potential of hydrogen (pH)	pH	Operational
4.2.0.20	19	19	Loss rate due to reaction with hydroxyl radical (OH)	kg kg-1 s-1	Operational
4.2.0.20	20	20	Photolysis rate	s-1	Operational
4.2.0.20	21	21	Emisssion potential	kg m-2 s-1	Operational
4.2.0.20	22	49	Reserved		Operational
4.2.0.20	50	50	Amount in atmosphere	mol	Operational
4.2.0.20	51	51	Concentration in air	mol m-3	Operational
4.2.0.20	52	52	Volume mixing ratio (fraction in air)	mol/mol	Operational
4.2.0.20	53	53	Chemical gross production rate of concentration	mol m-3 s-1	Operational
4.2.0.20	54	54	Chemical gross destruction rate of concentration	mol m-3 s-1	Operational
4.2.0.20	55	55	Surface flux	mol m-2 s-1	Operational
4.2.0.20	56	56	Changes of amount in atmosphere	mol/s	Operational
4.2.0.20	57	57	Total yearly average burden of the atmosphere	mol	Operational
4.2.0.20	58	58	Total yearly averaged atmospheric loss	mol/s	Operational
4.2.0.20	59	59	Aerosol number concentration	m-3	Operational
4.2.0.20	60	60	Aerosol specific number concentration	kg-1	Operational
4.2.0.20	61	61	Maximum of mass density in layer	kg m-3	Operational
4.2.0.20	62	62	Height of maximum mass density	m	Operational
4.2.0.20	63	63	Column-averaged mass density in layer	kg m-3	Operational
4.2.0.20	64	64	Mole fraction with respect to dry air	mol/mol	Operational
4.2.0.20	65	65	Mole fraction with respect to wet air	mol/mol	Operational
4.2.0.20	66	66	Column-integrated in-cloud scavenging rate by precipitation	kg m-2 s-1	Operational
4.2.0.20	67	67	Column-integrated below-cloud scavenging rate by precipitation	kg m-2 s-1	Operational
4.2.0.20	68	68	Column-integrated release rate from evaporating precipitation	kg m-2 s-1	Operational
4.2.0.20	69	69	Column-integrated in-cloud scavenging rate by large-scale precipitation	kg m-2 s-1	Operational
4.2.0.20	70	70	Column-integrated below-cloud scavenging rate by large-scale precipitation	kg m-2 s-1	Operational
4.2.0.20	71	71	Column-integrated release rate from evaporating large-scale precipitation	kg m-2 s-1	Operational
4.2.0.20	72	72	Column-integrated in-cloud scavenging rate by convective precipitation	kg m-2 s-1	Operational
4.2.0.20	73	73	Column-integrated below-cloud scavenging rate by convective precipitation	kg m-2 s-1	Operational
4.2.0.20	74	74	Column-integrated release rate from evaporating convective precipitation	kg m-2 s-1	Operational
4.2.0.20	75	75	Wildfire flux	kg m-2 s-1	Operational
4.2.0.20	76	76	Emission rate	kg kg-1 s-1	Operational
4.2.0.20	77	77	Surface emission flux	kg m-2 s-1	Operational
4.2.0.20	78	78	Column integrated eastward mass flux	kg m-1 s-1	Operational
4.2.0.20	79	79	Column integrated northward mass flux	kg m-1 s-1	Operational
4.2.0.20	80	80	Column integrated divergence of mass flux	kg m-2 s-1	Operational
4.2.0.20	81	81	Column integrated net source	kg m-2 s-1	Operational
4.2.0.20	82	82	Sink mass flux	kg m-2 s-1	Operational
4.2.0.20	83	83	Source mass flux	kg m-2 s-1	Operational
4.2.0.20	84	84	Volume-mean total column mixing ratio	mol mol-1	Operational
4.2.0.20	85	99	Reserved		Operational
4.2.0.20	100	100	Surface area density (aerosol)	m-1	Operational
4.2.0.20	101	101	Vertical visual range	m	Operational
4.2.0.20	102	102	Aerosol optical thickness	Numeric	Operational
4.2.0.20	103	103	Single scattering albedo	Numeric	Operational
4.2.0.20	104	104	Asymmetry factor	Numeric	Operational
4.2.0.20	105	105	Aerosol extinction coefficient	m-1	Operational
4.2.0.20	106	106	Aerosol absorption coefficient	m-1	Operational
4.2.0.20	107	107	Aerosol lidar backscatter from satellite	m-1 sr-1	Operational
4.2.0.20	108	108	Aerosol lidar backscatter from the ground	m-1 sr-1	Operational
4.2.0.20	109	109	Aerosol lidar extinction from satellite	m-1	Operational
4.2.0.20	110	110	Aerosol lidar extinction from the ground	m-1	Operational
4.2.0.20	111	111	Angstrom exponent	Numeric	Operational
4.2.0.20	112	112	Absorption aerosol optical thickness	Numeric	Operational
4.2.0.20	113	113	Aerosol backscatter coefficient	m-1 sr-1	Operational
4.2.0.20	114	191	Reserved		Operational
4.2.0.20	192	254	Reserved for local use		Operational
4.2.0.20	255	255	Missing		Operational
4.2.0.21	0	0	Column integrated potential + internal energy	J m-2	Operational
4.2.0.21	1	1	Column integrated kinetic energy	J m-2	Operational
4.2.0.21	2	2	Column integrated total energy	J m-2	Operational
4.2.0.21	3	3	Column integrated enthalpy	J m-2	Operational
4.2.0.21	4	4	Column integrated water enthalpy	J m-2	Operational
4.2.0.21	5	5	Column integrated eastward enthalpy flux	W m-1	Operational
4.2.0.21	6	6	Column integrated northward enthalpy flux	W m-1	Operational
4.2.0.21	7	7	Column integrated eastward potential energy flux	W m-1	Operationaal
4.2.0.21	8	8	Column integrated northward potential energy flux	W m-1	Operational
4.2.0.21	9	9	Column integrated eastward kinetic energy flux	W m-1	Operational
4.2.0.21	10	10	Column integrated northward kinetic energy flux	W m-1	Operational
4.2.0.21	11	11	Column integrated eastward total energy flux	W m-1	Operational
4.2.0.21	12	12	Column integrated northward total energy flux	W m-1	Operational
4.2.0.21	13	13	Divergence of column integrated enthalpy flux	W m-2	Operational
4.2.0.21	14	14	Divergence of column integrated potential energy flux	W m-2	Operational
4.2.0.21	15	15	Divergence of column integrated water potential energy flux	W m-2	Operational
4.2.0.21	16	16	Divergence of column integrated kinetic energy flux	W m-2	Operational
4.2.0.21	17	17	Divergence of column integrated total energy flux	W m-2	Operational
4.2.0.21	18	18	Divergence of column integrated water enthalpy flux	W m-2	Operational
4.2.0.21	19	19	Column integrated eastward heat flux	W m-1	Operational
4.2.0.21	20	20	Column integrated northward heat flux	W m-1	Operational
4.2.0.21	21	21	Column integrated potential+internal+latent energy	J m-2	Operational
4.2.0.21	22	22	Eady growth rate	day-1	Operational
4.2.0.21	23	191	Reserved		Operational
4.2.0.21	192	254	Reserved for local use		Operational
4.2.0.21	255	255	Missing		Operational
4.2.0.22	0	0	Standard Precipitation Index (SPI)	dimensionless	Operational
4.2.0.22	1	1	Standardized Precipitation Evapotranspiration Index (SPEI)	dimensionless	Operational
4.2.0.22	2	2	Standardized Streamflow Index (SSFI)	dimensionless	Operational
4.2.0.22	3	3	Standardized Reservoir Supply Index (SRSI)	dimensionless	Operational
4.2.0.22	4	4	Standardized Water-level Index (SWI)	dimensionless	Operational
4.2.0.22	5	5	Standardized Snowmelt and Rain Index (SMRI)	dimensionless	Operational
4.2.0.22	6	6	Streamflow Drought Index (SDI)	dimensionless	Operational
4.2.0.22	7	191	Reserved		Operational
4.2.0.22	192	254	Reserved for local use		Operational
4.2.0.22	255	255	Missing		Operational
4.2.0.2	0	0	Wind direction (from which blowing)	degree true	Operational
4.2.0.2	1	1	Wind speed	m/s	Operational
4.2.0.2	2	2	u-component of wind	m/s	Operational
4.2.0.2	3	3	v-component of wind	m/s	Operational
4.2.0.2	4	4	Stream function	m2/s	Operational
4.2.0.2	5	5	Velocity potential	m2/s	Operational
4.2.0.2	6	6	Montgomery stream function	m2 s-2	Operational
4.2.0.2	7	7	Sigma coordinate vertical velocity	/s	Operational
4.2.0.2	8	8	Vertical velocity (pressure)	Pa/s	Operational
4.2.0.2	9	9	Vertical velocity (geometric)	m/s	Operational
4.2.0.2	10	10	Absolute vorticity	/s	Operational
4.2.0.2	11	11	Absolute divergence	/s	Operational
4.2.0.2	12	12	Relative vorticity	/s	Operational
4.2.0.2	13	13	Relative divergence	/s	Operational
4.2.0.2	14	14	Potential vorticity	K m2 kg-1 s-1	Operational
4.2.0.2	15	15	Vertical u-component shear	/s	Operational
4.2.0.2	16	16	Vertical v-component shear	/s	Operational
4.2.0.2	17	17	Momentum flux, u-component	N m-2	Operational
4.2.0.2	18	18	Momentum flux, v-component	N m-2	Operational
4.2.0.2	19	19	Wind mixing energy	J	Operational
4.2.0.2	20	20	Boundary layer dissipation	W m-2	Operational
4.2.0.2	21	21	Maximum wind speed	m/s	Deprecated
4.2.0.2	22	22	Wind speed (gust)	m/s	Operational
4.2.0.2	23	23	u-component of wind (gust)	m/s	Operational
4.2.0.2	24	24	v-component of wind (gust)	m/s	Operational
4.2.0.2	25	25	Vertical speed shear	/s	Operational
4.2.0.2	26	26	Horizontal momentum flux	N m-2	Operational
4.2.0.2	27	27	u-component storm motion	m/s	Operational
4.2.0.2	28	28	v-component storm motion	m/s	Operational
4.2.0.2	29	29	Drag coefficient	Numeric	Operational
4.2.0.2	30	30	Frictional velocity	m/s	Operational
4.2.0.2	31	31	Turbulent diffusion coefficient for momentum	m2/s	Operational
4.2.0.2	32	32	Eta coordinate vertical velocity	/s	Operational
4.2.0.2	33	33	Wind fetch	m	Operational
4.2.0.2	34	34	Normal wind component	m/s	Operational
4.2.0.2	35	35	Tangential wind component	m/s	Operational
4.2.0.2	36	36	Amplitude function for Rossby wave envelope for meridional wind	m/s	Operational
4.2.0.2	37	37	Northward turbulent surface stress	N m-2 s	Deprecated
4.2.0.2	38	38	Eastward turbulent surface stress	N m-2 s	Deprecated
4.2.0.2	39	39	Eastward wind tendency due to parameterization	m s-2	Operational
4.2.0.2	40	40	Northward wind tendency due to parameterization	m s-2	Operational
4.2.0.2	41	41	u-component of geostrophic wind	m s-1	Operational
4.2.0.2	42	42	v-component of geostrophic wind	m s-1	Operational
4.2.0.2	43	43	Geostrophic wind direction	degree true	Operational
4.2.0.2	44	44	Geostrophic wind speed	m s-1	Operational
4.2.0.2	45	45	Unbalanced component of divergence	s-1	Operational
4.2.0.2	46	46	Vorticity advection	s-2	Operational
4.2.0.2	47	47	Surface roughness for heat	m	Operational
4.2.0.2	48	48	Surface roughness for moisture	m	Operational
4.2.0.2	49	49	Wind stress	N m-2	Operational
4.2.0.2	50	50	Eastward wind stress	N m-2	Operational
4.2.0.2	51	51	Northward wind stress	N m-2	Operational
4.2.0.2	52	52	u-component of wind stress	N m-2	Operational
4.2.0.2	53	53	v-component of wind stress	N m-2	Operational
4.2.0.2	54	54	Natural logarithm of surface roughness length for heat	Numeric	Operational
4.2.0.2	55	55	Natural logarithm of surface roughness length for moisture	Numeric	Operational
4.2.0.2	56	56	u-component of neutral wind	m s-1	Operational
4.2.0.2	57	57	v-component of neutral wind	m s-1	Operational
4.2.0.2	58	58	Magnitude of turbulent surface stress	N m-2	Operational
4.2.0.2	59	59	Vertical divergence	s-1	Operational
4.2.0.2	60	60	Drag thermal coefficient	Numeric	Operational
4.2.0.2	61	61	Drag evaporation coefficient	Numeric	Operational
4.2.0.2	62	62	Eastward turbulent surface stress	N m-2	Operational
4.2.0.2	63	63	Northward turbulent surface stress	N m-2	Operational
4.2.0.2	64	64	Eastward turbulent surface stress due to orographic form drag	N m-2	Operational
4.2.0.2	65	65	Northward turbulent surface stress due to orographic form drag	N m-2	Operational
4.2.0.2	66	66	Eastward turbulent surface stress due to surface roughness	N m-2	Operational
4.2.0.2	67	67	Northward turbulent surface stress due to surface roughness	N m-2	Operational
4.2.0.2	68	68	Convective gust	m s-1	Operational
4.2.0.2	69	69	Turbulent gust	m s-1	Operational
4.2.0.2	70	70	Wind speed threshold for wind erosion	m s-1	Operational
4.2.0.2	71	191	Reserved		Operational
4.2.0.2	192	254	Reserved for local use		Operational
4.2.0.2	255	255	Missing		Operational
4.2.0.3	0	0	Pressure	Pa	Operational
4.2.0.3	1	1	Pressure reduced to MSL	Pa	Operational
4.2.0.3	2	2	Pressure tendency	Pa/s	Operational
4.2.0.3	3	3	ICAO Standard Atmosphere Reference Height	m	Operational
4.2.0.3	4	4	Geopotential	m2 s-2	Operational
4.2.0.3	5	5	Geopotential height	gpm	Operational
4.2.0.3	6	6	Geometric height	m	Operational
4.2.0.3	7	7	Standard deviation of height	m	Operational
4.2.0.3	8	8	Pressure anomaly	Pa	Operational
4.2.0.3	9	9	Geopotential height anomaly	gpm	Operational
4.2.0.3	10	10	Density	kg m-3	Operational
4.2.0.3	11	11	Altimeter setting	Pa	Operational
4.2.0.3	12	12	Thickness	m	Operational
4.2.0.3	13	13	Pressure altitude	m	Operational
4.2.0.3	14	14	Density altitude	m	Operational
4.2.0.3	15	15	5-wave geopotential height	gpm	Operational
4.2.0.3	16	16	Zonal flux of gravity wave stress	N m-2	Operational
4.2.0.3	17	17	Meridional flux of gravity wave stress	N m-2	Operational
4.2.0.3	18	18	Planetary boundary layer height	m	Operational
4.2.0.3	19	19	5-wave geopotential height anomaly	gpm	Operational
4.2.0.3	20	20	Standard deviation of subgrid-scale orography	m	Operational
4.2.0.3	21	21	Angle of subgrid-scale orography	rad	Operational
4.2.0.3	22	22	Slope of subgrid-scale orography	Numeric	Operational
4.2.0.3	23	23	Gravity wave dissipation	W m-2	Operational
4.2.0.3	24	24	Anisotropy of subgrid-scale orography	Numeric	Operational
4.2.0.3	25	25	Natural logarithm of pressure in Pa	Numeric	Operational
4.2.0.3	26	26	Exner pressure	Numeric	Operational
4.2.0.3	27	27	Updraught mass flux	kg m-2 s-1	Operational
4.2.0.3	28	28	Downdraught mass flux	kg m-2 s-1	Operational
4.2.0.3	29	29	Updraught detrainment rate	kg m-3 s-1	Operational
4.2.0.3	30	30	Downdraught detrainment rate	kg m-3 s-1	Operational
4.2.0.3	31	31	Unbalanced component of logarithm of surface pressure	-	Operational
4.2.0.3	32	32	Saturation water vapour pressure	Pa	Operational
4.2.0.3	33	33	Geometric altitude above mean sea level	m	Operational
4.2.0.3	34	34	Geometric height above ground level	m	Operational
4.2.0.3	35	35	Column integrated divergence of total mass flux	kg m-2 s-1	Operational
4.2.0.3	36	36	Column integrated eastward total mass flux	kg m-1 s-1	Operational
4.2.0.3	37	37	Column integrated northward total mass flux	kg m-1 s-1	Operational
4.2.0.3	38	38	Standard deviation of filtered subgrid orography	m	Operational
4.2.0.3	39	39	Column integrated mass of atmosphere	kg m-2	Operational
4.2.0.3	40	40	Column integrated eastward geopotential flux	W m-1	Operational
4.2.0.3	41	41	Column integrated northward geopotential flux	W m-1	Operational
4.2.0.3	42	42	Column integrated divergence of water geopotential flux	W m-2	Operational
4.2.0.3	43	43	Column integrated divergence of geopotential flux	W m-2	Operational
4.2.0.3	44	44	Height of zero-degree wet-bulb temperature	m	Operational
4.2.0.3	45	45	Height of one-degree wet-bulb temperature	m	Operational
4.2.0.3	46	46	Pressure departure from hydrostatic state	Pa	Operational
4.2.0.3	47	191	Reserved		Operational
4.2.0.3	192	254	Reserved for local use		Operational
4.2.0.3	255	255	Missing		Operational
4.2.0.4	0	0	Net short-wave radiation flux (surface)	W m-2	Deprecated
4.2.0.4	1	1	Net short-wave radiation flux (top of atmosphere)	W m-2	Deprecated
4.2.0.4	2	2	Short-wave radiation flux	W m-2	Deprecated
4.2.0.4	3	3	Global radiation flux	W m-2	Operational
4.2.0.4	4	4	Brightness temperature	K	Operational
4.2.0.4	5	5	Radiance (with respect to wave number)	W m-1 sr-1	Operational
4.2.0.4	6	6	Radiance (with respect to wavelength)	W m-3 sr-1	Operational
4.2.0.4	7	7	Downward short-wave radiation flux	W m-2	Operational
4.2.0.4	8	8	Upward short-wave radiation flux	W m-2	Operational
4.2.0.4	9	9	Net short wave radiation flux	W m-2	Operational
4.2.0.4	10	10	Photosynthetically active radiation	W m-2	Operational
4.2.0.4	11	11	Net short-wave radiation flux, clear sky	W m-2	Operational
4.2.0.4	12	12	Downward UV radiation	W m-2	Operational
4.2.0.4	13	13	Direct short-wave radiation flux	W m-2	Operational
4.2.0.4	14	14	Diffuse short-wave radiation flux	W m-2	Operational
4.2.0.4	15	15	Upward UV radiation emitted/reflected from the Earth's surface	W m-2	Operational
4.2.0.4	16	49	Reserved		Operational
4.2.0.4	50	50	UV index (under clear sky)	Numeric	Operational
4.2.0.4	51	51	UV index	Numeric	Operational
4.2.0.4	52	52	Downward short-wave radiation flux, clear sky	W m-2	Operational
4.2.0.4	53	53	Upward short-wave radiation flux, clear sky	W m-2	Operational
4.2.0.4	54	54	Direct normal short-wave radiation flux	W m-2	Operational
4.2.0.4	55	55	UV visible albedo for diffuse radiation	%	Operational
4.2.0.4	56	56	UV visible albedo for direct radiation	%	Operational
4.2.0.4	57	57	UV visible albedo for direct radiation, geometric component	%	Operational
4.2.0.4	58	58	UV visible albedo for direct radiation, isotropic component	%	Operational
4.2.0.4	59	59	UV visible albedo for direct radiation, volumetric component	%	Operational
4.2.0.4	60	60	Photosynthetically active radiation flux, clear sky	W m-2	Operational
4.2.0.4	61	61	Direct short-wave radiation flux, clear sky	W m-2	Operational
4.2.0.4	62	62	Direct normal short-wave radiation flux, clear sky	W m-2	Operational
4.2.0.4	63	63	Diffuse short-wave radiation flux, clear sky	W m-2	Operational
4.2.0.4	64	191	Reserved		Operational
4.2.0.4	192	254	Reserved for local use		Operational
4.2.0.4	255	255	Missing		Operational
4.2.0.5	0	0	Net long-wave radiation flux (surface)	W m-2	Deprecated
4.2.0.5	1	1	Net long-wave radiation flux (top of atmosphere)	W m-2	Deprecated
4.2.0.5	2	2	Long-wave radiation flux	W m-2	Deprecated
4.2.0.5	3	3	Downward long-wave radiation flux	W m-2	Operational
4.2.0.5	4	4	Upward long-wave radiation flux	W m-2	Operational
4.2.0.5	5	5	Net long-wave radiation flux	W m-2	Operational
4.2.0.5	6	6	Net long-wave radiation flux, clear sky	W m-2	Operational
4.2.0.5	7	7	Brightness temperature	K	Operational
4.2.0.5	8	8	Downward long-wave radiation flux, clear sky	W m-2	Operational
4.2.0.5	9	9	Near IR albedo for diffuse radiation	%	Operational
4.2.0.5	10	10	Near IR albedo for direct radiation	%	Operational
4.2.0.5	11	11	Near IR albedo for direct radiation, geometric component	%	Operational
4.2.0.5	12	12	Near IR albedo for direct radiation, isotropic component	%	Operational
4.2.0.5	13	13	Near IR albedo for direct radiation, volumetric component	%	Operational
4.2.0.5	14	191	Reserved		Operational
4.2.0.5	192	254	Reserved for local use		Operational
4.2.0.5	255	255	Missing		Operational
4.2.0.6	0	0	Cloud ice	kg m-2	Operational
4.2.0.6	1	1	Total cloud cover	%	Operational
4.2.0.6	2	2	Convective cloud cover	%	Operational
4.2.0.6	3	3	Low cloud cover	%	Operational
4.2.0.6	4	4	Medium cloud cover	%	Operational
4.2.0.6	5	5	High cloud cover	%	Operational
4.2.0.6	6	6	Cloud water	kg m-2	Operational
4.2.0.6	7	7	Cloud amount	%	Operational
4.2.0.6	8	8	Cloud type	(Code table 4.203)	Operational
4.2.0.6	9	9	Thunderstorm maximum tops	m	Operational
4.2.0.6	10	10	Thunderstorm coverage	(Code table 4.204)	Operational
4.2.0.6	11	11	Cloud base	m	Operational
4.2.0.6	12	12	Cloud top	m	Operational
4.2.0.6	13	13	Ceiling	m	Operational
4.2.0.6	14	14	Non-convective cloud cover	%	Operational
4.2.0.6	15	15	Cloud work function	J/kg	Operational
4.2.0.6	16	16	Convective cloud efficiency	Proportion	Operational
4.2.0.6	17	17	Total condensate	kg/kg	Deprecated
4.2.0.6	18	18	Total column-integrated cloud water	kg m-2	Deprecated
4.2.0.6	19	19	Total column-integrated cloud ice	kg m-2	Deprecated
4.2.0.6	20	20	Total column-integrated condensate	kg m-2	Deprecated
4.2.0.6	21	21	Ice fraction of total condensate	Proportion	Operational
4.2.0.6	22	22	Cloud cover	%	Operational
4.2.0.6	23	23	Cloud ice mixing ratio	kg/kg	Deprecated
4.2.0.6	24	24	Sunshine	Numeric	Operational
4.2.0.6	25	25	Horizontal extent of cumulonimbus (CB)	%	Operational
4.2.0.6	26	26	Height of convective cloud base	m	Operational
4.2.0.6	27	27	Height of convective cloud top	m	Operational
4.2.0.6	28	28	Number of cloud droplets per unit mass of air	/kg	Operational
4.2.0.6	29	29	Number of cloud ice particles per unit mass of air	/kg	Operational
4.2.0.6	30	30	Number density of cloud droplets	m-3	Operational
4.2.0.6	31	31	Number density of cloud ice particles	m-3	Operational
4.2.0.6	32	32	Fraction of cloud cover	Numeric	Operational
4.2.0.6	33	33	Sunshine duration	s	Operational
4.2.0.6	34	34	Surface long-wave effective total cloudiness	Numeric	Operational
4.2.0.6	35	35	Surface short-wave effective total cloudiness	Numeric	Operational
4.2.0.6	36	36	Fraction of stratiform precipitation cover	Proportion	Operational
4.2.0.6	37	37	Fraction of convective precipitation cover	Proportion	Operational
4.2.0.6	38	38	Mass density of cloud droplets	kg m-3	Operational
4.2.0.6	39	39	Mass density of cloud ice	kg m-3	Operational
4.2.0.6	40	40	Mass density of convective cloud water droplets	kg m-3	Operational
4.2.0.6	41	46	Reserved		Operational
4.2.0.6	47	47	Volume fraction of cloud water droplets	Numeric	Operational
4.2.0.6	48	48	Volume fraction of cloud ice particles	Numeric	Operational
4.2.0.6	49	49	Volume fraction of cloud (ice and/or water)	Numeric	Operational
4.2.0.6	50	50	Fog	%	Operational
4.2.0.6	51	51	Sunshine duration fraction	Proportion	Operational
4.2.0.6	52	191	Reserved		Operational
4.2.0.6	192	254	Reserved for local use		Operational
4.2.0.6	255	255	Missing		Operational
4.2.0.7	0	0	Parcel lifted index (to 500 hPa)	K	Operational
4.2.0.7	1	1	Best lifted index (to 500 hPa)	K	Operational
4.2.0.7	2	2	K index	K	Operational
4.2.0.7	3	3	KO index	K	Operational
4.2.0.7	4	4	Total totals index	K	Operational
4.2.0.7	5	5	Sweat index	Numeric	Operational
4.2.0.7	6	6	Convective available potential energy	J/kg	Operational
4.2.0.7	7	7	Convective inhibition	J/kg	Operational
4.2.0.7	8	8	Storm relative helicity	J/kg	Operational
4.2.0.7	9	9	Energy helicity index	Numeric	Operational
4.2.0.7	10	10	Surface lifted index	K	Operational
4.2.0.7	11	11	Best (4-layer) lifted index	K	Operational
4.2.0.7	12	12	Richardson number	Numeric	Operational
4.2.0.7	13	13	Showalter index	K	Operational
4.2.0.7	14	14	Reserved		Operational
4.2.0.7	15	15	Updraught helicity	m2 s-2	Operational
4.2.0.7	16	16	Bulk Richardson number	Numeric	Operational
4.2.0.7	17	17	Gradient Richardson number	Numeric	Operational
4.2.0.7	18	18	Flux Richardson number	Numeric	Operational
4.2.0.7	19	19	Convective available potential energy - shear	m2 s-2	Operational
4.2.0.7	20	20	Thunderstorm intensity index	(Code table 4.246)	Operational
4.2.0.7	21	21	Storm severity index	Numeric	Operational
4.2.0.7	22	22	Reciprocal Obukhov length	m-1	Operational
4.2.0.7	23	23	Storm relative helicity – right moving storm	J/kg	Operational
4.2.0.7	24	24	Storm relative helicity – left moving storm	J/kg	Operational
4.2.0.7	25	25	Effective storm relative helicity – mean flow	J/kg	Operational
4.2.0.7	26	26	Effective storm relative helicity – right moving storm	J/kg	Operational
4.2.0.7	27	27	Effective storm relative helicity – left moving storm	J/kg	Operational
4.2.0.7	28	191	Reserved		Operational
4.2.0.7	192	254	Reserved for local use		Operational
4.2.0.7	255	255	Missing		Operational
4.2.10.0	0	0	Wave spectra (1)	-	Operational
4.2.10.0	1	1	Wave spectra (2)	-	Operational
4.2.10.0	2	2	Wave spectra (3)	-	Operational
4.2.10.0	3	3	Significant height of combined wind waves and swell	m	Operational
4.2.10.0	4	4	Direction of wind waves	degree true	Operational
4.2.10.0	5	5	Significant height of wind waves	m	Operational
4.2.10.0	6	6	Mean period of wind waves	s	Operational
4.2.10.0	7	7	Direction of swell waves	degree true	Operational
4.2.10.0	8	8	Significant height of swell waves	m	Operational
4.2.10.0	9	9	Mean period of swell waves	s	Operational
4.2.10.0	10	10	Primary wave direction	degree true	Operational
4.2.10.0	11	11	Primary wave mean period	s	Operational
4.2.10.0	12	12	Secondary wave direction	degree true	Operational
4.2.10.0	13	13	Secondary wave mean period	s	Operational
4.2.10.0	14	14	Mean direction of combined wind waves and swell	degree true	Operational
4.2.10.0	15	15	Mean period of combined wind waves and swell	s	Operational
4.2.10.0	16	16	Coefficient of drag with waves	-	Operational
4.2.10.0	17	17	Friction velocity	m/s	Operational
4.2.10.0	18	18	Wave stress	N m-2	Operational
4.2.10.0	19	19	Normalized wave stress	-	Operational
4.2.10.0	20	20	Mean square slope of waves	-	Operational
4.2.10.0	21	21	u-component surface Stokes drift	m/s	Operational
4.2.10.0	22	22	v-component surface Stokes drift	m/s	Operational
4.2.10.0	23	23	Period of maximum individual wave height	s	Operational
4.2.10.0	24	24	Maximum individual wave height	m	Operational
4.2.10.0	25	25	Inverse mean wave frequency	s	Operational
4.2.10.0	26	26	Inverse mean frequency of wind waves	s	Operational
4.2.10.0	27	27	Inverse mean frequency of total swell	s	Operational
4.2.10.0	28	28	Mean zero-crossing wave period	s	Operational
4.2.10.0	29	29	Mean zero-crossing period of wind waves	s	Operational
4.2.10.0	30	30	Mean zero-crossing period of total swell	s	Operational
4.2.10.0	31	31	Wave directional width	-	Operational
4.2.10.0	32	32	Directional width of wind waves	-	Operational
4.2.10.0	33	33	Directional width of total swell	-	Operational
4.2.10.0	34	34	Peak wave period	s	Operational
4.2.10.0	35	35	Peak period of wind waves	s	Operational
4.2.10.0	36	36	Peak period of total swell	s	Operational
4.2.10.0	37	37	Altimeter wave height	m	Operational
4.2.10.0	38	38	Altimeter corrected wave height	m	Operational
4.2.10.0	39	39	Altimeter range relative correction	-	Operational
4.2.10.0	40	40	10-metre neutral wind speed over waves	m/s	Operational
4.2.10.0	41	41	10-metre wind direction over waves	deg	Operational
4.2.10.0	42	42	Wave energy spectrum	m2 s rad-1	Operational
4.2.10.0	43	43	Kurtosis of the sea-surface elevation due to waves	-	Operational
4.2.10.0	44	44	Benjamin-Feir index	-	Operational
4.2.10.0	45	45	Spectral peakedness factor	/s	Operational
4.2.10.0	46	46	Peak wave direction	deg	Operational
4.2.10.0	47	47	Significant wave height of first swell partition	m	Operational
4.2.10.0	48	48	Significant wave height of second swell partition	m	Operational
4.2.10.0	49	49	Significant wave height of third swell partition	m	Operational
4.2.10.0	50	50	Mean wave period of first swell partition	s	Operational
4.2.10.0	51	51	Mean wave period of second swell partition	s	Operational
4.2.10.0	52	52	Mean wave period of third swell partition	s	Operational
4.2.10.0	53	53	Mean wave direction of first swell partition	deg	Operational
4.2.10.0	54	54	Mean wave direction of second swell partition	deg	Operational
4.2.10.0	55	55	Mean wave direction of third swell partition	deg	Operational
4.2.10.0	56	56	Wave directional width of first swell partition	-	Operational
4.2.10.0	57	57	Wave directional width of second swell partition	-	Operational
4.2.10.0	58	58	Wave directional width of third swell partition	-	Operational
4.2.10.0	59	59	Wave frequency width of first swell partition	-	Operational
4.2.10.0	60	60	Wave frequency width of second swell partition	-	Operational
4.2.10.0	61	61	Wave frequency width of third swell partition	-	Operational
4.2.10.0	62	62	Wave frequency width	-	Operational
4.2.10.0	63	63	Frequency width of wind waves	-	Operational
4.2.10.0	64	64	Frequency width of total swell	-	Operational
4.2.10.0	65	65	Peak wave period of first swell partition	s	Operational
4.2.10.0	66	66	Peak wave period of second swell partition	s	Operational
4.2.10.0	67	67	Peak wave period of third swell partition	s	Operational
4.2.10.0	68	68	Peak wave direction of first swell partition	degree true	Operational
4.2.10.0	69	69	Peak wave direction of second swell partition	degree true	Operational
4.2.10.0	70	70	Peak wave direction of third swell partition	degree true	Operational
4.2.10.0	71	71	Peak direction of wind waves	degree true	Operational
4.2.10.0	72	72	Peak direction of total swell	degree true	Operational
4.2.10.0	73	73	Whitecap fraction	fraction	Operational
4.2.10.0	74	74	Mean direction of total swell	degree	Operational
4.2.10.0	75	75	Mean direction of wind waves	degree	Operational
4.2.10.0	76	76	Charnock	Numeric	Operational
4.2.10.0	77	77	Wave Spectral Skewness	Numeric	Operational
4.2.10.0	78	78	Wave energy flux magnitude	W m-1	Operational
4.2.10.0	79	79	Wave energy flux mean direction	degree true	Operational
4.2.10.0	80	80	Ratio of wave angular and frequency width	Numeric	Operational
4.2.10.0	81	81	Free convective velocity over the oceans	m s-1	Operational
4.2.10.0	82	82	Air density over the oceans	kg m-3	Operational
4.2.10.0	83	83	Normalized energy flux into waves	Numeric	Operational
4.2.10.0	84	84	Normalized stress into ocean	Numeric	Operational
4.2.10.0	85	85	Normalized energy flux into ocean	Numeric	Operational
4.2.10.0	86	86	Surface elevation variance due to waves (over all frequencies and directions)	m2 s rad-1	Operational
4.2.10.0	87	87	Wave induced mean sea level correction	m	Operational
4.2.10.0	88	88	Spectral width index	Numeric	Operational
4.2.10.0	89	89	Number of events in freak waves statistics	Numeric	Operational
4.2.10.0	90	90	u-component of surface momentum flux into ocean	N m-2	Operational
4.2.10.0	91	91	v-component of surface momentum flux into ocean	N m-2	Operational
4.2.10.0	92	92	Wave turbulent energy flux into ocean	W m-2	Operational
4.2.10.0	93	93	Envelop maximum individual wave height	m	Operational
4.2.10.0	94	94	Time domain maximum individual crest height	m	Operational
4.2.10.0	95	95	Time domain maximum individual wave height	m	Operational
4.2.10.0	96	96	Space time maximum individual crest height	m	Operational
4.2.10.0	97	97	Space time maximum individual wave height	m	Operational
4.2.10.0	98	98	Goda peakedness factor	Numeric	Operational
4.2.10.0	99	99	Benjamin-Feir index 2D (BFI2D)	Numeric	Operational
4.2.10.0	100	100	Crest-trough correlation	Numeric	Operational
4.2.10.0	101	101	X component of the wave radiative stress to sea-ice	N m-2	Operational
4.2.10.0	102	102	Y component of the wave radiative stress to sea-ice	N m-2	Operational
4.2.10.0	103	103	u-component of atmospheric surface momentum flux	N m-2	Operational
4.2.10.0	104	104	v-component of atmospheric surface momentum flux	N m-2	Operational
4.2.10.0	105	191	Reserved		Operational
4.2.10.0	192	254	Reserved for local use		Operational
4.2.10.0	255	255	Missing		Operational
4.2.10.191	0	0	Seconds prior to initial reference time (defined in Section 1)	s	Operational
4.2.10.191	1	1	Meridional overturning stream function	m3/s	Operational
4.2.10.191	2	2	Reserved		Operational
4.2.10.191	3	3	Days since last observation	d	Operational
4.2.10.191	4	4	Barotropic stream function	m3 s-1	Operational
4.2.10.191	5	191	Reserved		Operational
4.2.10.191	192	254	Reserved for local use		Operational
4.2.10.191	255	255	Missing		Operational
4.2.10.1	0	0	Current direction	degree true	Operational
4.2.10.1	1	1	Current speed	m/s	Operational
4.2.10.1	2	2	u-component of current	m/s	Operational
4.2.10.1	3	3	v-component of current	m/s	Operational
4.2.10.1	4	4	Rip current occurrence probability	%	Operational
4.2.10.1	5	5	Eastward current	m s-1	Operational
4.2.10.1	6	6	Northward current	m s-1	Operational
4.2.10.1	7	191	Reserved		Operational
4.2.10.1	192	254	Reserved for local use		Operational
4.2.10.1	255	255	Missing		Operational
4.2.10.2	0	0	Ice cover	Proportion	Operational
4.2.10.2	1	1	Ice thickness	m	Operational
4.2.10.2	2	2	Direction of ice drift	degree true	Operational
4.2.10.2	3	3	Speed of ice drift	m/s	Operational
4.2.10.2	4	4	u-component of ice drift	m/s	Operational
4.2.10.2	5	5	v-component of ice drift	m/s	Operational
4.2.10.2	6	6	Ice growth rate	m/s	Operational
4.2.10.2	7	7	Ice divergence	/s	Operational
4.2.10.2	8	8	Ice temperature	K	Operational
4.2.10.2	9	9	Module of ice internal pressure	Pa m	Operational
4.2.10.2	10	10	Zonal vector component of vertically integrated ice internal pressure	Pa m	Operational
4.2.10.2	11	11	Meridional vector component of vertically integrated ice internal pressure	Pa m	Operational
4.2.10.2	12	12	Compressive ice strength	N/m	Operational
4.2.10.2	13	13	Snow temperature (over sea ice)	K	Operational
4.2.10.2	14	14	Albedo	Numeric	Operational
4.2.10.2	15	15	Sea ice volume per unit area	m3 m-2	Operational
4.2.10.2	16	16	Snow volume over sea ice per unit area	m3 m-2	Operational
4.2.10.2	17	17	Sea ice heat content	J m-2	Operational
4.2.10.2	18	18	Snow over sea ice heat content	J m-2	Operational
4.2.10.2	19	19	Ice freeboard thickness	m	Operational
4.2.10.2	20	20	Ice melt pond fraction	fraction	Operational
4.2.10.2	21	21	Ice melt pond depth	m	Operational
4.2.10.2	22	22	Ice melt pond volume per unit area	m3 m-2	Operational
4.2.10.2	23	23	Sea ice fraction tendency due to parameterization	s-1	Operational
4.2.10.2	24	24	x-component of ice drift	m s-1	Operational
4.2.10.2	25	25	y-component of ice drift	m s-1	Operational
4.2.10.2	26	26	Sea ice salinity	g kg-1	operational
4.2.10.2	27	27	Freezing/melting potential	W m-2	Operational
4.2.10.2	28	28	Melt onset date	Numeric	Operational
4.2.10.2	29	29	Freeze onset date	Numeric	Operational
4.2.10.2	30	30	Sea-ice breakup memory	Numeric	Oprational
4.2.10.2	31	31	Downward short-wave radiation flux	W m-2	Operational
4.2.10.2	32	191	Reserved		Operational
4.2.10.2	192	254	Reserved for local use		Operational
4.2.10.2	255	255	Missing		Operational
4.2.10.3	0	0	Water temperature	K	Operational
4.2.10.3	1	1	Deviation of sea level from mean	m	Operational
4.2.10.3	2	2	Heat exchange coefficient	-	Operational
4.2.10.3	3	3	Practical salinity	Numeric	Operational
4.2.10.3	4	4	Downward heat flux	W m-2	Operational
4.2.10.3	5	5	Eastward surface stress	N m-2	Operational
4.2.10.3	6	6	Northward surface stress	N m-2	Operational
4.2.10.3	7	7	x-component surface stress	N m-2	Operational
4.2.10.3	8	8	y-component surface stress	N m-2	Operational
4.2.10.3	9	9	Thermosteric change in sea surface height	m	Operational
4.2.10.3	10	10	Halosteric change in sea surface height	m	Operational
4.2.10.3	11	11	Steric change in sea surface height	m	Operational
4.2.10.3	12	12	Sea salt flux	kg m-2 s-1	Operational
4.2.10.3	13	13	Net upward water flux	kg m-2 s-1	Operational
4.2.10.3	14	14	Eastward surface water velocity	m s-1	Operational
4.2.10.3	15	15	Northward surface water velocity	m s-1	Operational
4.2.10.3	16	16	x-component of surface water velocity	m s-1	Operational
4.2.10.3	17	17	y-component of surface water velocity	m s-1	Operational
4.2.10.3	18	18	Heat flux correction	W m-2	Operational
4.2.10.3	19	19	Sea surface height tendency due to parameterization	m s-1	Operational
4.2.10.3	20	20	Deviation of sea level from mean with inverse barometer correction	m	Operational
4.2.10.3	21	21	Salinity	kg kg-1	Operational
4.2.10.3	22	22	Downward short-wave radiation flux	W m-2	Operational
4.2.10.3	23	191	Reserved		Operational
4.2.10.3	192	254	Reserved for local use		Operational
4.2.10.3	255	255	Missing		Operational
4.2.10.4	0	0	Main thermocline depth	m	Operational
4.2.10.4	1	1	Main thermocline anomaly	m	Operational
4.2.10.4	2	2	Transient thermocline depth	m	Operational
4.2.10.4	3	3	Salinity	kg/kg	Operational
4.2.10.4	4	4	Ocean vertical heat diffusivity	m2/s	Operational
4.2.10.4	5	5	Ocean vertical salt diffusivity	m2/s	Operational
4.2.10.4	6	6	Ocean vertical momentum diffusivity	m2/s	Operational
4.2.10.4	7	7	Bathymetry	m	Operational
4.2.10.4	8	10	Reserved		Operational
4.2.10.4	11	11	Shape factor with respect to salinity profile	-	Operational
4.2.10.4	12	12	Shape factor with respect to temperature profile in thermocline	-	Operational
4.2.10.4	13	13	Attenuation coefficient of water with respect to solar radiation	/m	Operational
4.2.10.4	14	14	Water depth	m	Operational
4.2.10.4	15	15	Water temperature	K	Operational
4.2.10.4	16	16	Water density (rho)	kg m-3	Operational
4.2.10.4	17	17	Water density anomaly (sigma)	kg m-3	Deprecated
4.2.10.4	18	18	Water potential temperature (theta)	K	Operational
4.2.10.4	19	19	Water potential density (rho theta)	kg m-3	Operational
4.2.10.4	20	20	Water potential density anomaly (sigma theta)	kg m-3	Operational
4.2.10.4	21	21	Practical salinity	Numeric	Operational
4.2.10.4	22	22	Water column-integrated heat content	J m-2	Operational
4.2.10.4	23	23	Eastward water velocity	m s-1	Operational
4.2.10.4	24	24	Northward water velocity	m s-1	Operational
4.2.10.4	25	25	x-component water velocity	m s-1	Operational
4.2.10.4	26	26	y-component water velocity	m s-1	Operational
4.2.10.4	27	27	Upward water velocity	m s-1	Operational
4.2.10.4	28	28	Vertical eddy diffusivity	m2 s-1	Operational
4.2.10.4	29	29	Bottom pressure equivalent height	m	Operational
4.2.10.4	30	30	Fresh water flux into sea water from rivers	kg m-2 s-1	Operational
4.2.10.4	31	31	Fresh water flux correction	kg m-2 s-1	Operational
4.2.10.4	32	32	Virtual salt flux into sea water	g kg-1 m-2 s-1	Operational
4.2.10.4	33	33	Virtual salt flux correction	g kg-1 m-2 s-1	Operational
4.2.10.4	34	34	Seawater temperature tendency due to Newtonian relaxation	K s-1	Operational
4.2.10.4	35	35	Seawater salinity tendency due to Newtonian relaxation	g kg-1 s-1	Operational
4.2.10.4	36	36	Seawater temperature tendency due to parameterization	K s-1	Operational
4.2.10.4	37	37	Seawater salinity tendency due to parameterization	g kg-1 s-1	Operational
4.2.10.4	38	38	Eastward sea water velocity tendency due to parameterization	m s-2	Operational
4.2.10.4	39	39	Northward sea water velocity tendency due to parameterization	m s-2	Operational
4.2.10.4	40	40	Seawater temperature tendency due to direct bias correction	K s-1	Operational
4.2.10.4	41	41	Seawater salinity tendency due to direct bias correction	g kg-1 s-1	Operational
4.2.10.4	42	42	Seawater meridional volume transport	m3 m-2 s-1	Operational
4.2.10.4	43	43	Seawater zonal volume transport	m3 m-2 s-1	Operational
4.2.10.4	44	44	Seawater column integrated meridional volume transport	m3 m-1 s-1	Operational
4.2.10.4	45	45	Seawater column integrated zonal volume transport	m3 m-1 s-1	Operational
4.2.10.4	46	46	Seawater meridional mass transport	kg m-2 s-1	Operational
4.2.10.4	47	47	Seawater zonal mass transport	kg m-2 s-1	Operational
4.2.10.4	48	48	Seawater column integrated meridional mass transport	kg m-1 s-1	Operational
4.2.10.4	49	49	Seawater column integrated zonal mass transport	kg m-1 s-1	Operational
4.2.10.4	50	50	Seawater column integrated practical salinity	g kg-1 m	Operational
4.2.10.4	51	51	Seawater column integrated salinity	kg kg-1 m	Operational
4.2.10.4	52	52	Mixed layer depth	m	Operational
4.2.10.4	53	53	Normal component of water velocity	m s-1	Operational
4.2.10.4	54	54	Tangential component of water velocity	m s-1	Operational
4.2.10.4	55	55	Sea water upward volume transport	m3 m-2 s-1	Operational
4.2.10.4	56	56	Sea water upward mass transport	kg m-2 s-1	Operational
4.2.10.4	57	57	Sea water age since surface contact	s	Operational
4.2.10.4	58	58	Sea water downward short-wave radiation flux	W m-2	Operational
4.2.10.4	59	191	Reserved		Operational
4.2.10.4	192	254	Reserved for local use		Operational
4.2.10.4	255	255	Missing		Operational
4.2.191.0	0	0	Stochastically Perturbed Parametrization Tendency (SPPT)	Numeric	Operational
4.2.191.0	1	1	Stochastically Perturbed Parameterizations (SPP)	Numeric	Operational
4.2.191.0	2	2	Stochastic Kinetic Energy Backscatter (SKEB)	Numeric	Operational
4.2.191.0	3	3	Stochastic Trigger of Convection (STC)	Numeric	Operational
4.2.191.0	4	4	Stochastic boundary-layer Humidity (SHUM)	Numeric	Operational
4.2.191.0	5	5	Stochastic Total Tendency Perturbations (STTP)	Numeric	Operational
4.2.191.0	6	191	Reserved		Operational
4.2.191.0	192	254	Reserved for local use		Operational
4.2.191.0	255	255	Missing		Operational
4.2.1.0	0	0	Flash flood guidance (Encoded as an accumulation over a floating subinterval of time between the reference time and valid time)	kg m-2	Operational
4.2.1.0	1	1	Flash flood runoff (Encoded as an accumulation over a floating subinterval of time)	kg m-2	Operational
4.2.1.0	2	2	Remotely-sensed snow cover	(Code table 4.215)	Operational
4.2.1.0	3	3	Elevation of snow-covered terrain	(Code table 4.216)	Operational
4.2.1.0	4	4	Snow water equivalent per cent of normal	%	Operational
4.2.1.0	5	5	Baseflow-groundwater runoff	kg m-2	Operational
4.2.1.0	6	6	Storm surface runoff	kg m-2	Operational
4.2.1.0	7	7	Discharge from rivers or streams	m3/s	Operational
4.2.1.0	8	8	Groundwater upper storage	kg m-2	Operational
4.2.1.0	9	9	Groundwater lower storage	kg m-2	Operational
4.2.1.0	10	10	Side flow into river channel	m3 s-1 m-1	Operational
4.2.1.0	11	11	River storage of water	m3	Operational
4.2.1.0	12	12	Floodplain storage of water	m3	Operational
4.2.1.0	13	13	Water on soil surface	kg m-2	Operational
4.2.1.0	14	14	Upstream accumulated precipitation	kg m-2	Operational
4.2.1.0	15	15	Upstream accumulated snow melt	kg m-2	Operational
4.2.1.0	16	16	Percolation rate	kg m-2 s-1	Operational
4.2.1.0	17	17	River outflow of water	m3 s-1	Operational
4.2.1.0	18	18	Floodplain outflow of water	m3 s-1	Operational
4.2.1.0	19	19	Floodpath outflow of water	m3 s-1	Operational
4.2.1.0	20	20	Water on surface	kg m-2	Operational
4.2.1.0	21	21	Water surface elevation	m	Operational
4.2.1.0	22	22	Groundwater return flow rate	m3 s-1	Operational
4.2.1.0	23	23	River and floodplain storage	m3	Operational
4.2.1.0	24	24	Depth averaged river velocity	m s-1	Operational
4.2.1.0	25	191	Reserved		Operational
4.2.1.0	192	254	Reserved for local use		Operational
4.2.1.0	255	255	Missing		Operational
4.2.1.1	0	0	Conditional per cent precipitation amount fractile for an overall period (Encoded as an accumulation)	kg m-2	Operational
4.2.1.1	1	1	Per cent precipitation in a sub-period of an overall period (Encoded as per cent accumulation over the sub-period)	%	Operational
4.2.1.1	2	2	Probability of 0.01 inch of precipitation (POP)	%	Operational
4.2.1.1	3	191	Reserved		Operational
4.2.1.1	192	254	Reserved for local use		Operational
4.2.1.1	255	255	Missing		Operational
4.2.1.2	0	0	Water depth	m	Operational
4.2.1.2	1	1	Water temperature	K	Operational
4.2.1.2	2	2	Water fraction	Proportion	Operational
4.2.1.2	3	3	Sediment thickness	m	Operational
4.2.1.2	4	4	Sediment temperature	K	Operational
4.2.1.2	5	5	Ice thickness	m	Operational
4.2.1.2	6	6	Ice temperature	K	Operational
4.2.1.2	7	7	Ice cover	Proportion	Operational
4.2.1.2	8	8	Land cover (0 = water, 1 = land)	Proportion	Operational
4.2.1.2	9	9	Shape factor with respect to salinity profile	-	Operational
4.2.1.2	10	10	Shape factor with respect to temperature profile in thermocline	-	Operational
4.2.1.2	11	11	Attenuation coefficient of water with respect to solar radiation	m-1	Operational
4.2.1.2	12	12	Salinity	kg/kg	Operational
4.2.1.2	13	13	Cross-sectional area of flow in channel	m2	Operational
4.2.1.2	14	14	Snow temperature	K	Operational
4.2.1.2	15	15	Lake depth	m	Operational
4.2.1.2	16	16	River depth	m	Operational
4.2.1.2	17	17	Floodplain depth	m	Operational
4.2.1.2	18	18	Floodplain flooded fraction	proportion	Operational
4.2.1.2	19	19	Floodplain flooded area	m2	Operational
4.2.1.2	20	20	River fraction	proportion	Operational
4.2.1.2	21	21	River area	m2	Operational
4.2.1.2	22	22	Fraction of river coverage plus river related flooding	proportion	Operational
4.2.1.2	23	23	Area of river coverage plus river related flooding	m2	Operational
4.2.1.2	24	191	Reserved		Operational
4.2.1.2	192	254	Reserved for local use		Operational
4.2.1.2	255	255	Missing		Operational
4.2.20.0	0	0	Universal thermal climate index	K	Operational
4.2.20.0	1	1	Mean radiant temperature	K	Operational
4.2.20.0	2	2	Wet-bulb globe temperature	K	Operational
4.2.20.0	3	3	Globe temperature	K	Operational
4.2.20.0	4	4	Humidex	K	Operational
4.2.20.0	5	5	Effective temperature	K	Operational
4.2.20.0	6	6	Normal effective temperature	K	Operational
4.2.20.0	7	7	Standard effective temperature	K	Operational
4.2.20.0	8	8	Physiological equivalent temperature	K	Operational
4.2.20.0	9	9	UV biologically effective dose	W m-2	Operational
4.2.20.0	10	10	UV biologically effective dose, clear-sky	W m-2	Operational
4.2.20.0	11	11	Excess heat factor	K2	Operational
4.2.20.0	12	12	Excess cold factor	K2	Operational
4.2.20.0	13	191	Reserved		Operational
4.2.20.0	192	254	Reserved for local use		Operational
4.2.20.0	255	255	Missing		Operational
4.2.20.1	0	0	Malaria cases	Fraction	Operational
4.2.20.1	1	1	Malaria circumsporozoite protein rate	Fraction	Operational
4.2.20.1	2	2	Plasmodium falciparum entomological inoculation rate	Bites per day per person	Operational
4.2.20.1	3	3	Human bite rate by anopheles vectors	Bites per day per person	Operational
4.2.20.1	4	4	Malaria immunity	Fraction	Operational
4.2.20.1	5	5	Falciparum parasite rates	Fraction	Operational
4.2.20.1	6	6	Detectable falciparum parasite ratio (after day 10)	Fraction	Operational
4.2.20.1	7	7	Anopheles vector to host ratio	Fraction	Operational
4.2.20.1	8	8	Anopheles vector number	Number m-2	Operational
4.2.20.1	9	9	Fraction of malarial vector reproductive habitat	Fraction	Operational
4.2.20.1	10	191	Reserved		Operational
4.2.20.1	192	254	Reserved for local use		Operational
4.2.20.1	255	255	Missing		Operational
4.2.20.2	0	0	Population density	Person m-2	Operational
4.2.20.2	1	191	Reserved		Operational
4.2.20.2	192	254	Reserved for local use		Operational
4.2.20.2	255	255	Missing		Operational
4.2.20.3	0	0	Renewable power capacity	W	Operational
4.2.20.3	1	1	Renewable power production rate	W	Operational
4.2.20.3	2	2	Wind power capacity	W	Operational
4.2.20.3	3	3	Wind power production rate	W	Operational
4.2.20.3	4	4	Solar photovoltaic (PV) power capacity	W	Operational
4.2.20.3	5	5	Solar photovoltaic (PV) power production rate	W	Operational
4.2.20.3	6	6	Solar non-photovoltaic (PV) power capacity	W	Operational
4.2.20.3	7	7	Solar non-photovoltaic (PV) power production rate	W	Operational
4.2.20.3	8	8	Concentrated solar power (CSP) power capacity	W	Operational
4.2.20.3	9	9	Concentrated solar power (CSP) power production rate	W	Operational
4.2.20.3	10	191	Reserved		Operational
4.2.20.3	192	254	Reserved for local use		Operational
4.2.20.3	255	255	Missing		Operational
4.2.20.4	0	0	Reserved	-	Operational
4.2.20.4	1	1	Downburst	Code table 4.253	Operational
4.2.20.4	2	2	Lightning (electrical storm)	Code table 4.253	Operational
4.2.20.4	3	3	Thunderstorm	Code table 4.253	Operational
4.2.20.4	4	4	Coastal flood	Code table 4.253	Operational
4.2.20.4	5	5	Estuarine (coastal) flood	Code table 4.253	Operational
4.2.20.4	6	6	Flash flood	Code table 4.253	Operational
4.2.20.4	7	7	Fluvial (riverine) flood	Code table 4.253	Operational
4.2.20.4	8	8	Groundwater flood	Code table 4.253	Operational
4.2.20.4	9	9	Ice-jam flood including debris	Code table 4.253	Operational
4.2.20.4	10	10	Ponding (drainage) flood	Code table 4.253	Operational
4.2.20.4	11	11	Snowmelt flood	Code table 4.253	Operational
4.2.20.4	12	12	Surface water flooding	Code table 4.253	Operational
4.2.20.4	13	13	Glacial lake outburst flood	Code table 4.253	Operational
4.2.20.4	14	14	Black carbon (brown clouds)	Code table 4.253	Operational
4.2.20.4	15	15	Dust storm or sandstorm	Code table 4.253	Operational
4.2.20.4	16	16	Fog	Code table 4.253	Operational
4.2.20.4	17	17	Haze	Code table 4.253	Operational
4.2.20.4	18	18	Polluted air	Code table 4.253	Operational
4.2.20.4	19	19	Sand haze	Code table 4.253	Operational
4.2.20.4	20	20	Smoke	Code table 4.253	Operational
4.2.20.4	21	21	Ocean acidification	Code table 4.253	Operational
4.2.20.4	22	22	Rogue wave	Code table 4.253	Operational
4.2.20.4	23	23	Sea water intrusion	Code table 4.253	Operational
4.2.20.4	24	24	Sea ice (ice bergs)	Code table 4.253	Operational
4.2.20.4	25	25	Ice flow	Code table 4.253	Operational
4.2.20.4	26	26	Seiche	Code table 4.253	Operational
4.2.20.4	27	27	Storm surge	Code table 4.253	Operational
4.2.20.4	28	28	Storm tides	Code table 4.253	Operational
4.2.20.4	29	29	Tsunami	Code table 4.253	Operational
4.2.20.4	30	30	Depression or cyclone (low pressure area) (pressure-related)	Code table 4.253	Operational
4.2.20.4	31	31	Extra-tropical cyclone (pressure-related)	Code table 4.253	Operational
4.2.20.4	32	32	Sub-tropical cyclone (pressure-related)	Code table 4.253	Operational
4.2.20.4	33	33	Acid rain	Code table 4.253	Operational
4.2.20.4	34	34	Blizzard	Code table 4.253	Operational
4.2.20.4	35	35	Drought	Code table 4.253	Operational
4.2.20.4	36	36	Hail	Code table 4.253	Operational
4.2.20.4	37	37	Ice storm	Code table 4.253	Operational
4.2.20.4	38	38	Snow	Code table 4.253	Operational
4.2.20.4	39	39	Snowstorm	Code table 4.253	Operational
4.2.20.4	40	40	Cold wave	Code table 4.253	Operational
4.2.20.4	41	41	Dzud	Code table 4.253	Operational
4.2.20.4	42	42	Freeze	Code table 4.253	Operational
4.2.20.4	43	43	Frost (hoar frost)	Code table 4.253	Operational
4.2.20.4	44	44	Freezing rain (supercooled rain)	Code table 4.253	Operational
4.2.20.4	45	45	Glaze	Code table 4.253	Operational
4.2.20.4	46	46	Ground frost	Code table 4.253	Operational
4.2.20.4	47	47	Heatwave	Code table 4.253	Operational
4.2.20.4	48	48	Icing (including ice)	Code table 4.253	Operational
4.2.20.4	49	49	Thaw	Code table 4.253	Operational
4.2.20.4	50	50	Avalanche	Code table 4.253	Operational
4.2.20.4	51	51	Mud flow	Code table 4.253	Operational
4.2.20.4	52	52	Rock slide	Code table 4.253	Operational
4.2.20.4	53	53	Derecho	Code table 4.253	Operational
4.2.20.4	54	54	Gale (strong gale)	Code table 4.253	Operational
4.2.20.4	55	55	Squall	Code table 4.253	Operational
4.2.20.4	56	56	Subtropical storm	Code table 4.253	Operational
4.2.20.4	57	57	Tropical cyclone (cyclonic wind, rain [storm] surge) (wind-related)	Code table 4.253	Operational
4.2.20.4	58	58	Tropical storm (wind-related)	Code table 4.253	Operational
4.2.20.4	59	59	Tornado	Code table 4.253	Operational
4.2.20.4	60	60	Wind	Code table 4.253	Operational
4.2.20.4	61	190	Reserved		Operational
4.2.20.4	191	254	Reserved for local use	-	Operational
4.2.20.4	255	255	Missing	-	Operational
4.2.20.5	0	0	Reserved		Operational
4.2.20.5	1	1	Household air pollution	Code table 4.253	Operational
4.2.20.5	2	2	Air pollution (point source)	Code table 4.253	Operational
4.2.20.5	3	3	Ambient (outdoor) air pollution	Code table 4.253	Operational
4.2.20.5	4	4	Land degradation	Code table 4.253	Operational
4.2.20.5	5	5	Soil degradation	Code table 4.253	Operational
4.2.20.5	6	6	Runoff / nonpoint source pollution	Code table 4.253	Operational
4.2.20.5	7	7	Salinity	Code table 4.253	Operational
4.2.20.5	8	8	Biodiversity loss	Code table 4.253	Operational
4.2.20.5	9	9	Deforestation	Code table 4.253	Operational
4.2.20.5	10	10	Forest declines and diebacks	Code table 4.253	Operational
4.2.20.5	11	11	Forest disturbances	Code table 4.253	Operational
4.2.20.5	12	12	Forest invasive species	Code table 4.253	Operational
4.2.20.5	13	13	Wildfires	Code table 4.253	Operational
4.2.20.5	14	14	Desertification	Code table 4.253	Operational
4.2.20.5	15	15	Loss of mangroves	Code table 4.253	Operational
4.2.20.5	16	16	Wetland loss/degradation	Code table 4.253	Operational
4.2.20.5	17	17	Coral bleaching	Code table 4.253	Operational
4.2.20.5	18	18	Compressive soils	Code table 4.253	Operational
4.2.20.5	19	19	Soil erosion	Code table 4.253	Operational
4.2.20.5	20	20	Coastal erosion and shoreline change	Code table 4.253	Operational
4.2.20.5	21	21	Permafrost loss	Code table 4.253	Operational
4.2.20.5	22	22	Sand mining	Code table 4.253	Operational
4.2.20.5	23	23	Sea level rise	Code table 4.253	Operational
4.2.20.5	24	24	Eutrophication	Code table 4.253	Operational
4.2.20.5	25	190	Reserved		Operational
4.2.20.5	191	254	Reserved for local use	-	Operational
4.2.20.5	255	255	Missing	-	Operational
4.2.2.0	0	0	Land cover (0 = sea, 1 = land)	Proportion	Operational
4.2.2.0	1	1	Surface roughness	m	Operational
4.2.2.0	2	2	Soil temperature	K	Deprecated
4.2.2.0	3	3	Soil moisture content	kg m-2	Deprecated
4.2.2.0	4	4	Vegetation	%	Operational
4.2.2.0	5	5	Water runoff	kg m-2	Operational
4.2.2.0	6	6	Evapotranspiration	kg-2 s-1	Operational
4.2.2.0	7	7	Model terrain height	m	Operational
4.2.2.0	8	8	Land use	(Code table 4.212)	Operational
4.2.2.0	9	9	Volumetric soil moisture content	Proportion	Deprecated
4.2.2.0	10	10	Ground heat flux	W m-2	Deprecated
4.2.2.0	11	11	Moisture availability	%	Operational
4.2.2.0	12	12	Exchange coefficient	kg m-2 s-1	Operational
4.2.2.0	13	13	Plant canopy surface water	kg m-2	Operational
4.2.2.0	14	14	Blackadar’s mixing length scale	m	Operational
4.2.2.0	15	15	Canopy conductance	m/s	Operational
4.2.2.0	16	16	Minimal stomatal resistance	s/m	Operational
4.2.2.0	17	17	Wilting point	Proportion	Deprecated
4.2.2.0	18	18	Solar parameter in canopy conductance	Proportion	Operational
4.2.2.0	19	19	Temperature parameter in canopy	Proportion	Operational
4.2.2.0	20	20	Humidity parameter in canopy conductance	Proportion	Operational
4.2.2.0	21	21	Soil moisture parameter in canopy conductance	Proportion	Operational
4.2.2.0	22	22	Soil moisture	kg m-3	Deprecated
4.2.2.0	23	23	Column-integrated soil water	kg m-2	Deprecated
4.2.2.0	24	24	Heat flux	W m-2	Operational
4.2.2.0	25	25	Volumetric soil moisture	m3 m-3	Operational
4.2.2.0	26	26	Wilting point	kg m-3	Operational
4.2.2.0	27	27	Volumetric wilting point	m3 m-3	Operational
4.2.2.0	28	28	Leaf area index	Numeric	Operational
4.2.2.0	29	29	Evergreen forest cover	Proportion	Operational
4.2.2.0	30	30	Deciduous forest cover	Proportion	Operational
4.2.2.0	31	31	Normalized differential vegetation index (NDVI)	Numeric	Operational
4.2.2.0	32	32	Root depth of vegetation	m	Operational
4.2.2.0	33	33	Water runoff and drainage	kg m-2	Operational
4.2.2.0	34	34	Surface water runoff	kg m-2	Operational
4.2.2.0	35	35	Tile class	(Code table 4.243)	Operational
4.2.2.0	36	36	Tile fraction	Proportion	Operational
4.2.2.0	37	37	Tile percentage	%	Operational
4.2.2.0	38	38	Soil volumetric ice content (water equivalent)	m3 m-3	Operational
4.2.2.0	39	39	Evapotranspiration rate	kg m-2 s-1	Operational
4.2.2.0	40	40	Potential evapotranspiration rate	kg m-2 s-1	Operational
4.2.2.0	41	41	Snow melt rate	kg m-2 s-1	Operational
4.2.2.0	42	42	Water runoff and drainage rate	kg m-2 s-1	Operational
4.2.2.0	43	43	Drainage direction	(Code table 4.250)	Operational
4.2.2.0	44	44	Upstream area	m2	Operational
4.2.2.0	45	45	Wetland cover	Proportion	Operational
4.2.2.0	46	46	Wetland type	(Code table 4.239)	Operational
4.2.2.0	47	47	Irrigation cover	Proportion	Operational
4.2.2.0	48	48	C4 crop cover	Proportion	Operational
4.2.2.0	49	49	C4 grass cover	Proportion	Operational
4.2.2.0	50	50	Skin reservoir content	kg m-2	Operational
4.2.2.0	51	51	Surface runoff rate	kg m-2 s-1	Operational
4.2.2.0	52	52	Subsurface runoff rate	kg m-2 s-1	Operational
4.2.2.0	53	53	Low-vegetation cover	Proportion	Operational
4.2.2.0	54	54	High-vegetation cover	Proportion	Operational
4.2.2.0	55	55	Leaf area index, low-vegetation	m2 m-2	Operational
4.2.2.0	56	56	Leaf area index, high-vegetation	m2 m-2	Operational
4.2.2.0	57	57	Type of low-vegetation	Code table 4.234	Operational
4.2.2.0	58	58	Type of high-vegetation	Code table 4.234	Operational
4.2.2.0	59	59	Net ecosystem exchange flux	kg m-2 s-1	Operational
4.2.2.0	60	60	Gross primary production flux	kg m-2 s-1	Operational
4.2.2.0	61	61	Ecosystem respiration flux	kg m-2 s-1	Operational
4.2.2.0	62	62	Emissivity	Proportion	Operational
4.2.2.0	63	63	Canopy air temperature	K	Operational
4.2.2.0	64	191	Reserved		Operational
4.2.2.0	192	254	Reserved for local use		Operational
4.2.2.0	255	255	Missing		Operational
4.2.2.3	0	0	Soil type	(Code table 4.213)	Operational
4.2.2.3	1	1	Upper layer soil temperature	K	Deprecated
4.2.2.3	2	2	Upper layer soil moisture	kg m-3	Deprecated
4.2.2.3	3	3	Lower layer soil moisture	kg m-3	Deprecated
4.2.2.3	4	4	Bottom layer soil temperature	K	Deprecated
4.2.2.3	5	5	Liquid volumetric soil moisture (non-frozen)	Proportion	Deprecated
4.2.2.3	6	6	Number of soil layers in root zone	Numeric	Operational
4.2.2.3	7	7	Transpiration stress-onset (soil moisture)	Proportion	Deprecated
4.2.2.3	8	8	Direct evaporation cease (soil moisture)	Proportion	Deprecated
4.2.2.3	9	9	Soil porosity	Proportion	Deprecated
4.2.2.3	10	10	Liquid volumetric soil moisture (non-frozen)	m3 m-3	Operational
4.2.2.3	11	11	Volumetric transpiration stress-onset (soil moisture)	m3 m-3	Operational
4.2.2.3	12	12	Transpiration stress-onset (soil moisture)	kg m-3	Operational
4.2.2.3	13	13	Volumetric direct evaporation cease (soil moisture)	m3 m-3	Operational
4.2.2.3	14	14	Direct evaporation cease (soil moisture)	kg m-3	Operational
4.2.2.3	15	15	Soil porosity	m3 m-3	Operational
4.2.2.3	16	16	Volumetric saturation of soil moisture	m3 m-3	Operational
4.2.2.3	17	17	Saturation of soil moisture	kg m-3	Operational
4.2.2.3	18	18	Soil temperature	K	Operational
4.2.2.3	19	19	Soil moisture	kg m-3	Operational
4.2.2.3	20	20	Column-integrated soil moisture	kg m-2	Operational
4.2.2.3	21	21	Soil ice	kg m-3	Operational
4.2.2.3	22	22	Column-integrated soil ice	kg m-2	Operational
4.2.2.3	23	23	Liquid water in snow pack	kg m-2	Operational
4.2.2.3	24	24	Frost index	K day-1	Operational
4.2.2.3	25	25	Snow depth at elevation bands	kg m-2	Operational
4.2.2.3	26	26	Soil heat flux	W m-2	Operational
4.2.2.3	27	27	Soil depth	m	Operational
4.2.2.3	28	28	Snow temperature	K	Operational
4.2.2.3	29	29	Ice temperature	K	Operational
4.2.2.3	30	30	Soil wetness index	Numeric	Operational
4.2.2.3	31	191	Reserved		Operational
4.2.2.3	192	254	Reserved for local use		Operational
4.2.2.3	255	255	Missing		Operational
4.2.2.4	0	0	Fire outlook	(Code table 4.224)	Operational
4.2.2.4	1	1	Fire outlook due to dry thunderstorm	(Code table 4.224)	Operational
4.2.2.4	2	2	Haines index	Numeric	Operational
4.2.2.4	3	3	Fire burned area	%	Operational
4.2.2.4	4	4	Fosberg index	Numeric	Operational
4.2.2.4	5	5	Forest Fire Weather Index (as defined by the Canadian Forest Service)	Numeric	Operational
4.2.2.4	6	6	Fine Fuel Moisture Code (as defined by the Canadian Forest Service)	Numeric	Operational
4.2.2.4	7	7	Duff Moisture Code (as defined by the Canadian Forest Service)	Numeric	Operational
4.2.2.4	8	8	Drought Code (as defined by the Canadian Forest Service)	Numeric	Operational
4.2.2.4	9	9	Initial Fire Spread Index (as defined by the Canadian Forest Service)	Numeric	Operational
4.2.2.4	10	10	Fire Buildup Index (as defined by the Canadian Forest Service)	Numeric	Operational
4.2.2.4	11	11	Fire Daily Severity Rating (as defined by the Canadian Forest Service)	Numeric	Operational
4.2.2.4	12	12	Keetch-Byram drought index	Numeric	Operational
4.2.2.4	13	13	Drought factor (as defined by the Australian forest service )	Numeric	Operational
4.2.2.4	14	14	Rate of spread (as defined by the Australian forest service )	m/s	Operational
4.2.2.4	15	15	Fire danger index (as defined by the Australian forest service )	Numeric	Operational
4.2.2.4	16	16	Spread component (as defined by the US Forest Service National Fire Danger Rating System)	Numeric	Operational
4.2.2.4	17	17	Burning index (as defined by the US Forest Service National Fire Danger Rating System)	Numeric	Operational
4.2.2.4	18	18	Ignition component (as defined by the US Forest Service National Fire Danger Rating System)	%	Operational
4.2.2.4	19	19	Energy release component (as defined by the US Forest Service National Fire Danger Rating System)	Joule/m2	Operational
4.2.2.4	20	20	Burning area	%	Operational
4.2.2.4	21	21	Burnable area	%	Operational
4.2.2.4	22	22	Unburnable area	%	Operational
4.2.2.4	23	23	Fuel load	kg m-2	Operational
4.2.2.4	24	24	Combustion completeness	%	Operational
4.2.2.4	25	25	Fuel moisture content	kg kg-1	Operational
4.2.2.4	26	26	Wildfire potential (as defined by the US NOAA Global Systems Laboratory)	Numeric	Operational
4.2.2.4	27	27	Live leaf fuel load	kg m-2	Operational
4.2.2.4	28	28	Live wood fuel load	kg m-2	Operational
4.2.2.4	29	29	Dead leaf fuel load	kg m-2	Operational
4.2.2.4	30	30	Dead wood fuel load	kg m-2	Operational
4.2.2.4	31	31	Live fuel moisture content	kg kg-1	Operational
4.2.2.4	32	32	Fine dead leaf moisture content	kg kg-1	Operational
4.2.2.4	33	33	Dense dead leaf moisture content	kg kg-1	Operational
4.2.2.4	34	34	Fine dead wood moisture content	kg kg-1	Operational
4.2.2.4	35	35	Dense dead wood moisture content	kg kg-1	Operational
4.2.2.4	36	36	Fire radiative power	W	Operational
4.2.2.4	37	37	Live fuel moisture content in low vegetation	kg kg-1	Operational
4.2.2.4	38	38	Live fuel moisture content in high vegetation	kg kg-1	Operational
4.2.2.4	39	39	Mean height of maximum injection	m	Operational
4.2.2.4	40	40	Injection height	m	Operational
4.2.2.4	41	41	Plume bottom height	m	Operational
4.2.2.4	42	42	Plume top height	m	Operational
4.2.2.4	43	43	Probability of fire detection	%	Operation
4.2.2.4	44	44	Probability of ignition from lightning	%	Operational
4.2.2.4	45	191	Reserved		Operational
4.2.2.4	192	254	Reserved for local use		Operational
4.2.2.4	255	255	Missing		Operational
4.2.2.5	0	0	Glacier cover	Proportion	Operational
4.2.2.5	1	1	Glacier temperature	K	Operational
4.2.2.5	2	191	Reserved		Operational
4.2.2.5	192	254	Reserved for local use		Operational
4.2.2.5	255	255	Missing		Operational
4.2.2.6	0	0	Urban cover	Proportion	Operational
4.2.2.6	1	1	Road cover	Proportion	Operational
4.2.2.6	2	2	Building cover	Proportion	Operational
4.2.2.6	3	3	Building height	m	Operational
4.2.2.6	4	4	Vertical-to-horizontal area fraction	m2 m-2	Operational
4.2.2.6	5	5	Standard deviation of building height	m	Operational
4.2.2.6	6	6	Distance downward from roof surface	m	Operational
4.2.2.6	7	7	Distance inward from outer wall surface	m	Operational
4.2.2.6	8	8	Distance downward from road surface	m	Operational
4.2.2.6	9	191	Reserved		Operational
4.2.2.6	192	254	Reserved for local use		Operational
4.2.2.6	255	255	Missing		Operational
4.2.2.7	0	0	Heat net flux	W m-2	Operational
4.2.2.7	1	1	Latent heat net flux	W m-2	Operational
4.2.2.7	2	2	Sensible heat net flux	W m-2	Operational
4.2.2.7	3	191	Reserved		Operational
4.2.2.7	192	254	Reserved for local use		Operational
4.2.2.7	255	255	Missing		Operational
4.2.3.0	0	0	Scaled radiance	Numeric	Operational
4.2.3.0	1	1	Scaled albedo	Numeric	Operational
4.2.3.0	2	2	Scaled brightness temperature	Numeric	Operational
4.2.3.0	3	3	Scaled precipitable water	Numeric	Operational
4.2.3.0	4	4	Scaled lifted index	Numeric	Operational
4.2.3.0	5	5	Scaled cloud top pressure	Numeric	Operational
4.2.3.0	6	6	Scaled skin temperature	Numeric	Operational
4.2.3.0	7	7	Cloud mask	(Code table 4.217)	Operational
4.2.3.0	8	8	Pixel scene type	(Code table 4.218)	Operational
4.2.3.0	9	9	Fire detection indicator	(Code table 4.223)	Operational
4.2.3.0	10	191	Reserved		Operational
4.2.3.0	192	254	Reserved for local use		Operational
4.2.3.0	255	255	Missing		Operational
4.2.3.1	0	0	Estimated precipitation	kg m-2	Operational
4.2.3.1	1	1	Instantaneous rain rate	kg m-2 s-1	Operational
4.2.3.1	2	2	Cloud top height	m	Operational
4.2.3.1	3	3	Cloud top height quality indicator	(Code table 4.219)	Operational
4.2.3.1	4	4	Estimated u-component of wind	m/s	Operational
4.2.3.1	5	5	Estimated v-component of wind	m/s	Operational
4.2.3.1	6	6	Number of pixel used	Numeric	Operational
4.2.3.1	7	7	Solar zenith angle	deg	Operational
4.2.3.1	8	8	Relative azimuth angle	deg	Operational
4.2.3.1	9	9	Reflectance in 0.6 micron channel	%	Operational
4.2.3.1	10	10	Reflectance in 0.8 micron channel	%	Operational
4.2.3.1	11	11	Reflectance in 1.6 micron channel	%	Operational
4.2.3.1	12	12	Reflectance in 3.9 micron channel	%	Operational
4.2.3.1	13	13	Atmospheric divergence	/s	Operational
4.2.3.1	14	14	Cloudy brightness temperature	K	Operational
4.2.3.1	15	15	Clear-sky brightness temperature	K	Operational
4.2.3.1	16	16	Cloudy radiance (with respect to wave number)	W m-1 sr-1	Operational
4.2.3.1	17	17	Clear-sky radiance (with respect to wave number)	W m-1 sr-1	Operational
4.2.3.1	18	18	Reserved		Operational
4.2.3.1	19	19	Wind speed	m/s	Operational
4.2.3.1	20	20	Aerosol optical thickness at 0.635 μm		Operational
4.2.3.1	21	21	Aerosol optical thickness at 0.810 μm		Operational
4.2.3.1	22	22	Aerosol optical thickness at 1.640 μm		Operational
4.2.3.1	23	23	Angstrom coefficient		Operational
4.2.3.1	24	24	Cosine of the solar zenith angle	Numeric	Operational
4.2.3.1	25	26	Reserved		Operational
4.2.3.1	27	27	Bidirectional reflectance factor	Numeric	Operational
4.2.3.1	28	28	Brightness temperature	K	Operational
4.2.3.1	29	29	Scaled radiance	Numeric	Operational
4.2.3.1	30	30	Reflectance in 0.4 micron channel	%	Operational
4.2.3.1	31	31	Cloudy reflectance	%	Operational
4.2.3.1	32	32	Clear reflectance	%	Operational
4.2.3.1	33	97	Reserved		Operational
4.2.3.1	98	98	Correlation coefficient between MPE rain-rates for the co-located IR data and the microwave data rain-rates	Numeric	Operational
4.2.3.1	99	99	Standard deviation between MPE rain-rates for the co-located IR data and the microwave data rain-rates	kg m-2 s-1	Operational
4.2.3.1	100	191	Reserved		Operational
4.2.3.1	192	254	Reserved for local use		Operational
4.2.3.1	255	255	Missing		Operational
4.2.3.2	0	0	Clear sky probability	%	Operational
4.2.3.2	1	1	Cloud top temperature	K	Operational
4.2.3.2	2	2	Cloud top pressure	Pa	Operational
4.2.3.2	3	3	Cloud type	(Code table 4.218)	Operational
4.2.3.2	4	4	Cloud phase	(Code table 4.218)	Operational
4.2.3.2	5	5	Cloud optical depth	Numeric	Operational
4.2.3.2	6	6	Cloud particle effective radius	m	Operational
4.2.3.2	7	7	Cloud liquid water path	kg m-2	Operational
4.2.3.2	8	8	Cloud ice water path	kg m-2	Operational
4.2.3.2	9	9	Cloud albedo	Numeric	Operational
4.2.3.2	10	10	Cloud emissivity	Numeric	Operational
4.2.3.2	11	11	Effective absorption optical depth ratio	Numeric	Operational
4.2.3.2	30	30	Measurement cost	Numeric	Operational
4.2.3.2	31	31	Upper layer cloud optical depth	Numeric	Deprecated
4.2.3.2	32	32	Upper layer cloud top pressure	Pa	Deprecated
4.2.3.2	33	33	Upper layer cloud effective radius	m	Deprecated
4.2.3.2	34	34	Error in upper layer cloud optical depth	Numeric	Deprecated
4.2.3.2	35	35	Error in upper layer cloud top pressure	Pa	Deprecated
4.2.3.2	36	36	Error in upper layer cloud effective radius	m	Deprecated
4.2.3.2	37	37	Lower layer cloud optical depth	Numeric	Deprecated
4.2.3.2	38	38	Lower layer cloud top pressure	Pa	Deprecated
4.2.3.2	39	39	Error in lower layer cloud optical depth	Numeric	Deprecated
4.2.3.2	40	40	Error in lower layer cloud top pressure	Pa	Deprecated
4.2.3.2	41	191	Reserved		Operational
4.2.3.2	192	254	Reserved for local use		Operational
4.2.3.2	255	255	Missing		Operational
4.2.3.3	0	0	Probability of encountering marginal visual flight rule conditions	%	Operational
4.2.3.3	1	1	Probability of encountering low instrument flight rule conditions	%	Operational
4.2.3.3	2	2	Probability of encountering instrument flight rule conditions	%	Operational
4.2.3.3	3	191	Reserved		Operational
4.2.3.3	192	254	Reserved for local use		Operational
4.2.3.3	255	255	Missing		Operational
4.2.3.4	0	0	Volcanic ash probability	%	Operational
4.2.3.4	1	1	Volcanic ash cloud top temperature	K	Operational
4.2.3.4	2	2	Volcanic ash cloud top pressure	Pa	Operational
4.2.3.4	3	3	Volcanic ash cloud top height	m	Operational
4.2.3.4	4	4	Volcanic ash cloud emissivity	Numeric	Operational
4.2.3.4	5	5	Volcanic ash effective absorption optical depth ratio	Numeric	Operational
4.2.3.4	6	6	Volcanic ash cloud optical depth	Numeric	Operational
4.2.3.4	7	7	Volcanic ash column density	kg m-2	Operational
4.2.3.4	8	8	Volcanic ash particle effective radius	m	Operational
4.2.3.4	9	191	Reserved		Operational
4.2.3.4	192	254	Reserved for local use		Operational
4.2.3.4	255	255	Missing		Operational
4.2.3.5	0	0	Interface sea-surface temperature	K	Operational
4.2.3.5	1	1	Skin sea-surface temperature	K	Operational
4.2.3.5	2	2	Sub-skin sea-surface temperature	K	Operational
4.2.3.5	3	3	Foundation sea-surface temperature	K	Operational
4.2.3.5	4	4	Estimated bias between sea-surface temperature and standard	K	Operational
4.2.3.5	5	5	Estimated standard deviation between sea surface temperature and standard	K	Operational
4.2.3.5	6	191	Reserved		Operational
4.2.3.5	192	254	Reserved for local use		Operational
4.2.3.5	255	255	Missing		Operational
4.2.3.6	0	0	Global solar irradiance	W m-2	Operational
4.2.3.6	1	1	Global solar exposure	J m-2	Operational
4.2.3.6	2	2	Direct solar irradiance	W m-2	Operational
4.2.3.6	3	3	Direct solar exposure	J m-2	Operational
4.2.3.6	4	4	Diffuse solar irradiance	W m-2	Operational
4.2.3.6	5	5	Diffuse solar exposure	J m-2	Operational
4.2.3.6	6	191	Reserved		Operational
4.2.3.6	192	254	Reserved for local use		Operational
4.2.3.6	255	255	Missing		Operational
4.2.4.0	0	0	Temperature	K	Operational
4.2.4.0	1	1	Electron temperature	K	Operational
4.2.4.0	2	2	Proton temperature	K	Operational
4.2.4.0	3	3	Ion temperature	K	Operational
4.2.4.0	4	4	Parallel temperature	K	Operational
4.2.4.0	5	5	Perpendicular temperature	K	Operational
4.2.4.0	6	191	Reserved		Operational
4.2.4.0	192	254	Reserved for local use		Operational
4.2.4.0	255	255	Missing		Operational
4.2.4.10	0	0	Scintillation index (sigma phi)	rad	Operational
4.2.4.10	1	1	Scintillation index S4	Numeric	Operational
4.2.4.10	2	2	Rate of change of TEC index (ROTI)	TECU/min	Operational
4.2.4.10	3	3	Disturbance ionosphere index spatial gradient (DIXSG)	Numeric	Operational
4.2.4.10	4	4	Along arc TEC rate (AATR)	TECU/min	Operational
4.2.4.10	5	5	Kp	Numeric	Operational
4.2.4.10	6	6	Equatorial disturbance storm time index (Dst)	nT	Operational
4.2.4.10	7	7	Auroral electrojet (AE)	nT	Operational
4.2.4.10	8	191	Reserved		Operational
4.2.4.10	192	254	Reserved for local use		Operational
4.2.4.10	255	255	Missing		Operational
4.2.4.1	0	0	Velocity magnitude (speed)	m s-1	Operational
4.2.4.1	1	1	1st vector component of velocity (coordinate system dependent)	m s-1	Operational
4.2.4.1	2	2	2nd vector component of velocity (coordinate system dependent)	m s-1	Operational
4.2.4.1	3	3	3rd vector component of velocity (coordinate system dependent)	m s-1	Operational
4.2.4.1	4	191	Reserved		Operational
4.2.4.1	192	254	Reserved for local use		Operational
4.2.4.1	255	255	Missing		Operational
4.2.4.2	0	0	Particle number density	m-3	Operational
4.2.4.2	1	1	Electron density	m-3	Operational
4.2.4.2	2	2	Proton density	m-3	Operational
4.2.4.2	3	3	Ion density	m-3	Operational
4.2.4.2	4	4	Vertical total electron content	TECU	Operational
4.2.4.2	5	5	HF absorption frequency	Hz	Operational
4.2.4.2	6	6	HF absorption	dB	Operational
4.2.4.2	7	7	Spread F	m	Operational
4.2.4.2	8	8	h'F	m	Operational
4.2.4.2	9	9	Critical frequency	Hz	Operational
4.2.4.2	10	10	Maximal usable frequency (MUF)	Hz	Operational
4.2.4.2	11	11	Peak height (hm)	m	Operational
4.2.4.2	12	12	Peak density (Nm)	m-3	Operational
4.2.4.2	13	13	Equivalent slab thickness (tau)	km	Operational
4.2.4.2	14	191	Reserved		Operational
4.2.4.2	192	254	Reserved for local use		Operational
4.2.4.2	255	255	Missing		Operational
4.2.4.3	0	0	Magnetic field magnitude	T	Operational
4.2.4.3	1	1	1st vector component of magnetic field	T	Operational
4.2.4.3	2	2	2nd vector component of magnetic field	T	Operational
4.2.4.3	3	3	3rd vector component of magnetic field	T	Operational
4.2.4.3	4	4	Electric field magnitude	V m-1	Operational
4.2.4.3	5	5	1st vector component of electric field	V m-1	Operational
4.2.4.3	6	6	2nd vector component of electric field	V m-1	Operational
4.2.4.3	7	7	3rd vector component of electric field	V m-1	Operational
4.2.4.3	8	191	Reserved		Operational
4.2.4.3	192	254	Reserved for local use		Operational
4.2.4.3	255	255	Missing		Operational
4.2.4.4	0	0	Proton flux (differential)	(m2 s sr eV)-1	Operational
4.2.4.4	1	1	Proton flux (integral)	(m2 s sr )-1	Operational
4.2.4.4	2	2	Electron flux (differential)	(m2 s sr eV)-1	Operational
4.2.4.4	3	3	Electron flux (integral)	(m2 s sr)-1	Operational
4.2.4.4	4	4	Heavy ion flux (differential)	(m2 s sr eV/nuc)-1	Operational
4.2.4.4	5	5	Heavy ion flux (integral)	(m2 s sr)-1	Operational
4.2.4.4	6	6	Cosmic ray neutron flux	h-1	Operational
4.2.4.4	7	191	Reserved		Operational
4.2.4.4	192	254	Reserved for local use		Operational
4.2.4.4	255	255	Missing		Operational
4.2.4.5	0	0	Amplitude	dB	Operational
4.2.4.5	1	1	Phase	rad	Operational
4.2.4.5	2	2	Frequency	Hz	Operational
4.2.4.5	3	3	Wavelength	m	Operational
4.2.4.5	4	191	Reserved		Operational
4.2.4.5	192	254	Reserved for local use		Operational
4.2.4.5	255	255	Missing		Operational
4.2.4.6	0	0	Integrated solar irradiance	W m-2	Operational
4.2.4.6	1	1	Solar X-ray flux (XRS long)	W m-2	Operational
4.2.4.6	2	2	Solar X-ray flux (XRS short)	W m-2	Operational
4.2.4.6	3	3	Solar EUV irradiance	W m-2	Operational
4.2.4.6	4	4	Solar spectral irradiance	W m-2 nm-1	Operational
4.2.4.6	5	5	F10.7	W m-2 Hz-1	Operational
4.2.4.6	6	6	Solar radio emissions	W m-2 Hz-1	Operational
4.2.4.6	7	191	Reserved		Operational
4.2.4.6	192	254	Reserved for local use		Operational
4.2.4.6	255	255	Missing		Operational
4.2.4.7	0	0	Limb intensity	J m-2 s-1	Operational
4.2.4.7	1	1	Disk intensity	J m-2 s-1	Operational
4.2.4.7	2	2	Disk intensity day	J m-2 s-1	Operational
4.2.4.7	3	3	Disk intensity night	J m-2 s-1	Operational
4.2.4.7	4	191	Reserved		Operational
4.2.4.7	192	254	Reserved for local use		Operational
4.2.4.7	255	255	Missing		Operational
4.2.4.8	0	0	X-ray radiance	W sr-1 m-2	Operational
4.2.4.8	1	1	EUV radiance	W sr-1 m-2	Operational
4.2.4.8	2	2	H-alpha radiance	W sr-1 m-2	Operational
4.2.4.8	3	3	White light radiance	W sr-1 m-2	Operational
4.2.4.8	4	4	CaII-K radiance	W sr-1 m-2	Operational
4.2.4.8	5	5	White light coronagraph radiance	W sr-1 m-2	Operational
4.2.4.8	6	6	Heliospheric radiance	W sr-1 m-2	Operational
4.2.4.8	7	7	Thematic mask	Numeric	Operational
4.2.4.8	8	8	Solar induced chlorophyll fluorescence	W m-2 sr-1 m-1	Operational
4.2.4.8	9	191	Reserved		Operational
4.2.4.8	192	254	Reserved for local use		Operational
4.2.4.8	255	255	Missing		Operational
4.2.4.9	0	0	Pedersen conductivity	S m-1	Operational
4.2.4.9	1	1	Hall conductivity	S m-1	Operational
4.2.4.9	2	2	Parallel conductivity	S m-1	Operational
4.2.4.9	3	191	Reserved		Operational
4.2.4.9	192	254	Reserved for local use		Operational
4.2.4.9	255	255	Missing		Operational
4.333	1	1	DERMA (Danish Emergency Response Model of the Atmosphere)		Operational
4.333	2	2	E-EMEP (Emergency EMEP model)		Operational
4.333	3	3	FLEXPART (Particle dispersion model)		Operational
4.333	4	4	MLDP (Modèle lagrangien de dispersion de particules)		Operational
4.333	5	5	MATCH (Multi-scale Atmospheric Transport Model)		Operational
4.333	6	6	SILAM (System for Integrated modeLling of Atmospheric composition)		Operational
4.333	7	7	SNAP (Severe Nuclear Accident Program)		Operational
4.333	8	8	WRF-Chem (Weather Research and Forecasting Chemical model)		Operational
4.333	9	9	Trajectoire (Trajectory model)		Operational
4.333	10	254	Reserved		Operational
4.333	255	255	Missing value		Operational
4.335	1	1	ARGOS (Accident Reporting and Guiding Operational System)		Operational
4.335	2	2	JRODOS (Java version of Real time Online Decision SuppOrt System)		Operational
4.335	3	3	Assimilated (Scenario retrieved from measurements)		Operational
4.335	4	4	Centre (scenario by originating centre)		Operational
4.335	5	254	Reserved		Operational
4.335	255	255	Missing value		Operational
4.336	1	1	AROME (Meso scale NWP, Meteo-France)		Operational
4.336	2	2	ARPEGE (Global scale NWP, Meteo-France)		Operational
4.336	3	3	GFS (Global forecast system, NCEP)		Operational
4.336	4	4	HARMONIE (HIRLAM-ALADIN Research on Mesoscale Operational NWP)		Operational
4.336	5	5	HIRLAM (HIgh resolution Limited Area Model)		Operational
4.336	6	6	IFS (Integrated Forecast System)		Operational
4.336	7	7	GEM GDPS (Canadian Global Deterministic Prediction System)		Operational
4.336	8	8	GEM RDPS (Canadian Regional Deterministic Prediction System)		Operational
4.336	9	9	GEM HRDPS (Canadian High Resolution Deterministic Prediction System)		Operational
4.336	10	10	WRF (Weather Research and Forecasting)		Operational
4.336	11	254	Reserved		Operational
4.336	255	255	Missing value		Operational
4.3	0	0	Analysis		Operational
4.3	1	1	Initialization		Operational
4.3	2	2	Forecast		Operational
4.3	3	3	Bias corrected forecast		Operational
4.3	4	4	Ensemble forecast		Operational
4.3	5	5	Probability forecast		Operational
4.3	6	6	Forecast error		Operational
4.3	7	7	Analysis error		Operational
4.3	8	8	Observation		Operational
4.3	9	9	Climatological		Operational
4.3	10	10	Probability-weighted forecast		Operational
4.3	11	11	Bias-corrected ensemble forecast		Operational
4.3	12	12	Post-processed analysis		Operational
4.3	13	13	Post-processed forecast		Operational
4.3	14	14	Nowcast		Operational
4.3	15	15	Hindcast		Operational
4.3	16	16	Physical retrieval		Operational
4.3	17	17	Regression analysis		Operational
4.3	18	18	Difference between two forecasts		Operational
4.3	19	19	First guess		Operational
4.3	20	20	Analysis increment		Operational
4.3	21	21	Initialization increment for analysis		Operational
4.3	22	22	Blended forecast		Operational
4.3	23	23	Anomaly		Operational
4.3	24	191	Reserved		Operational
4.3	192	254	Reserved for local use		Operational
4.3	255	255	Missing		Operational
4.4	0	0	Minute		Operational
4.4	1	1	Hour		Operational
4.4	2	2	Day		Operational
4.4	3	3	Month		Operational
4.4	4	4	Year		Operational
4.4	5	5	Decade (10 years)		Operational
4.4	6	6	Normal (30 years)		Operational
4.4	7	7	Century (100 years)		Operational
4.4	8	9	Reserved		Operational
4.4	10	10	3 hours		Operational
4.4	11	11	6 hours		Operational
4.4	12	12	12 hours		Operational
4.4	13	13	Second		Operational
4.4	14	191	Reserved		Operational
4.4	192	254	Reserved for local use		Operational
4.4	255	255	Missing		Operational
4.5	0	0	Reserved		Operational
4.5	1	1	Ground or water surface	-	Operational
4.5	2	2	Cloud base level	-	Operational
4.5	3	3	Level of cloud tops	-	Operational
4.5	4	4	Level of 0 °C isotherm	-	Operational
4.5	5	5	Level of adiabatic condensation lifted from the surface	-	Operational
4.5	6	6	Maximum wind level	-	Operational
4.5	7	7	Tropopause	-	Operational
4.5	8	8	Nominal top of the atmosphere	-	Operational
4.5	9	9	Sea bottom	-	Operational
4.5	10	10	Entire atmosphere	-	Operational
4.5	11	11	Cumulonimbus (CB) base	m	Operational
4.5	12	12	Cumulonimbus (CB) top	m	Operational
4.5	13	13	Lowest level where vertically integrated cloud cover exceeds the specified percentage (cloud base for a given percentage cloud cover)	%	Operational
4.5	14	14	Level of free convection (LFC)	-	Operational
4.5	15	15	Convective condensation level (CCL)	-	Operational
4.5	16	16	Level of neutral buoyancy or equilibrium level (LNB)	-	Operational
4.5	17	17	Departure level of the most unstable parcel of air (MUDL)	-	Operational
4.5	18	18	Departure level of a mixed layer parcel of air with specified layer depth	Pa	Operational
4.5	19	19	Lowest level where cloud cover exceeds the specified percentage	%	Operational
4.5	20	20	Isothermal level	K	Operational
4.5	21	21	Lowest level where mass density exceeds the specified value (base for a given threshold of mass density)	kg m-3	Operational
4.5	22	22	Highest level where mass density exceeds the specified value (top for a given threshold of mass density)	kg m-3	Operational
4.5	23	23	Lowest level where air concentration exceeds the specified value (base for a given threshold of air concentration)	Bq m-3	Operational
4.5	24	24	Highest level where air concentration exceeds the specified value (top for a given threshold of air concentration)	Bq m-3	Operational
4.5	25	25	Highest level where radar reflectivity exceeds the specified value (echo top for a given threshold of reflectivity)	dBZ	Operational
4.5	26	26	Convective cloud layer base	m	Operational
4.5	27	27	Convective cloud layer top	m	Operational
4.5	28	28	Effective inflow layer base		Operational
4.5	29	29	Effective inflow layer top		Operational
4.5	30	30	Specified radius from the centre of the Sun	m	Operational
4.5	31	31	Solar photosphere		Operational
4.5	32	32	Ionospheric D-region level		Operational
4.5	33	33	Ionospheric E-region level		Operational
4.5	34	34	Ionospheric F1-region level		Operational
4.5	35	35	Ionospheric F2-region level		Operational
4.5	36	36	Stratopause		Operational
4.5	37	37	Hygropause		Operational
4.5	38	99	Reserved		Operational
4.5	100	100	Isobaric surface	Pa	Operational
4.5	101	101	Mean sea level		Operational
4.5	102	102	Specific altitude above mean sea level	m	Operational
4.5	103	103	Specified height level above ground	m	Operational
4.5	104	104	Sigma level	"sigma" value	Operational
4.5	105	105	Hybrid level	-	Operational
4.5	106	106	Depth below land surface	m	Operational
4.5	107	107	Isentropic (theta) level	K	Operational
4.5	108	108	Level at specified pressure difference from ground to level	Pa	Operational
4.5	109	109	Potential vorticity surface	K m2 kg-1 s-1	Operational
4.5	110	110	Reserved		Operational
4.5	111	111	Eta level	-	Operational
4.5	112	112	Reserved		Operational
4.5	113	113	Logarithmic hybrid level		Operational
4.5	114	114	Snow level	Numeric	Operational
4.5	115	115	Sigma height level	-	Operational
4.5	116	116	Reserved		Operational
4.5	117	117	Mixed layer depth	m	Operational
4.5	118	118	Hybrid height level	-	Operational
4.5	119	119	Hybrid pressure level	-	Operational
4.5	120	149	Reserved		Operational
4.5	150	150	Generalized vertical height coordinate		Operational
4.5	151	151	Soil level	Numeric	Operational
4.5	152	152	Sea-ice level	Numeric	Operational
4.5	153	159	Reserved		Operational
4.5	160	160	Depth below sea level	m	Operational
4.5	161	161	Depth below water surface	m	Operational
4.5	162	162	Lake or river bottom	-	Operational
4.5	163	163	Bottom of sediment layer	-	Operational
4.5	164	164	Bottom of thermally active sediment layer	-	Operational
4.5	165	165	Bottom of sediment layer penetrated by thermal wave	-	Operational
4.5	166	166	Mixing layer	-	Operational
4.5	167	167	Bottom of root zone	-	Operational
4.5	168	168	Ocean model level	Numeric	Operational
4.5	169	169	Ocean level defined by water density (sigma-theta) difference from near-surface to level	kg m-3	Operational
4.5	170	170	Ocean level defined by water potential temperature difference from near-surface to level	K	Operational
4.5	171	171	Ocean level defined by vertical eddy diffusivity difference from near-surface to level	m2 s-1	Operational
4.5	172	172	Ocean level defined by water density (rho) difference from near-surface to level	m	Operational
4.5	173	173	Top of snow over sea ice on sea, lake or river	-	Operational
4.5	174	174	Top surface of ice on sea, lake or river	-	Operational
4.5	175	175	Top surface of ice, under snow cover, on sea, lake or river	-	Operational
4.5	176	176	Bottom surface (underside) ice on sea, lake or river	-	Operational
4.5	177	177	Deep soil (of indefinite depth)	-	Operational
4.5	178	178	Reserved	-	Operational
4.5	179	179	Top surface of glacier ice and inland ice	-	Operational
4.5	180	180	Deep inland or glacier ice (of indefinite depth)	-	Operational
4.5	181	181	Grid tile land fraction as a model surface	-	Operational
4.5	182	182	Grid tile water fraction as a model surface	-	Operational
4.5	183	183	Grid tile ice fraction on sea, lake or river as a model surface	-	Operational
4.5	184	184	Grid tile glacier ice and inland ice fraction as a model surface	-	Operational
4.5	185	185	Roof level	-	Operational
4.5	186	186	Wall level	-	Operational
4.5	187	187	Road level	-	Operational
4.5	188	188	Melt pond top surface	-	Operational
4.5	189	189	Melt pond bottom surface	-	Operational
4.5	190	190	Reserved		Operational
4.5	191	191	Abstract level with no vertical localization	-	Operational
4.5	192	254	Reserved for local use		Operational
4.5	255	255	Missing		Operational
4.6	0	0	Unperturbed high-resolution control forecast		Operational
4.6	1	1	Unperturbed low-resolution control forecast		Operational
4.6	2	2	Negatively perturbed forecast		Operational
4.6	3	3	Positively perturbed forecast		Operational
4.6	4	4	Multi-model forecast		Operational
4.6	5	5	Unperturbed forecast		Operational
4.6	6	6	Perturbed forecast		Operationaal
4.6	7	7	Initial conditions perturbations		Operational
4.6	8	8	Model physics perturbations		Operational
4.6	9	9	Initial conditions and model physics perturbations		Operational
4.6	10	191	Reserved		Operational
4.6	192	254	Reserved for local use		Operational
4.6	255	255	Missing		Operational
4.7	0	0	Unweighted mean of all members		Operational
4.7	1	1	Weighted mean of all members		Operational
4.7	2	2	Standard deviation with respect to cluster mean		Operational
4.7	3	3	Standard deviation with respect to cluster mean, normalized		Operational
4.7	4	4	Spread of all members		Operational
4.7	5	5	Large anomaly index of all members		Operational
4.7	6	6	Unweighted mean of the cluster members		Operational
4.7	7	7	Interquartile range (range between the 25th and 75th quantile)		Operational
4.7	8	8	Minimum of all ensemble members		Operational
4.7	9	9	Maximum of all ensemble members		Operational
4.7	10	10	Variance of all ensemble members		Operational
4.7	11	191	Reserved		Operational
4.7	192	254	Reserved for local use		Operational
4.7	255	255	Missing		Operational
4.8	0	0	Anomaly correlation		Operational
4.8	1	1	Root mean square		Operational
4.8	2	191	Reserved		Operational
4.8	192	254	Reserved for local use		Operational
4.8	255	255	Missing		Operational
4.91	0	0	Smaller than first limit		Operational
4.91	1	1	Greater than second limit		Operational
4.91	2	2	Between first and second limit. The range includes the first limit but not the second limit		Operational
4.91	3	3	Greater than first limit		Operational
4.91	4	4	Smaller than second limit		Operational
4.91	5	5	Smaller or equal first limit		Operational
4.91	6	6	Greater or equal second limit		Operational
4.91	7	7	Between first and second. The range includes the first limit and the second limit		Operational
4.91	8	8	Greater or equal first limit		Operational
4.91	9	9	Smaller or equal second limit		Operational
4.91	10	10	Between first and second limit. The range includes the second limit but not the first limit		Operational
4.91	11	11	Equal to first limit		Operational
4.91	12	191	Reserved		Operational
4.91	192	254	Reserved for local use		Operational
4.91	255	255	Missing		Operational
4.9	0	0	Probability of event below lower limit		Operational
4.9	1	1	Probability of event above upper limit		Operational
4.9	2	2	Probability of event between lower and upper limits (the range includes the lower limit but not the upper limit)		Operational
4.9	3	3	Probability of event above lower limit		Operational
4.9	4	4	Probability of event below upper limit		Operational
4.9	5	5	Probability of event equal to lower limit		Operational
4.9	6	6	Probability of event in above normal category		Operational
4.9	7	7	Probability of event in near normal category		Operational
4.9	8	8	Probability of event in below normal category		Operational
4.9	9	9	Probability based on counts of categorical boolean		Operational
4.9	10	10	Probability of event within the quantile of the probability distribution function		Operational
4.9	11	191	Reserved		Operational
4.9	192	254	Reserved for local use		Operational
4.9	255	255	Missing		Operational
5.0	0	0	Grid point data - simple packing		Operational
5.0	1	1	Matrix value at grid point - simple packing		Experimental
5.0	2	2	Grid point data - complex packing		Operational
5.0	3	3	Grid point data - complex packing and spatial differencing		Operational
5.0	4	4	Grid point data - IEEE floating point data		Operational
5.0	5	39	Reserved		Operational
5.0	40	40	Grid point data - JPEG 2000 code stream format		Operational
5.0	41	41	Grid point data - Portable Network Graphics (PNG)		Operational
5.0	42	42	Grid point data - CCSDS recommended lossless compression		Operational
5.0	43	49	Reserved		Operational
5.0	50	50	Spectral data - simple packing		Operational
5.0	51	51	Spherical harmonics data - complex packing		Operational
5.0	52	52	Reserved		Operational
5.0	53	53	Spectral data for limited area models - complex packing		Operational
5.0	54	60	Reserved		Operational
5.0	61	61	Grid point data - simple packing with logarithm pre-processing		Experimental
5.0	62	199	Reserved		Operational
5.0	200	200	Run length packing with level values		Operational
5.0	201	49151	Reserved		Operational
5.0	49152	65534	Reserved for local use		Operational
5.0	65535	65535	Missing		Operational
5.1	0	0	Floating point		Operational
5.1	1	1	Integer		Operational
5.1	2	191	Reserved		Operational
5.1	192	254	Reserved for local use		Operational
5.1	255	255	Missing		Operational
5.25	0	76	Reserved		Operational
5.25	77	77	Rectangular		Operational
5.25	78	87	Reserved		Operational
5.25	88	88	Elliptic		Operational
5.25	89	98	Reserved		Operational
5.25	99	99	Diamond		Operational
5.25	100	254	Reserved		Operational
5.25	255	255	Missing		Operational
5.26	0	0	Spectral coefficients for axes are packed		Operational
5.26	1	1	Spectral coefficients for axes included in the unpacked subset		Operational
5.26	2	254	Reserved		Operational
5.26	255	255	Missing		Operational
5.2	0	0	Explicit coordinate values set		Operational
5.2	1	1	Linear coordinates f(1) = C1, f(n) = f(n-1) + C2		Operational
5.2	2	10	Reserved		Operational
5.2	11	11	Geometric coordinates f(1) = C1, f(n) = C2 × f(n-1)		Operational
5.2	12	191	Reserved		Operational
5.2	192	254	Reserved for local use		Operational
5.2	255	255	Missing		Operational
5.3	1	1	Direction degrees true		Operational
5.3	2	2	Frequency (s-1)		Operational
5.3	3	3	Radial number (2pi/lambda) (m-1)		Operational
5.3	4	191	Reserved		Operational
5.3	192	254	Reserved for local use		Operational
5.3	255	255	Missing		Operational
5.40	0	0	Lossless		Operational
5.40	1	1	Lossy		Operational
5.40	2	254	Reserved		Operational
5.40	255	255	Missing		Operational
5.4	0	0	Row by row splitting		Operational
5.4	1	1	General group splitting		Operational
5.4	2	191	Reserved		Operational
5.4	192	254	Reserved for local use		Operational
5.4	255	255	Missing		Operational
5.5	0	0	No explicit missing values included within data values		Operational
5.5	1	1	Primary missing values included within data values		Operational
5.5	2	2	Primary and secondary missing values included within data values		Operational
5.5	3	191	Reserved		Operational
5.5	192	254	Reserved for local use		Operational
5.5	255	255	Missing		Operational
5.6	0	0	Reserved		Operational
5.6	1	1	First-order spatial differencing		Operational
5.6	2	2	Second-order spatial differencing		Operational
5.6	3	191	Reserved		Operational
5.6	192	254	Reserved for local use		Operational
5.6	255	255	Missing		Operational
5.7	0	0	Reserved		Operational
5.7	1	1	IEEE 32-bit (I=4 in section 7)		Operational
5.7	2	2	IEEE 64-bit (I=8 in section 7)		Operational
5.7	3	3	IEEE 128-bit (I=16 in section 7)		Operational
5.7	4	254	Reserved		Operational
5.7	255	255	Missing		Operational
6.0	0	0	A bit map applies to this product and is specified in this Section		Operational
6.0	1	253	A bit map predetermined by the originating/generating centre applies to this product and is not specified in this Section		Operational
6.0	254	254	A bit map defined previously in the same "GRIB" message applies to this product		Operational
6.0	255	255	A bit map does not apply to this product		Operational
