# generated by tables.Generate from wmo-im/GRIB2 v37; do not edit
1.0	24	1	Type of calendar	1.6		Operational
1.1	24-25	2	Number of tens of thousands of years of offset			Operational
1.2	24	1	Type of calendar	1.6		Operational
1.2	25-26	2	Number of tens of thousands of years of offset			Operational
3.0	15	1	Shape of the Earth	3.2		Operational
3.0	16	1	Scale factor of radius of spherical Earth			Operational
3.0	17-20	4	Scaled value of radius of spherical Earth			Operational
3.0	21	1	Scale factor of major axis of oblate spheroid Earth			Operational
3.0	22-25	4	Scaled value of major axis of oblate spheroid Earth			Operational
3.0	26	1	Scale factor of minor axis of oblate spheroid Earth			Operational
3.0	27-30	4	Scaled value of minor axis of oblate spheroid Earth			Operational
3.0	31-34	4	Ni - number of points along a parallel			Operational
3.0	35-38	4	Nj - number of points along a meridian			Operational
3.0	39-42	4	Basic angle of the initial production domain			Operational
3.0	43-46	4	Subdivisions of basic angle used to define extreme longitudes and latitudes, and direction increments			Operational
3.0	47-50	4	La1 - latitude of first grid point			Operational
3.0	51-54	4	Lo1 - longitude of first grid point			Operational
3.0	55	1	Resolution and component flags		3.3	Operational
3.0	56-59	4	La2 - latitude of last grid point			Operational
3.0	60-63	4	Lo2 - longitude of last grid point			Operational
3.0	64-67	4	Di - i direction increment			Operational
3.0	68-71	4	Dj - j direction increment			Operational
3.0	72	1	Scanning mode		3.4	Operational
3.0	73-nn	0	List of number of points along each meridian or parallel			Operational
3.1000	15	1	Shape of the Earth	3.2		Experimental
3.1000	16	1	Scale factor of radius of spherical Earth			Experimental
3.1000	17-20	4	Scaled value of radius of spherical Earth			Experimental
3.1000	21	1	Scale factor of major axis of oblate spheroid Earth			Experimental
3.1000	22-25	4	Scaled value of major axis of oblate spheroid Earth			Experimental
3.1000	26	1	Scale factor of minor axis of oblate spheroid Earth			Experimental
3.1000	27-30	4	Scaled value of minor axis of oblate spheroid Earth			Experimental
3.1000	31-34	4	Number of horizontal points			Experimental
3.1000	35-38	4	Basic angle of the initial production domain			Experimental
3.1000	39-42	4	Subdivisions of basic angle used to define extreme longitudes and latitudes			Experimental
3.1000	43-46	4	La1 - latitude of first grid point			Experimental
3.1000	47-50	4	Lo1 - longitude of first grid point			Experimental
3.1000	51	1	Scanning mode		3.4	Experimental
3.1000	52-55	4	La2 - latitude of last grid point			Experimental
3.1000	56-59	4	Lo2 - longitude of last grid point			Experimental
3.1000	60	1	Type of horizontal line	3.20		Experimental
3.1000	61-62	2	Number of vertical points			Experimental
3.1000	63	1	Physical meaning of vertical coordinate			Experimental
3.1000	64	1	Vertical dimension coordinate values definition			Experimental
3.1000	65-66	2	NC - number of coefficients or values used to specify vertical coordinates			Experimental
3.1000	67-(66+NCx4)	0	Coefficients to define vertical dimension coordinate values in functional form, or the explicit coordinate values (IEEE 32-bit floating-point values)			Experimental
3.100	15	1	n2 - exponent of 2 for the number of intervals on main triangle sides			Operational
3.100	16	1	n3 - exponent of 3 for the number of intervals on main triangle sides			Operational
3.100	17-18	2	ni - number of intervals on main triangle sides of the icosahedron			Operational
3.100	19	1	nd - number of diamonds			Operational
3.100	20-23	4	Latitude of the pole point of the icosahedron on the sphere			Operational
3.100	24-27	4	Longitude of the pole point of the icosahedron on the sphere			Operational
3.100	28-31	4	Longitude of the centre line of the first diamond of the icosahedron on the sphere			Operational
3.100	32	1	Grid point position	3.8		Operational
3.100	33	1	Numbering order of diamonds		3.9	Operational
3.100	34	1	Scanning mode for one diamond		3.10	Operational
3.100	35-38	4	nt - total number of grid points			Operational
3.101	15	1	Shape of the Earth	3.2		Operational
3.101	16-18	3	Number of grid used (defined by originating centre)			Operational
3.101	19	1	Number of grid in reference (to allow annotating for Arakawa C-grid on arbitrary grid)			Operational
3.101	20-35	16	Universally Unique Identifier of horizontal grid			Operational
3.10	15	1	Shape of the Earth	3.2		Operational
3.10	16	1	Scale factor of radius of spherical Earth			Operational
3.10	17-20	4	Scaled value of radius of spherical Earth			Operational
3.10	21	1	Scale factor of major axis of oblate spheroid Earth			Operational
3.10	22-25	4	Scaled value of major axis of oblate spheroid Earth			Operational
3.10	26	1	Scale factor of minor axis of oblate spheroid Earth			Operational
3.10	27-30	4	Scaled value of minor axis of oblate spheroid Earth			Operational
3.10	31-34	4	Ni - number of points along a parallel			Operational
3.10	35-38	4	Nj - number of points along a meridian			Operational
3.10	39-42	4	La1 - latitude of first grid point			Operational
3.10	43-46	4	Lo1 - longitude of first grid point			Operational
3.10	47	1	Resolution and component flags		3.3	Operational
3.10	48-51	4	LaD - latitude(s) at which the Mercator projection intersects the Earth (Latitude(s) where Di and Dj are specified)			Operational
3.10	52-55	4	La2 - latitude of last grid point			Operational
3.10	56-59	4	Lo2 - longitude of last grid point			Operational
3.10	60	1	Scanning mode		3.4	Operational
3.10	61-64	4	Orientation of the grid, angle between i direction on the map and the Equator			Operational
3.10	65-68	4	Di - longitudinal direction grid length			Operational
3.10	69-72	4	Dj - latitudinal direction grid length			Operational
3.10	73-nn	0	List of number of points along each meridian or parallel			Operational
3.1100	15	1	Shape of the Earth	3.2		Experimental
3.1100	16	1	Scale factor of radius of spherical Earth			Experimental
3.1100	17-20	4	Scaled value of radius of spherical Earth			Experimental
3.1100	21	1	Scale factor of major axis of oblate spheroid Earth			Experimental
3.1100	22-25	4	Scaled value of major axis of oblate spheroid Earth			Experimental
3.1100	26	1	Scale factor of minor axis of oblate spheroid Earth			Experimental
3.1100	27-30	4	Scaled value of minor axis of oblate spheroid Earth			Experimental
3.1100	31-34	4	Number of horizontal points			Experimental
3.1100	35-38	4	Basic angle of the initial production domain			Experimental
3.1100	39-42	4	Subdivisions of basic angle used to define extreme longitudes and latitudes			Experimental
3.1100	43-46	4	La1 - latitude of first grid point			Experimental
3.1100	47-50	4	Lo1 - longitude of first grid point			Experimental
3.1100	51	1	Scanning mode		3.4	Experimental
3.1100	52-55	4	La2 - latitude of last grid point			Experimental
3.1100	56-59	4	Lo2 - longitude of last grid point			Experimental
3.1100	60	1	Type of horizontal line	3.20		Experimental
3.1100	61-64	4	NT - number of time steps			Experimental
3.1100	65	1	Unit of offset from reference time			Experimental
3.1100	66-69	4	Offset from reference of first time (negative value when first bit set)			Experimental
3.1100	70	1	Type of time increment			Experimental
3.1100	71	1	Unit of time increment			Experimental
3.1100	72-75	4	Time increment (negative value when first bit set)			Experimental
3.1100	76-77	2	Year			Experimental
3.1100	78	1	Month			Experimental
3.1100	79	1	Day			Experimental
3.1100	80	1	Hour			Experimental
3.1100	81	1	Minute			Experimental
3.1100	82	1	Second			Experimental
3.110	15	1	Shape of the Earth	3.2		Operational
3.110	16	1	Scale factor of radius of spherical Earth			Operational
3.110	17-20	4	Scaled value of radius of spherical Earth			Operational
3.110	21	1	Scale factor of major axis of oblate spheroid Earth			Operational
3.110	22-25	4	Scaled value of major axis of oblate spheroid Earth			Operational
3.110	26	1	Scale factor of minor axis of oblate spheroid Earth			Operational
3.110	27-30	4	Scaled value of minor axis of oblate spheroid Earth			Operational
3.110	31-34	4	Nx - number of points along x-axis			Operational
3.110	35-38	4	Ny - number of points along y-axis			Operational
3.110	39-42	4	La1 - latitude of tangency point (centre of grid)			Operational
3.110	43-46	4	Lo1 - longitude of tangency point			Operational
3.110	47	1	Resolution and component flags		3.3	Operational
3.110	48-51	4	Dx - x-direction grid length in units of 10-3 m as measured at the point of the axis			Operational
3.110	52-55	4	Dy - y-direction grid length in units of 10-3 m as measured at the point of the axis			Operational
3.110	56	1	Projection centre flag			Operational
3.110	57	1	Scanning mode		3.4	Operational
3.1200	15-18	4	NT - number of time steps			Experimental
3.1200	19	1	Unit of offset from reference time	4.4		Experimental
3.1200	20-23	4	Offset from reference of first time (negative value when first bit set)			Experimental
3.1200	24	1	Type of time increment	4.11		Experimental
3.1200	25	1	Unit of time increment	4.4		Experimental
3.1200	26-29	4	Time increment (negative value when first bit set)			Experimental
3.1200	30-31	2	Year			Experimental
3.1200	32	1	Month			Experimental
3.1200	33	1	Day			Experimental
3.1200	34	1	Hour			Experimental
3.1200	35	1	Minute			Experimental
3.1200	36	1	Second			Experimental
3.1200	37-38	2	Number of vertical points			Experimental
3.1200	39	1	Physical meaning of vertical coordinate	3.15		Experimental
3.1200	40	1	Vertical dimension coordinate values definition	3.21		Experimental
3.1200	41-42	2	NC - number of coefficients or values used to specify vertical coordinates			Experimental
3.1200	43-(42+NCx4)	0	Coefficients to define vertical dimension coordinate values in functional form, or the explicit coordinate values (IEEE 32-bit floating-point values)			Experimental
3.120	15-18	4	Nb - number of data bins along radials			Operational
3.120	19-22	4	Nr - number of radials			Operational
3.120	23-26	4	La1 - latitude of centre point			Operational
3.120	27-30	4	Lo1 - longitude of centre point			Operational
3.120	31-34	4	Dx - spacing of bins along radials			Operational
3.120	35-38	4	Dstart - offset from origin to inner bound			Operational
3.120	39	1	Scanning mode		3.4	Operational
3.120	(40+4(X-1))-(41+4(X-1))	0	Azi - starting azimuth, degrees x 10 (degrees as north)			Operational
3.120	(42+4(X-1))-(43+4(X-1))	0	Adelta - azimuthal width, degrees x 100 (+ clockwise, - counterclockwise), with X = 1 to Nr			Operational
3.12	15	1	Shape of the Earth	3.2		Operational
3.12	16	1	Scale factor of radius of spherical Earth			Operational
3.12	17-20	4	Scaled value of radius of spherical Earth			Operational
3.12	21	1	Scale factor of major axis of oblate spheroid Earth			Operational
3.12	22-25	4	Scaled value of major axis of oblate spheroid Earth			Operational
3.12	26	1	Scale factor of minor axis of oblate spheroid Earth			Operational
3.12	27-30	4	Scaled value of minor axis of oblate spheroid Earth			Operational
3.12	31-34	4	Ni - number of points along i-axis			Operational
3.12	35-38	4	Nj - number of points along j-axis			Operational
3.12	39-42	4	LaR - geographic latitude of reference point			Operational
3.12	43-46	4	LoR - geographic longitude of reference point			Operational
3.12	47	1	Resolution and component flags		3.3	Operational
3.12	48-51	4	m - scale factor at reference point ratio of distance on map to distance on spheroid (IEEE 32-bit floating-point values)			Operational
3.12	52-55	4	XR - false easting, i-direction coordinate of reference point in units of 10-2 m			Operational
3.12	56-59	4	YR - false northing, j-direction coordinate of reference point in units of 10-2 m			Operational
3.12	60	1	Scanning mode		3.4	Operational
3.12	61-64	4	Di - i-direction increment length in units of 10-2 m			Operational
3.12	65-68	4	Dj - j-direction increment length in units of 10-2 m			Operational
3.12	69-72	4	x1 - i-direction coordinate of the first grid point in units of 10-2 m			Operational
3.12	73-76	4	y1 - j-direction coordinate of the first grid point in units of 10-2 m			Operational
3.12	77-80	4	x2 - i-direction coordinate of the last grid point in units of 10-2 m			Operational
3.12	81-84	4	y2 - j-direction coordinate of the last grid point in units of 10-2 m			Operational
3.13	15-nn	0	Same as grid definition template 3.10			Operational
3.13	[nn+1]-[nn+4]	0	Nux - size of model forecast subdomain in x-direction (number of grid points)			Operational
3.13	[nn+5]-[nn+8]	0	Ncx - width of coupling area within forecast domain in x-direction (number of grid points)			Operational
3.13	[nn+9]-[nn+12]	0	Nuy - size of model forecast subdomain in y-direction (number of grid points)			Operational
3.13	[nn+13]-[nn+16]	0	Ncy - width of coupling area within forecast domain in y-direction (number of grid points)			Operational
3.140	15	1	Shape of the Earth	3.2		Operational
3.140	16	1	Scale factor of radius of spherical Earth			Operational
3.140	17-20	4	Scaled value of radius of spherical Earth			Operational
3.140	21	1	Scale factor of major axis of oblate spheroid Earth			Operational
3.140	22-25	4	Scaled value of major axis of oblate spheroid Earth			Operational
3.140	26	1	Scale factor of minor axis of oblate spheroid Earth			Operational
3.140	27-30	4	Scaled value of minor axis of oblate spheroid Earth			Operational
3.140	31-34	4	Nx - number of points along the x-axis			Operational
3.140	35-38	4	Ny - number of points along the y-axis			Operational
3.140	39-42	4	La1 - latitude of first grid point			Operational
3.140	43-46	4	Lo1 - longitude of first grid point			Operational
3.140	47-50	4	Standard parallel			Operational
3.140	51-54	4	Central longitude			Operational
3.140	55	1	Resolution and component flags		3.3	Operational
3.140	56-59	4	Dx - x-direction grid length			Operational
3.140	60-63	4	Dy - y-direction grid length			Operational
3.140	64	1	Scanning mode			Operational
3.150	15	1	Shape of the Earth	3.2		Operational
3.150	16	1	Scale factor of radius of spherical Earth			Operational
3.150	17-20	4	Scaled value of radius of spherical Earth			Operational
3.150	21	1	Scale factor of major axis of oblate spheroid Earth			Operational
3.150	22-25	4	Scaled value of major axis of oblate spheroid Earth			Operational
3.150	26	1	Scale factor of minor axis of oblate spheroid Earth			Operational
3.150	27-30	4	Scaled value of minor axis of oblate spheroid Earth			Operational
3.150	31	1	Resolution and component flags		3.3	Operational
3.150	32-35	4	nsides - number of sides within a rhomboid shape			Operational
3.150	36-39	4	Lo - Longitude of the centre line of the first rhomboid			Operational
3.150	40	1	Grid point position		3.8	Operational
3.150	41	1	Numbering order		3.12	Operational
3.150	42	1	Scanning mode		3.13	Operational
3.1	15-72	58	Same as grid definition template 3.0			Operational
3.1	73-76	4	Latitude of the southern pole of projection			Operational
3.1	77-80	4	Longitude of the southern pole of projection			Operational
3.1	81-84	4	Angle of rotation of projection			Operational
3.1	85-nn	0	List of number of points along each meridian or parallel			Operational
3.20	15	1	Shape of the Earth	3.2		Operational
3.20	16	1	Scale factor of radius of spherical Earth			Operational
3.20	17-20	4	Scaled value of radius of spherical Earth			Operational
3.20	21	1	Scale factor of major axis of oblate spheroid Earth			Operational
3.20	22-25	4	Scaled value of major axis of oblate spheroid Earth			Operational
3.20	26	1	Scale factor of minor axis of oblate spheroid Earth			Operational
3.20	27-30	4	Scaled value of minor axis of oblate spheroid Earth			Operational
3.20	31-34	4	Nx - number of points along the x-axis			Operational
3.20	35-38	4	Ny - number of points along the y-axis			Operational
3.20	39-42	4	La1 - latitude of first grid point			Operational
3.20	43-46	4	Lo1 - longitude of first grid point			Operational
3.20	47	1	Resolution and component flags		3.3	Operational
3.20	48-51	4	LaD - latitude where Dx and Dy are specified			Operational
3.20	52-55	4	LoV - orientation of the grid			Operational
3.20	56-59	4	Dx - x-direction grid length			Operational
3.20	60-63	4	Dy - y-direction grid length			Operational
3.20	64	1	Projection centre flag		3.5	Operational
3.20	65	1	Scanning mode		3.4	Operational
3.23	15-65	51	Same as grid definition template 3.20			Operational
3.23	66-69	4	Nux - size of model forecast subdomain in x-direction (number of grid points)			Operational
3.23	70-73	4	Ncx - width of coupling area within forecast domain in x-direction (number of grid points)			Operational
3.23	74-77	4	Nuy - size of model forecast subdomain in y-direction (number of grid points)			Operational
3.23	78-81	4	Ncy - width of coupling area within forecast domain in y-direction (number of grid points)			Operational
3.2	15-72	58	Same as grid definition template 3.0			Operational
3.2	73-76	4	Latitude of the pole of stretching			Operational
3.2	77-80	4	Longitude of the pole of stretching			Operational
3.2	81-84	4	Stretching factor			Operational
3.2	85-nn	0	List of number of points along each meridian or parallel			Operational
3.30	15	1	Shape of the Earth	3.2		Operational
3.30	16	1	Scale factor of radius of spherical Earth			Operational
3.30	17-20	4	Scaled value of radius of spherical Earth			Operational
3.30	21	1	Scale factor of major axis of oblate spheroid Earth			Operational
3.30	22-25	4	Scaled value of major axis of oblate spheroid Earth			Operational
3.30	26	1	Scale factor of minor axis of oblate spheroid Earth			Operational
3.30	27-30	4	Scaled value of minor axis of oblate spheroid Earth			Operational
3.30	31-34	4	Nx - number of points along the x-axis			Operational
3.30	35-38	4	Ny - number of points along the y-axis			Operational
3.30	39-42	4	La1 - latitude of first grid point			Operational
3.30	43-46	4	Lo1 - longitude of first grid point			Operational
3.30	47	1	Resolution and component flags		3.3	Operational
3.30	48-51	4	LaD - latitude where Dx and Dy are specified			Operational
3.30	52-55	4	LoV - longitude of meridian parallel to y-axis along which latitude increases as the y-coordinate increases			Operational
3.30	56-59	4	Dx - x-direction grid length			Operational
3.30	60-63	4	Dy - y-direction grid length			Operational
3.30	64	1	Projection centre flag		3.5	Operational
3.30	65	1	Scanning mode		3.4	Operational
3.30	66-69	4	Latin 1 - first latitude from the pole at which the secant cone cuts the sphere			Operational
3.30	70-73	4	Latin 2 - second latitude from the pole at which the secant cone cuts the sphere			Operational
3.30	74-77	4	Latitude of the southern pole of projection			Operational
3.30	78-81	4	Longitude of the southern pole of projection			Operational
3.31	15	1	Shape of the Earth	3.2		Operational
3.31	16	1	Scale factor of radius of spherical Earth			Operational
3.31	17-20	4	Scaled value of radius of spherical Earth			Operational
3.31	21	1	Scale factor of major axis of oblate spheroid Earth			Operational
3.31	22-25	4	Scaled value of major axis of oblate spheroid Earth			Operational
3.31	26	1	Scale factor of minor axis of oblate spheroid Earth			Operational
3.31	27-30	4	Scaled value of minor axis of oblate spheroid Earth			Operational
3.31	31-34	4	Nx - number of points along the x-axis			Operational
3.31	35-38	4	Ny - number of points along the y-axis			Operational
3.31	39-42	4	La1 - latitude of first grid point			Operational
3.31	43-46	4	Lo1 - longitude of first grid point			Operational
3.31	47	1	Resolution and component flags		3.3	Operational
3.31	48-51	4	LaD - latitude where Dx and Dy are specified			Operational
3.31	52-55	4	LoV - longitude of meridian parallel to y-axis along which latitude increases as the y-coordinate increases			Operational
3.31	56-59	4	Dx - x-direction grid length			Operational
3.31	60-63	4	Dy - y-direction grid length			Operational
3.31	64	1	Projection centre flag		3.5	Operational
3.31	65	1	Scanning mode		3.4	Operational
3.31	66-69	4	Latin 1 - first latitude from the pole at which the secant cone cuts the sphere			Operational
3.31	70-73	4	Latin 2 - second latitude from the pole at which the secant cone cuts the sphere			Operational
3.31	74-77	4	Latitude of the southern pole of projection			Operational
3.31	78-81	4	Longitude of the southern pole of projection			Operational
3.33	15-81	67	Same as grid definition template 3.30			Operational
3.33	82-85	4	Nux - size of model forecast subdomain in x-direction (number of grid points)			Operational
3.33	86-89	4	Ncx - width of coupling area within forecast domain in x-direction (number of grid points)			Operational
3.33	90-93	4	Nuy - size of model forecast subdomain in y-direction (number of grid points)			Operational
3.33	94-97	4	Ncy - width of coupling area within forecast domain in y-direction (number of grid points)			Operational
3.3	15-72	58	Same as grid definition template 3.0			Operational
3.3	73-76	4	Latitude of the southern pole of projection			Operational
3.3	77-80	4	Longitude of the southern pole of projection			Operational
3.3	81-84	4	Angle of rotation of projection			Operational
3.3	85-88	4	Latitude of the pole of stretching			Operational
3.3	89-92	4	Longitude of the pole of stretching			Operational
3.3	93-96	4	Stretching factor			Operational
3.3	97-nn	0	List of number of points along each meridian or parallel			Operational
3.40	15	1	Shape of the Earth	3.2		Operational
3.40	16	1	Scale factor of radius of spherical Earth			Operational
3.40	17-20	4	Scaled value of radius of spherical Earth			Operational
3.40	21	1	Scale factor of major axis of oblate spheroid Earth			Operational
3.40	22-25	4	Scaled value of major axis of oblate spheroid Earth			Operational
3.40	26	1	Scale factor of minor axis of oblate spheroid Earth			Operational
3.40	27-30	4	Scaled value of minor axis of oblate spheroid Earth			Operational
3.40	31-34	4	Ni - number of points along a parallel			Operational
3.40	35-38	4	Nj - number of points along a meridian			Operational
3.40	39-42	4	Basic angle of the initial production domain			Operational
3.40	43-46	4	Subdivisions of basic angle used to define extreme longitudes and latitudes, and direction increments			Operational
3.40	47-50	4	La1 - latitude of first grid point			Operational
3.40	51-54	4	Lo1 - longitude of first grid point			Operational
3.40	55	1	Resolution and component flags		3.3	Operational
3.40	56-59	4	La2 - latitude of last grid point			Operational
3.40	60-63	4	Lo2 - longitude of last grid point			Operational
3.40	64-67	4	Di - i direction increment			Operational
3.40	68-71	4	N - number of parallels between a pole and the Equator			Operational
3.40	72	1	Scanning mode		3.4	Operational
3.40	73-nn	0	List of number of points along each meridian or parallel			Operational
3.41	15-72	58	Same as grid definition template 3.40			Operational
3.41	73-76	4	Latitude of the southern pole of projection			Operational
3.41	77-80	4	Longitude of the southern pole of projection			Operational
3.41	81-84	4	Angle of rotation of projection			Operational
3.41	85-nn	0	List of number of points along each meridian or parallel			Operational
3.42	15-72	58	Same as grid definition template 3.40			Operational
3.42	73-76	4	Latitude of the pole of stretching			Operational
3.42	77-80	4	Longitude of the pole of stretching			Operational
3.42	81-84	4	Stretching factor			Operational
3.42	85-nn	0	List of number of points along each meridian or parallel			Operational
3.43	15-72	58	Same as grid definition template 3.40			Operational
3.43	73-76	4	Latitude of the southern pole of projection			Operational
3.43	77-80	4	Longitude of the southern pole of projection			Operational
3.43	81-84	4	Angle of rotation of projection			Operational
3.43	85-88	4	Latitude of the pole of stretching			Operational
3.43	89-92	4	Longitude of the pole of stretching			Operational
3.43	93-96	4	Stretching factor			Operational
3.43	97-nn	0	List of number of points along each meridian or parallel			Operational
3.4	15	1	Shape of the Earth	3.2		Operational
3.4	16	1	Scale factor of radius of spherical Earth			Operational
3.4	17-20	4	Scaled value of radius of spherical Earth			Operational
3.4	21	1	Scale factor of major axis of oblate spheroid Earth			Operational
3.4	22-25	4	Scaled value of major axis of oblate spheroid Earth			Operational
3.4	26	1	Scale factor of minor axis of oblate spheroid Earth			Operational
3.4	27-30	4	Scaled value of minor axis of oblate spheroid Earth			Operational
3.4	31-34	4	Ni - number of points along a parallel			Operational
3.4	35-38	4	Nj - number of points along a meridian			Operational
3.4	39-42	4	Basic angle of the initial production domain			Operational
3.4	43-46	4	Subdivisions of basic angle used to define extreme longitudes and latitudes, and direction increments			Operational
3.4	47	1	Resolution and component flags		3.3	Operational
3.4	48	1	Scanning mode		3.4	Operational
3.4	49-ii	0	List of longitudes			Operational
3.4	(ii+1)-jj	0	List of latitudes			Operational
3.50	15-18	4	J - pentagonal resolution parameter			Operational
3.50	19-22	4	K - pentagonal resolution parameter			Operational
3.50	23-26	4	M - pentagonal resolution parameter			Operational
3.50	27	1	Representation type indicating the method used to define the norm	3.6		Operational
3.50	28	1	Representation mode indicating the order of the coefficients	3.7		Operational
3.51	15-28	14	Same as grid definition template 3.50			Operational
3.51	29-32	4	Latitude of the southern pole of projection			Operational
3.51	33-36	4	Longitude of the southern pole of projection			Operational
3.51	37-40	4	Angle of rotation of projection			Operational
3.52	15-28	14	Same as grid definition template 3.50			Operational
3.52	29-32	4	Latitude of the pole of stretching			Operational
3.52	33-36	4	Longitude of the pole of stretching			Operational
3.52	37-40	4	Stretching factor			Operational
3.53	15-28	14	Same as grid definition template 3.50			Operational
3.53	29-32	4	Latitude of the southern pole of projection			Operational
3.53	33-36	4	Longitude of the southern pole of projection			Operational
3.53	37-40	4	Angle of rotation of projection			Operational
3.53	41-44	4	Latitude of pole of stretching			Operational
3.53	45-48	4	Longitude of pole of stretching			Operational
3.53	49-52	4	Stretching factor			Operational
3.5	15-48	34	Same as grid definition template 3.4			Operational
3.5	49-52	4	Latitude of the southern pole of projection			Operational
3.5	53-56	4	Longitude of the southern pole of projection			Operational
3.5	57-60	4	Angle of rotation of projection			Operational
3.5	61-ii	0	List of longitudes			Operational
3.5	(ii+1)-jj	0	List of latitudes			Operational
3.61	15	1	Spectral representation type	3.6		Operational
3.61	16-19	4	N - bi-Fourier resolution parameter			Operational
3.61	20-23	4	M - bi-Fourier resolution parameter			Operational
3.61	24	1	Bi-Fourier truncation type	3.25		Operational
3.61	25-32	8	Lx - size in metres of the domain along x-axis			Operational
3.61	33-40	8	Lux - size in metres of model forecast subdomain along x-axis			Operational
3.61	41-48	8	Lcx - width in metres of coupling area within forecast domain along x-axis			Operational
3.61	49-56	8	Ly - size in metres of the domain along y-axis			Operational
3.61	57-64	8	Luy - size in metres of model forecast subdomain along y-axis			Operational
3.61	65-72	8	Lcy - width in metres of coupling area within forecast domain along y-axis			Operational
3.61	73	1	Shape of the Earth	3.2		Operational
3.61	74	1	Scale factor of radius of spherical Earth			Operational
3.61	75-78	4	Scaled value of radius of spherical Earth			Operational
3.61	79	1	Scale factor of major axis of oblate spheroid Earth			Operational
3.61	80-83	4	Scaled value of major axis of oblate spheroid Earth			Operational
3.61	84	1	Scale factor of minor axis of oblate spheroid Earth			Operational
3.61	85-88	4	Scaled value of minor axis of oblate spheroid Earth			Operational
3.61	89-92	4	La1 - latitude of first grid point			Operational
3.61	93-96	4	Lo1 - longitude of first grid point			Operational
3.61	97-100	4	LaD - latitude(s) at which the Mercator projection intersects the Earth (latitude(s) where Di and Dj are specified)			Operational
3.61	101-104	4	La2 - latitude of last grid point			Operational
3.61	105-108	4	Lo2 - longitude of last grid point			Operational
3.61	109-112	4	Orientation of the grid, angle between i-direction on the map and the Equator			Operational
3.62	15	1	Spectral representation type	3.6		Operational
3.62	16-19	4	N - bi-Fourier resolution parameter			Operational
3.62	20-23	4	M - bi-Fourier resolution parameter			Operational
3.62	24	1	Bi-Fourier truncation type	3.25		Operational
3.62	25-32	8	Lx - size in metres of the domain along x-axis			Operational
3.62	33-40	8	Lux - size in metres of model forecast subdomain along x-axis			Operational
3.62	41-48	8	Lcx - width in metres of coupling area within forecast domain along x-axis			Operational
3.62	49-56	8	Ly - size in metres of the domain along y-axis			Operational
3.62	57-64	8	Luy - size in metres of model forecast subdomain along y-axis			Operational
3.62	65-72	8	Lcy - width in metres of coupling area within forecast domain along y-axis			Operational
3.62	73	1	Shape of the Earth	3.2		Operational
3.62	74	1	Scale factor of radius of spherical Earth			Operational
3.62	75-78	4	Scaled value of radius of spherical Earth			Operational
3.62	79	1	Scale factor of major axis of oblate spheroid Earth			Operational
3.62	80-83	4	Scaled value of major axis of oblate spheroid Earth			Operational
3.62	84	1	Scale factor of minor axis of oblate spheroid Earth			Operational
3.62	85-88	4	Scaled value of minor axis of oblate spheroid Earth			Operational
3.62	89-92	4	La1 - latitude of first grid point			Operational
3.62	93-96	4	Lo1 - longitude of first grid point			Operational
3.62	97	1	Resolution and component flags			Operational
3.62	98-101	4	LaD - latitude where Dx and Dy are specified			Operational
3.62	102-105	4	LoV - orientation of the grid			Operational
3.62	106	1	Projection centre flag			Operational
3.63	15	1	Spectral representation type	3.6		Operational
3.63	16-19	4	N - bi-Fourier resolution parameter			Operational
3.63	20-23	4	M - bi-Fourier resolution parameter			Operational
3.63	24	1	Bi-Fourier truncation type	3.25		Operational
3.63	25-32	8	Lx - size in metres of the domain along x-axis			Operational
3.63	33-40	8	Lux - size in metres of model forecast subdomain along x-axis			Operational
3.63	41-48	8	Lcx - width in metres of coupling area within forecast domain along x-axis			Operational
3.63	49-56	8	Ly - size in metres of the domain along y-axis			Operational
3.63	57-64	8	Luy - size in metres of model forecast subdomain along y-axis			Operational
3.63	65-72	8	Lcy - width in metres of coupling area within forecast domain along y-axis			Operational
3.63	73	1	Shape of the Earth	3.2		Operational
3.63	74	1	Scale factor of radius of spherical Earth			Operational
3.63	75-78	4	Scaled value of radius of spherical Earth			Operational
3.63	79	1	Scale factor of major axis of oblate spheroid Earth			Operational
3.63	80-83	4	Scaled value of major axis of oblate spheroid Earth			Operational
3.63	84	1	Scale factor of minor axis of oblate spheroid Earth			Operational
3.63	85-88	4	Scaled value of minor axis of oblate spheroid Earth			Operational
3.63	89-92	4	La1 - latitude of first grid point			Operational
3.63	93-96	4	Lo1 - longitude of first grid point			Operational
3.63	97-100	4	LaD - latitude where Dx and Dy are specified			Operational
3.63	101-104	4	LoV - longitude of meridian parallel to y-axis along which latitude increases as the y-coordinate increases			Operational
3.63	105	1	Projection centre flag		3.5	Operational
3.63	106-109	4	Latin 1 - first latitude from the pole at which the secant cone cuts the sphere			Operational
3.63	110-113	4	Latin 2 - second latitude from the pole at which the secant cone cuts the sphere			Operational
3.63	114-117	4	Latitude of the southern pole of projection			Operational
3.63	118-121	4	Longitude of the southern pole of projection			Operational
3.90	15	1	Shape of the Earth	3.2		Operational
3.90	16	1	Scale factor of radius of spherical Earth			Operational
3.90	17-20	4	Scaled value of radius of spherical Earth			Operational
3.90	21	1	Scale factor of major axis of oblate spheroid Earth			Operational
3.90	22-25	4	Scaled value of major axis of oblate spheroid Earth			Operational
3.90	26	1	Scale factor of minor axis of oblate spheroid Earth			Operational
3.90	27-30	4	Scaled value of minor axis of oblate spheroid Earth			Operational
3.90	31-34	4	Nx - number of points along x-axis (columns)			Operational
3.90	35-38	4	Ny - number of points along y-axis (rows or lines)			Operational
3.90	39-42	4	Lap - latitude of sub-satellite point			Operational
3.90	43-46	4	Lop - longitude of sub-satellite point			Operational
3.90	47	1	Resolution and component flags		3.3	Operational
3.90	48-51	4	dx - apparent diameter of Earth in grid lengths, in x-direction			Operational
3.90	52-55	4	dy - apparent diameter of Earth in grid lengths, in y-direction			Operational
3.90	56-59	4	Xp - x-coordinate of sub-satellite point (in units of 10-3 grid length expressed as an integer)			Operational
3.90	60-63	4	Yp - y-coordinate of sub-satellite point (in units of 10-3 grid length expressed as an integer)			Operational
3.90	64	1	Scanning mode		3.4	Operational
3.90	65-68	4	Orientation of the grid; i.e. the angle between the increasing y-axis and the meridian of the sub-satellite point in the direction of increasing latitude			Operational
3.90	69-72	4	Nr - altitude of the camera from the Earth's centre, measured in units of the Earth's (equatorial) radius multiplied by a scale factor of 106			Operational
3.90	73-76	4	Xo - x-coordinate of origin of sector image			Operational
3.90	77-80	4	Yo - y-coordinate of origin of sector image			Operational
4.0	10	1	Parameter category	4.1		Operational
4.0	11	1	Parameter number	4.2		Operational
4.0	12	1	Type of generating process	4.3		Operational
4.0	13	1	Background generating process identifier (defined by originating centre)			Operational
4.0	14	1	Analysis or forecast generating process identifier (defined by originating centre)			Operational
4.0	15-16	2	Hours of observational data cut-off after reference time			Operational
4.0	17	1	Minutes of observational data cut-off after reference time			Operational
4.0	18	1	Indicator of unit of time range	4.4		Operational
4.0	19-22	4	Forecast time in units defined by octet 18			Operational
4.0	23	1	Type of first fixed surface	4.5		Operational
4.0	24	1	Scale factor of first fixed surface			Operational
4.0	25-28	4	Scaled value of first fixed surface			Operational
4.0	29	1	Type of second fixed surface	4.5		Operational
4.0	30	1	Scale factor of second fixed surface			Operational
4.0	31-34	4	Scaled value of second fixed surface			Operational
4.1000	10	1	Parameter category	4.1		Experimental
4.1000	11	1	Parameter number	4.2		Experimental
4.1000	12	1	Type of generating process	4.3		Experimental
4.1000	13	1	Background generating process identifier (defined by originating centre)			Experimental
4.1000	14	1	Analysis or forecast generating process identifier (defined by originating centre)			Experimental
4.1000	15-16	2	Hours of observational data cut-off after reference time			Experimental
4.1000	17	1	Minutes of observational data cut-off after reference time			Experimental
4.1000	18	1	Indicator of unit of time range	4.4		Experimental
4.1000	19-22	4	Forecast time in units defined by octet 18			Experimental
4.1001	10	1	Parameter category	4.1		Experimental
4.1001	11	1	Parameter number	4.2		Experimental
4.1001	12	1	Type of generating process	4.3		Experimental
4.1001	13	1	Background generating process identifier (defined by originating centre)			Experimental
4.1001	14	1	Analysis or forecast generating process identifier (defined by originating centre)			Experimental
4.1001	15-16	2	Hours of observational data cut-off after reference time			Experimental
4.1001	17	1	Minutes of observational data cut-off after reference time			Experimental
4.1001	18	1	Indicator of unit of time range	4.4		Experimental
4.1001	19-22	4	Forecast time in units defined by octet 18			Experimental
4.1001	23-26	4	Total number of data values missing in the statistical process			Experimental
4.1001	27	1	Statistical process used to calculate the processed field from the field at each time increment during the time range	4.10		Experimental
4.1001	28	1	Type of time increment between successive fields used in the statistical processing	4.11		Experimental
4.1001	29	1	Indicator of unit of time for time range over which statistical processing is done	4.4		Experimental
4.1001	30-33	4	Length of the time range over which statistical processing is done, in units defined by the previous octet			Experimental
4.1001	34	1	Indicator of unit of time for the increment between the successive fields used	4.4		Experimental
4.1001	35-38	4	Time increment between successive fields, in units defined by the previous octet			Experimental
4.1002	10	1	Parameter category	4.1		Experimental
4.1002	11	1	Parameter number	4.2		Experimental
4.1002	12	1	Type of generating process	4.3		Experimental
4.1002	13	1	Background generating process identifier (defined by originating centre)			Experimental
4.1002	14	1	Analysis or forecast generating process identifier (defined by originating centre)			Experimental
4.1002	15-16	2	Hours of observational data cut-off after reference time			Experimental
4.1002	17	1	Minutes of observational data cut-off after reference time			Experimental
4.1002	18	1	Indicator of unit of time range	4.4		Experimental
4.1002	19-22	4	Forecast time in units defined by octet 18			Experimental
4.1002	23	1	Horizontal dimension processed	4.220		Experimental
4.1002	24	1	Treatment of missing data (e.g. below ground)	4.221		Experimental
4.1002	25	1	Type of statistical processing	4.10		Experimental
4.1002	26-29	4	Start of range			Experimental
4.1002	30-33	4	End of range			Experimental
4.1002	34-35	2	Number of values			Experimental
4.100	10	1	Parameter category	4.1		Operational
4.100	11	1	Parameter number	4.2		Operational
4.100	12-13	2	Wave direction number			Operational
4.100	14-15	2	Number of wave directions (ND)			Operational
4.100	16-17	2	Wave frequency number			Operational
4.100	18-19	2	Number of wave frequencies (NF)			Operational
4.100	20	1	Type of generating process	4.3		Operational
4.100	21	1	Background generating process identifier (defined by originating centre)			Operational
4.100	22	1	Analysis or forecast generating process identifier (defined by originating centre)			Operational
4.100	23-24	2	Hours of observational data cut-off after reference time			Operational
4.100	25	1	Minutes of observational data cut-off after reference time			Operational
4.100	26	1	Indicator of unit of time range	4.4		Operational
4.100	27-30	4	Forecast time in units defined by previous octet			Operational
4.100	31	1	Type of ensemble forecast	4.6		Operational
4.100	32	1	Perturbation number			Operational
4.100	33	1	Number of forecasts in ensemble			Operational
4.100	34	1	Scale factor of wave directions			Operational
4.100	(35+(ND-1)*4)-(38+(ND-1)*4)	0	Scaled values of wave directions			Operational
4.100	39+(ND-1)*4	0	Scale factor of wave frequencies			Operational
4.100	(40+(ND-1)*4+(NF-1)*4)-(43+(ND-1)*4+(NF-1)*4)	0	Scaled values of wave frequencies			Operational
4.101	10	1	Parameter category	4.1		Operational
4.101	11	1	Parameter number	4.2		Operational
4.101	12-13	2	Wave direction number			Operational
4.101	14-15	2	Number of wave directions (ND)			Operational
4.101	16-17	2	Wave frequency number			Operational
4.101	18-19	2	Number of wave frequencies (NF)			Operational
4.101	20	1	Type of generating process	4.3		Operational
4.101	21	1	Background generating process identifier (defined by originating centre)			Operational
4.101	22	1	Analysis or forecast generating process identifier (defined by originating centre)			Operational
4.101	23-24	2	Hours of observational data cut-off after reference time			Operational
4.101	25	1	Minutes of observational data cut-off after reference time			Operational
4.101	26	1	Indicator of unit of time range	4.4		Operational
4.101	27-30	4	Forecast time in units defined by previous octet			Operational
4.101	31	1	Type of wave direction sequence	4.251		Operational
4.101	32	1	Number of wave direction sequence parameters (NDSP)			Operational
4.101	33+(NDSP-1)*5	0	Scale factor of wave direction sequence parameter			Operational
4.101	(34+(NDSP-1)*5)-(37+(NDSP-1)*5)	0	Scaled value of wave direction sequence parameter			Operational
4.101	33+NDSP*5	0	Type of wave frequency sequence	4.251		Operational
4.101	34+NDSP*5	0	Number of wave frequency sequence parameters (NFSP)			Operational
4.101	35+NDSP*5+(NFSP-1)*5	0	Scale factor of wave frequency sequence parameter			Operational
4.101	(36+NDSP*5+(NFSP-1)*5)-(39+NDSP*5+(NFSP-1)*5)	0	Scaled value of wave frequency sequence parameter			Operational
4.102	10	1	Parameter category	4.1		Operational
4.102	11	1	Parameter number	4.2		Operational
4.102	12-13	2	Wave direction number			Operational
4.102	14-15	2	Number of wave directions (ND)			Operational
4.102	16-17	2	Wave frequency number			Operational
4.102	18-19	2	Number of wave frequencies (NF)			Operational
4.102	20	1	Type of generating process	4.3		Operational
4.102	21	1	Background generating process identifier (defined by originating centre)			Operational
4.102	22	1	Analysis or forecast generating process identifier (defined by originating centre)			Operational
4.102	23-24	2	Hours of observational data cut-off after reference time			Operational
4.102	25	1	Minutes of observational data cut-off after reference time			Operational
4.102	26	1	Indicator of unit of time range	4.4		Operational
4.102	27-30	4	Forecast time in units defined by previous octet			Operational
4.102	31	1	Type of ensemble forecast	4.6		Operational
4.102	32	1	Perturbation number			Operational
4.102	33	1	Number of forecasts in ensemble			Operational
4.102	34	1	Type of wave direction sequence	4.251		Operational
4.102	35	1	Number of wave direction sequence parameters (NDSP)			Operational
4.102	36+(NDSP-1)*5	0	Scale factor of wave direction sequence parameter			Operational
4.102	(37+(NDSP-1)*5)-(40+(NDSP-1)*5)	0	Scaled value of wave direction sequence parameter			Operational
4.102	36+NDSP*5	0	Type of wave frequency sequence	4.251		Operational
4.102	37+NDSP*5	0	Number of wave frequency sequence parameters (NFSP)			Operational
4.102	38+NDSP*5+(NFSP-1)*5	0	Scale factor of wave frequency sequence parameter			Operational
4.102	(39+NDSP*5+(NFSP-1)*5)-(42+NDSP*5+(NFSP-1)*5)	0	Scaled value of wave frequency sequence parameter			Operational
4.103	10	1	Parameter category	4.1		Operational
4.103	11	1	Parameter number	4.2		Operational
4.103	12	1	Type of wave period interval	4.91		Operational
4.103	13	1	Scale factor of lower wave period limit			Operational
4.103	14-17	4	Scaled value of lower wave period limit			Operational
4.103	18	1	Scale factor of upper wave period limit			Operational
4.103	19-22	4	Scaled value of upper wave period limit			Operational
4.103	23	1	Type of generating process	4.3		Operational
4.103	24	1	Background generating process identifier (defined by originating centre)			Operational
4.103	25	1	Analysis or forecast generating process identifier (defined by originating centre)			Operational
4.103	26-27	2	Hours of observational data cut-off after reference time			Operational
4.103	28	1	Minutes of observational data cut-off after reference time			Operational
4.103	29	1	Indicator of unit of time range	4.4		Operational
4.103	30-33	4	Forecast time in units defined by previous octet			Operational
4.103	34	1	Type of first fixed surface	4.5		Operational
4.103	35	1	Scale factor of first fixed surface			Operational
4.103	36-39	4	Scaled value of first fixed surface			Operational
4.103	40	1	Type of second fixed surface	4.5		Operational
4.103	41	1	Scale factor of second fixed surface			Operational
4.103	42-45	4	Scaled value of second fixed surface			Operational
4.104	10	1	Parameter category	4.1		Operational
4.104	11	1	Parameter number	4.2		Operational
4.104	12	1	Type of wave period interval	4.91		Operational
4.104	13	1	Scale factor of lower wave period limit			Operational
4.104	14-17	4	Scaled value of lower wave period limit			Operational
4.104	18	1	Scale factor of upper wave period limit			Operational
4.104	19-22	4	Scaled value of upper wave period limit			Operational
4.104	23	1	Type of generating process	4.3		Operational
4.104	24	1	Background generating process identifier (defined by originating centre)			Operational
4.104	25	1	Analysis or forecast generating process identifier (defined by originating centre)			Operational
4.104	26-27	2	Hours of observational data cut-off after reference time			Operational
4.104	28	1	Minutes of observational data cut-off after reference time			Operational
4.104	29	1	Indicator of unit of time range	4.4		Operational
4.104	30-33	4	Forecast time in units defined by previous octet			Operational
4.104	34	1	Type of first fixed surface	4.5		Operational
4.104	35	1	Scale factor of first fixed surface			Operational
4.104	36-39	4	Scaled value of first fixed surface			Operational
4.104	40	1	Type of second fixed surface	4.5		Operational
4.104	41	1	Scale factor of second fixed surface			Operational
4.104	42-45	4	Scaled value of second fixed surface			Operational
4.104	46	1	Type of ensemble forecast	4.6		Operational
4.104	47	1	Perturbation number			Operational
4.104	48	1	Number of forecasts in ensemble			Operational
4.105	10	1	Parameter category	4.1		Operational
4.105	11	1	Parameter number	4.2		Operational
4.105	12	1	Type of generating process	4.3		Operational
4.105	13	1	Background generating process identifier (defined by originating centre)			Operational
4.105	14	1	Analysis or forecast generating process identifier (defined by originating centre)			Operational
4.105	15-16	2	Hours of observational data cut-off after reference time			Operational
4.105	17	1	Minutes of observational data cut-off after reference time			Operational
4.105	18	1	Indicator of unit of time range	4.4		Operational
4.105	19-22	4	Forecast time in units defined by previous octet			Operational
4.105	23	1	Type of first fixed surface	4.5		Operational
4.105	24	1	Scale factor of first fixed surface			Operational
4.105	25-28	4	Scaled value of first fixed surface			Operational
4.105	29	1	Type of second fixed surface	4.5		Operational
4.105	30	1	Scale factor of second fixed surface			Operational
4.105	31-34	4	Scaled value of second fixed surface			Operational
4.105	35-36	2	Year of end of overall time interval			Operational
4.105	37	1	Month of end of overall time interval			Operational
4.105	38	1	Day of end of overall time interval			Operational
4.105	39	1	Hour of end of overall time interval			Operational
4.105	40	1	Minute of end of overall time interval			Operational
4.105	41	1	Second of end of overall time interval			Operational
4.105	42	1	Number of time range (NT)			Operational
4.105	43-46	4	Number of missing in statistical process			Operational
4.105	47+(nt-1)*12	0	Type of statistical processing			Operational
4.105	48+(nt-1)*12	0	Type of time increment			Operational
4.105	49+(nt-1)*12	0	Indicator of unit for time range			Operational
4.105	(50+(nt-1)*12)-(53+(nt-1)*12)	0	Length of time range			Operational
4.105	54+(nt-1)*12	0	Indicator of unit for time increment	4.4		Operational
4.105	(55+(nt-1)*12)-(58+(nt-1)*12)	0	Time increment			Operational
4.105	59+(NT-1)*12	0	Type of reference dataset	4.100		Operational
4.105	60+(NT-1)*12	0	Type of relation to reference dataset	4.101		Operational
4.105	61+(NT-1)*12	0	Number of additional parameters for reference period - NA			Operational
4.105	62+(NT-1)*12+(na-1)*5	0	Scale factor of additional parameters for reference period			Operational
4.105	(63+(NT-1)*12+(na-1)*5)-(66+(NT-1)*12+(na-1)*5)	0	Scaled value of additional parameters for reference period			Operational
4.105	(62+(NT-1)*12+NA*5)-(63+(NT-1)*12+NA*5)	0	Year of start of reference period			Operational
4.105	64+(NT-1)*12+NA*5	0	Month of start of reference period			Operational
4.105	65+(NT-1)*12+NA*5	0	Day of start of reference period			Operational
4.105	66+(NT-1)*12+NA*5	0	Hour of start of reference period			Operational
4.105	67+(NT-1)*12+NA*5	0	Minute of start of reference period			Operational
4.105	68+(NT-1)*12+NA*5	0	Second of start of reference period			Operational
4.105	(69+(NT-1)*12+NA*5)-(72+(NT-1)*12+NA*5)	0	Sample size of reference period			Operational
4.105	73+(NT-1)*12+NA*5	0	Number of reference period time range - NR			Operational
4.105	74+(NT-1)*12+NA*5+(nr-1)*6	0	Type of statistical processing for time range for reference period	4.102		Operational
4.105	75+(NT-1)*12+NA*5+(nr-1)*6	0	Indicator of unit of time range for reference period	4.4		Operational
4.105	(76+(NT-1)*12+NA*5+(nr-1)*6)-(79+(NT-1)*12+NA*5+(nr-1)*6)	0	Length of time range for reference period			Operational
4.106	10	1	Parameter category	4.1		Operational
4.106	11	1	Parameter number	4.2		Operational
4.106	12	1	Type of generating process	4.3		Operational
4.106	13	1	Background generating process identifier (defined by originating centre)			Operational
4.106	14	1	Analysis or forecast generating process identifier (defined by originating centre)			Operational
4.106	15-16	2	Hours of observational data cut-off after reference time			Operational
4.106	17	1	Minutes of observational data cut-off after reference time			Operational
4.106	18	1	Indicator of unit of time range	4.4		Operational
4.106	19-22	4	Forecast time in units defined by previous octet			Operational
4.106	23	1	Type of first fixed surface	4.5		Operational
4.106	24	1	Scale factor of first fixed surface			Operational
4.106	25-28	4	Scaled value of first fixed surface			Operational
4.106	29	1	Type of second fixed surface	4.5		Operational
4.106	30	1	Scale factor of second fixed surface			Operational
4.106	31-34	4	Scaled value of second fixed surface			Operational
4.106	35-36	2	Year of end of overall time interval			Operational
4.106	37	1	Month of end of overall time interval			Operational
4.106	38	1	Day of end of overall time interval			Operational
4.106	39	1	Hour of end of overall time interval			Operational
4.106	40	1	Minute of end of overall time interval			Operational
4.106	41	1	Second of end of overall time interval			Operational
4.106	42	1	Number of time range (NT)			Operational
4.106	43-46	4	Number of missing in statistical process			Operational
4.106	47+(nt-1)*12	0	Type of statistical processing			Operational
4.106	48+(nt-1)*12	0	Type of time increment			Operational
4.106	49+(nt-1)*12	0	Indicator of unit for time range			Operational
4.106	(50+(nt-1)*12)-(53+(nt-1)*12)	0	Length of time range			Operational
4.106	54+(nt-1)*12	0	Indicator of unit for time increment	4.4		Operational
4.106	(55+(nt-1)*12)-(58+(nt-1)*12)	0	Time increment			Operational
4.106	59+(NT-1)*12	0	Type of ensemble forecast	4.6		Operational
4.106	60+(NT-1)*12	0	Perturbation number			Operational
4.106	61+(NT-1)*12	0	Number of forecasts in ensemble			Operational
4.106	62+(NT-1)*12	0	Type of reference dataset	4.100		Operational
4.106	63+(NT-1)*12	0	Type of relation to reference dataset	4.101		Operational
4.106	64+(NT-1)*12	0	Number of additional parameters for reference period - NA			Operational
4.106	65+(NT-1)*12+(na-1)*5	0	Scale factor of additional parameters for reference period			Operational
4.106	(66+(NT-1)*12+(na-1)*5)-(69+(NT-1)*12+(na-1)*5)	0	Scaled value of additional parameters for reference period			Operational
4.106	(65+(NT-1)*12+NA*5)-(66+(NT-1)*12+NA*5)	0	Year of start of reference period			Operational
4.106	67+(NT-1)*12+NA*5	0	Month of start of reference period			Operational
4.106	68+(NT-1)*12+NA*5	0	Day of start of reference period			Operational
4.106	69+(NT-1)*12+NA*5	0	Hour of start of reference period			Operational
4.106	70+(NT-1)*12+NA*5	0	Minute of start of reference period			Operational
4.106	71+(NT-1)*12+NA*5	0	Second of start of reference period			Operational
4.106	72+(NT-1)*12+NA*5 to 75+(NT-1)*12+NA*5	0	Sample size of reference period			Operational
4.106	76+(NT-1)*12+NA*5	0	Number of reference period time range - NR			Operational
4.106	77+(NT-1)*12+NA*5+(nr-1)*6	0	Type of statistical processing for time range for reference period	4.102		Operational
4.106	78+(NT-1)*12+NA*5+(nr-1)*6	0	Indicator of unit of time range for reference period	4.4		Operational
4.106	(79+(NT-1)*12+NA*5+(nr-1)*6)-(82+(NT-1)*12+NA*5+(nr-1)*6)	0	Length of time range for reference period			Operational
4.107	10	1	Parameter category	4.1		Operational
4.107	11	1	Parameter number	4.2		Operational
4.107	12	1	Type of generating process	4.3		Operational
4.107	13	1	Background generating process identifier (defined by originating centre)			Operational
4.107	14	1	Analysis or forecast generating process identifier (defined by originating centre)			Operational
4.107	15-16	2	Hours of observational data cut-off after reference time			Operational
4.107	17	1	Minutes of observational data cut-off after reference time			Operational
4.107	18	1	Indicator of unit of time range	4.4		Operational
4.107	19-22	4	Forecast time in units defined by previous octet			Operational
4.107	23	1	Type of first fixed surface	4.5		Operational
4.107	24	1	Scale factor of first fixed surface			Operational
4.107	25-28	4	Scaled value of first fixed surface			Operational
4.107	29	1	Type of second fixed surface	4.5		Operational
4.107	30	1	Scale factor of second fixed surface			Operational
4.107	31-34	4	Scaled value of second fixed surface			Operational
4.107	35-36	2	Year of end of overall time interval			Operational
4.107	37	1	Month of end of overall time interval			Operational
4.107	38	1	Day of end of overall time interval			Operational
4.107	39	1	Hour of end of overall time interval			Operational
4.107	40	1	Minute of end of overall time interval			Operational
4.107	41	1	Second of end of overall time interval			Operational
4.107	42	1	Number of time range (NT)			Operational
4.107	43-46	4	Number of missing in statistical process			Operational
4.107	47+(nt-1)*12	0	Type of statistical processing			Operational
4.107	48+(nt-1)*12	0	Type of time increment			Operational
4.107	49+(nt-1)*12	0	Indicator of unit for time range			Operational
4.107	(50+(nt-1)*12)-(53+(nt-1)*12)	0	Length of time range			Operational
4.107	54+(nt-1)*12	0	Indicator of unit for time increment	4.4		Operational
4.107	(55+(nt-1)*12)-(58+(nt-1)*12)	0	Time increment			Operational
4.107	59+(NT-1)*12	0	Derived forecast	4.7		Operational
4.107	60+(NT-1)*12	0	Number of forecasts in ensemble			Operational
4.107	61+(NT-1)*12	0	Type of reference dataset	4.100		Operational
4.107	62+(NT-1)*12	0	Type of relation to reference dataset	4.101		Operational
4.107	63+(NT-1)*12	0	Number of additional parameters for reference period - NA			Operational
4.107	64+(NT-1)*12+(na-1)*5	0	Scale factor of additional parameters for reference period			Operational
4.107	(65+(NT-1)*12+(na-1)*5)-(68+(NT-1)*12+(na-1)*5)	0	Scaled value of additional parameters for reference period			Operational
4.107	(64+(NT-1)*12+NA*5)-(65+(NT-1)*12+NA*5)	0	Year of start of reference period			Operational
4.107	66+(NT-1)*12+NA*5	0	Month of start of reference period			Operational
4.107	67+(NT-1)*12+NA*5	0	Day of start of reference period			Operational
4.107	68+(NT-1)*12+NA*5	0	Hour of start of reference period			Operational
4.107	69+(NT-1)*12+NA*5	0	Minute of start of reference period			Operational
4.107	70+(NT-1)*12+NA*5	0	Second of start of reference period			Operational
4.107	(71+(NT-1)*12+NA*5)-(74+(NT-1)*12+NA*5)	0	Sample size of reference period			Operational
4.107	75+(NT-1)*12+NA*5	0	Number of reference period time range - NR			Operational
4.107	76+(NT-1)*12+NA*5+(nr-1)*6	0	Type of statistical processing for time range for reference period	4.102		Operational
4.107	77+(NT-1)*12+NA*5+(nr-1)*6	0	Indicator of unit of time range for reference period	4.4		Operational
4.107	(78+(NT-1)*12+NA*5+(nr-1)*6)-(81+(NT-1)*12+NA*5+(nr-1)*6)	0	Length of time range for reference period			Operational
4.108	10	1	Parameter category			Operational
4.108	11	1	Parameter number			Operational
4.108	12	1	Type of interval (for wavelength)	4.91		Operational
4.108	13	1	Scale factor of first wavelength			Operational
4.108	14-17	4	Scaled value of first wavelength			Operational
4.108	18	1	Scale factor of second wavelength			Operational
4.108	19-22	4	Scaled value of second wavelength			Operational
4.108	23	1	Type of generating process	4.3		Operational
4.108	24	1	Background generating process identifier (defined by originating centre)			Operational
4.108	25	1	Forecast generating process identifier (defined by originating centre)			Operational
4.108	26-27	2	Hours after reference time of data cut-off			Operational
4.108	28	1	Minutes after reference time of data cut-off			Operational
4.108	29	1	Indicator of unit of time range	4.4		Operational
4.108	30-33	4	Forecast time in units defined by octet 29			Operational
4.108	34	1	Type of first fixed surface	4.5		Operational
4.108	35	1	Scale factor of first fixed surface			Operational
4.108	36-39	4	Scaled value of first fixed surface			Operational
4.108	40	1	Type of second fixed surface	4.5		Operational
4.108	41	1	Scale factor of second fixed surface			Operational
4.108	42-45	4	Scaled value of second fixed surface			Operational
4.109	10	1	Parameter category	4.1		Operational
4.109	11	1	Parameter number			Operational
4.109	12	1	Type of interval (for wavelength)	4.91		Operational
4.109	13	1	Scale factor of first wavelength			Operational
4.109	14-17	4	Scaled value of first wavelength			Operational
4.109	18	1	Scale factor of second wavelength			Operational
4.109	19-22	4	Scaled value of second wavelength			Operational
4.109	23	1	Type of generating process	4.3		Operational
4.109	24	1	Background generating process identifier (defined by originating centre)			Operational
4.109	25	1	Forecast generating process identifier (defined by originating centre)			Operational
4.109	26-27	2	Hours after reference time of data cut-off			Operational
4.109	28	1	Minutes after reference time of data cut-off			Operational
4.109	29	1	Indicator of unit of time range	4.4		Operational
4.109	30-33	4	Forecast time in units defined by octet 29			Operational
4.109	34	1	Type of first fixed surface	4.5		Operational
4.109	35	1	Scale factor of first fixed surface			Operational
4.109	36-39	4	Scaled value of first fixed surface			Operational
4.109	40	1	Type of second fixed surface	4.5		Operational
4.109	41	1	Scale factor of second fixed surface			Operational
4.109	42-45	4	Scaled value of second fixed surface			Operational
4.109	46	1	Type of ensemble forecast	4.6		Operational
4.109	47	1	Perturbation number			Operational
4.109	48	1	Number of forecasts in ensemble			Operational
4.10	10	1	Parameter category	4.1		Experimental
4.10	11	1	Parameter number	4.2		Experimental
4.10	12	1	Type of generating process	4.3		Experimental
4.10	13	1	Background generating process identifier (defined by originating centre)			Experimental
4.10	14	1	Forecast generating process identifier (defined by originating centre)			Experimental
4.10	15-16	2	Hours after reference time of data cut-off			Experimental
4.10	17	1	Minutes after reference time for data cut-off			Experimental
4.10	18	1	Indicator of unit of time range	4.4		Experimental
4.10	19-22	4	Forecast time in units defined by previous octet			Experimental
4.10	23	1	Type of first fixed surface	4.5		Experimental
4.10	24	1	Scale factor of first fixed surface			Experimental
4.10	25-28	4	Scaled value of first fixed surface			Experimental
4.10	29	1	Type of second fixed surface	4.5		Experimental
4.10	30	1	Scale factor of second fixed surface			Experimental
4.10	31-34	4	Scaled value of second fixed surface			Experimental
4.10	35	1	Percentile value (from 100% to 0%)			Experimental
4.10	36-37	2	Year of end of overall time interval			Experimental
4.10	38	1	Month of end of overall time interval			Experimental
4.10	39	1	Day of end of overall time interval			Experimental
4.10	40	1	Hour of end of overall time interval			Experimental
4.10	41	1	Minute of end of overall time interval			Experimental
4.10	42	1	Second of end of overall time interval			Experimental
4.10	43	1	n - number of time range specifications describing the time intervals used to calculate the statistically processed field			Experimental
4.10	44-47	4	Total number of data values missing in the statistical process			Experimental
4.10	48	1	Statistical process used to calculate the processed field from the field at each time increment during the time range	4.10		Experimental
4.10	49	1	Type of time increment between successive fields used in the statistical processing	4.11		Experimental
4.10	50	1	Indicator of unit of time for time range over which statistical processing is done	4.4		Experimental
4.10	51-54	4	Length of the time range over which statistical processing is done, in units defined by the previous octet			Experimental
4.10	55	1	Indicator of unit of time for the increment between the successive fields used	4.4		Experimental
4.10	56-59	4	Time increment between successive fields, in units defined by the previous octet			Experimental
4.10	60-71	12	As octets 48-59, next innermost step of processing			Experimental
4.10	72-nn	0	Additional time range specifications, included in accordance with the value of n. Contents as octets 48 to 59, repeated as necessary			Experimental
4.1100	10	1	Parameter category	4.1		Experimental
4.1100	11	1	Parameter number	4.2		Experimental
4.1100	12	1	Type of generating process	4.3		Experimental
4.1100	13	1	Background generating process identifier (defined by originating centre)			Experimental
4.1100	14	1	Analysis or forecast generating process identifier (defined by originating centre)			Experimental
4.1100	15-16	2	Hours of observational data cut-off after reference time			Experimental
4.1100	17	1	Minutes of observational data cut-off after reference time			Experimental
4.1100	18	1	Indicator of unit of time range	4.4		Experimental
4.1100	19-22	4	Forecast time in units defined by octet 18			Experimental
4.1100	23	1	Type of first fixed surface	4.5		Experimental
4.1100	24	1	Scale factor of first fixed surface			Experimental
4.1100	25-28	4	Scaled value of first fixed surface			Experimental
4.1100	29	1	Type of second fixed surface	4.5		Experimental
4.1100	30	1	Scale factor of second fixed surface			Experimental
4.1100	31-34	4	Scaled value of second fixed surface			Experimental
4.1101	10	1	Parameter category	4.1		Experimental
4.1101	11	1	Parameter number	4.2		Experimental
4.1101	12	1	Type of generating process	4.3		Experimental
4.1101	13	1	Background generating process identifier (defined by originating centre)			Experimental
4.1101	14	1	Analysis or forecast generating process identifier (defined by originating centre)			Experimental
4.1101	15-16	2	Hours of observational data cut-off after reference time			Experimental
4.1101	17	1	Minutes of observational data cut-off after reference time			Experimental
4.1101	18	1	Indicator of unit of time range	4.4		Experimental
4.1101	19-22	4	Forecast time in units defined by octet 18			Experimental
4.1101	23	1	Type of first fixed surface	4.5		Experimental
4.1101	24	1	Scale factor of first fixed surface			Experimental
4.1101	25-28	4	Scaled value of first fixed surface			Experimental
4.1101	29	1	Type of second fixed surface	4.5		Experimental
4.1101	30	1	Scale factor of second fixed surface			Experimental
4.1101	31-34	4	Scaled value of second fixed surface			Experimental
4.1101	35-38	4	Total number of data values missing in the statistical process			Experimental
4.1101	39	1	Statistical process used to calculate the processed field from the field at each time increment during the time range	4.10		Experimental
4.1101	40	1	Type of time increment between successive fields used in the statistical processing	4.11		Experimental
4.1101	41	1	Indicator of unit of time for time range over which statistical processing is done	4.4		Experimental
4.1101	42-45	4	Length of the time range over which statistical processing is done, in units defined by the previous octet			Experimental
4.1101	46	1	Indicator of unit of time for increment between the successive fields used	4.4		Experimental
4.1101	47-50	4	Time increment between successive fields, in units defined by the previous octet			Experimental
4.110	10	1	Parameter category			Operational
4.110	11	1	Parameter number			Operational
4.110	12	1	Type of interval (for wavelength)	4.91		Operational
4.110	13	1	Scale factor of first wavelength			Operational
4.110	14-17	4	Scaled value of first wavelength			Operational
4.110	18	1	Scale factor of second wavelength			Operational
4.110	19-22	4	Scaled value of second wavelength			Operational
4.110	23	1	Type of generating process	4.3		Operational
4.110	24	1	Background generating process identifier (defined by originating centre)			Operational
4.110	25	1	Forecast generating process identifier (defined by originating centre)			Operational
4.110	26-27	2	Hours after reference time of data cut-off			Operational
4.110	28	1	Minutes after reference time of data cut-off			Operational
4.110	29	1	Indicator of unit of time range	4.4		Operational
4.110	30-33	4	Forecast time in units defined by octet 29			Operational
4.110	34	1	Type of first fixed surface	4.5		Operational
4.110	35	1	Scale factor of first fixed surface			Operational
4.110	36-39	4	Scaled value of first fixed surface			Operational
4.110	40	1	Type of second fixed surface	4.5		Operational
4.110	41	1	Scale factor of second fixed surface			Operational
4.110	42-45	4	Scaled value of second fixed surface			Operational
4.110	46-47	2	Year of end of overall time interval			Operational
4.110	48	1	Month of end of overall time interval			Operational
4.110	49	1	Day of end of overall time interval			Operational
4.110	50	1	Hour of end of overall time interval			Operational
4.110	51	1	Minute of end of overall time interval			Operational
4.110	52	1	Second of end of overall time interval			Operational
4.110	53	1	n - number of time range specifications describing the time intervals used to calculate the statistically processed field			Operational
4.110	54-57	4	Total number of data values missing in statistical process			Operational
4.110	58	1	Statistical process used to calculate the processed field from the field at each time increment during the time range			Operational
4.110	59	1	Type of time increment between successive fields used in the statistical processing			Operational
4.110	60	1	Indicator of unit of time for time range over which statistical processing is done	4.4		Operational
4.110	61-64	4	Length of the time range over which statistical processing is done, in units defined by the previous octet			Operational
4.110	65	1	Indicator of unit of time for the increment between the successive fields used	4.4		Operational
4.110	66-69	4	Time increment between successive fields, in units defined by the previous octet			Operational
4.110	70-71	2	As octets 58 to 69, next innermost step of processing			Operational
4.110	72-nn	0	Additional time range specifications, included in accordance with the value of n. Contents as octets 58 to 69, repeated as necessary			Operational
4.111	10	1	Parameter category			Operational
4.111	11	1	Parameter number			Operational
4.111	12	1	Type of interval (for wavelength)	4.91		Operational
4.111	13	1	Scale factor of first wavelength			Operational
4.111	14-17	4	Scaled value of first wavelength			Operational
4.111	18	1	Scale factor of second wavelength			Operational
4.111	19-22	4	Scaled value of second wavelength			Operational
4.111	23	1	Type of generating process	4.3		Operational
4.111	24	1	Background generating process identifier (defined by originating centre)			Operational
4.111	25	1	Forecast generating process identifier (defined by originating centre)			Operational
4.111	26-27	2	Hours after reference time of data cut-off			Operational
4.111	28	1	Minutes after reference time of data cut-off			Operational
4.111	29	1	Indicator of unit of time range	4.4		Operational
4.111	30-33	4	Forecast time in units defined by octet 29			Operational
4.111	34	1	Type of first fixed surface	4.5		Operational
4.111	35	1	Scale factor of first fixed surface			Operational
4.111	36-39	4	Scaled value of first fixed surface			Operational
4.111	40	1	Type of second fixed surface	4.5		Operational
4.111	41	1	Scale factor of second fixed surface			Operational
4.111	42-45	4	Scaled value of second fixed surface			Operational
4.111	46	1	Type of ensemble forecast	4.6		Operational
4.111	47	1	Perturbation number			Operational
4.111	48	1	Number of forecasts in ensemble			Operational
4.111	49-50	2	Year of end of overall time interval			Operational
4.111	51	1	Month of end of overall time interval			Operational
4.111	52	1	Day of end of overall time interval			Operational
4.111	53	1	Hour of end of overall time interval			Operational
4.111	54	1	Minute of end of overall time interval			Operational
4.111	55	1	Second of end of overall time interval			Operational
4.111	56	1	n - number of time range specifications describing the time intervals used to calculate the statistically processed field			Operational
4.111	57-60	4	Total number of data values missing in statistical process			Operational
4.111	61	1	Statistical process used to calculate the processed field from the field at each time increment during the time range			Operational
4.111	62	1	Type of time increment between successive fields used in the statistical processing			Operational
4.111	63	1	Indicator of unit of time for time range over which statistical processing is done	4.4		Operational
4.111	64-67	4	Length of the time range over which statistical processing is done, in units defined by the previous octet			Operational
4.111	68	1	Indicator of unit of time for the increment between the successive fields used	4.4		Operational
4.111	69-72	4	Time increment between successive fields, in units defined by the previous octet			Operational
4.111	73-74	2	As octets 61 to 72, next innermost step of processing			Operational
4.111	75-nn	0	Additional time range specifications, included in accordance with the value of n. Contents as octets 61 to 72, repeated as necessary			Operational
4.112	10	1	Parameter category	4.1		Operational
4.112	11	1	Parameter number	4.2		Operational
4.112	12	1	Type of generating process	4.3		Operational
4.112	13	1	Background generating process identifier (defined by originating centre)			Operational
4.112	14	1	Analysis or forecast generating process identifier (defined by originating centre)			Operational
4.112	15-16	2	Hours of observational data cut-off after reference time			Operational
4.112	17	1	Minutes of observational data cut-off after reference time			Operational
4.112	18	1	Indicator of unit of time range	4.4		Operational
4.112	19-22	4	Forecast time in units defined by previous octet			Operational
4.112	23	1	Type of first fixed surface	4.5		Operational
4.112	24	1	Scale factor of first fixed surface			Operational
4.112	25-28	4	Scaled value of first fixed surface			Operational
4.112	29	1	Type of second fixed surface	4.5		Operational
4.112	30	1	Scale factor of second fixed surface			Operational
4.112	31-34	4	Scaled value of second fixed surface			Operational
4.112	35-36	2	Year of end of overall time interval			Operational
4.112	37	1	Month of end of overall time interval			Operational
4.112	38	1	Day of end of overall time interval			Operational
4.112	39	1	Hour of end of overall time interval			Operational
4.112	40	1	Minute of end of overall time interval			Operational
4.112	41	1	Second of end of overall time interval			Operational
4.112	42	1	Number of time range			Operational
4.112	43-46	4	Number of missing in statistical process			Operational
4.112	47+(nt-1)*12	0	Type of statistical processing			Operational
4.112	48+(nt-1)*12	0	Type of time increment			Operational
4.112	49+(nt-1)*12	0	Indicator of unit for time range			Operational
4.112	(50+(nt-1)*12)-(53+(nt-1)*12)	0	Length of time range			Operational
4.112	54+(nt-1)*12	0	Indicator of unit for time increment	4.4		Operational
4.112	(55+(nt-1)*12)-(58+(nt-1)*12)	0	Time increment			Operational
4.112	59+(NT-1)*12	0	Forecast probability number			Operational
4.112	60+(NT-1)*12	0	Total number of forecast probabilities			Operational
4.112	61+(NT-1)*12	0	Probability type	4.9		Operational
4.112	62+(NT-1)*12	0	Scale factor of lower limit			Operational
4.112	(63+(NT-1)*12)-(66+(NT-1)*12)	0	Scaled value of lower limit			Operational
4.112	67+(NT-1)*12	0	Scale factor of lower limit			Operational
4.112	(68+(NT-1)*12)-(71+(NT-1)*12)	0	Scaled value of lower limit			Operational
4.112	72+(NT-1)*12	0	Type of reference dataset	4.100		Operational
4.112	73+(NT-1)*12	0	Type of relation to reference dataset	4.101		Operational
4.112	74+(NT-1)*12	0	Number of additional parameters for reference period - NA			Operational
4.112	75+(NT-1)*12+(na-1)*5	0	Scale factor of additional parameters for reference period			Operational
4.112	(76+(NT-1)*12+(na-1)*5)-(79+(NT-1)*12+(na-1)*5)	0	Scaled value of additional parameters for reference period			Operational
4.112	(75+(NT-1)*12+NA*5)-(76+(NT-1)*12+NA*5)	0	Year of start of reference period			Operational
4.112	77+(NT-1)*12+NA*5	0	Month of start of reference period			Operational
4.112	78+(NT-1)*12+NA*5	0	Day of start of reference period			Operational
4.112	79+(NT-1)*12+NA*5	0	Hour of start of reference period			Operational
4.112	80+(NT-1)*12+NA*5	0	Minute of start of reference period			Operational
4.112	81+(NT-1)*12+NA*5	0	Second of start of reference period			Operational
4.112	(82+(NT-1)*12+NA*5)-(85+(NT-1)*12+NA*5)	0	Sample size of reference period			Operational
4.112	86+(NT-1)*12+NA*5	0	Number of reference period time range - NR			Operational
4.112	87+(NT-1)*12+NA*5+(nr-1)*6	0	Type of statistical processing for time range for reference period	4.102		Operational
4.112	88+(NT-1)*12+NA*5+(nr-1)*6	0	Indicator of unit of time range for reference period	4.4		Operational
4.112	(89+(NT-1)*12+NA*5+(nr-1)*6)-(92+(NT-1)*12+NA*5+(nr-1)*6)	0	Length of time range for reference period			Operational
4.113	10	1	Parameter category	4.1		Operational
4.113	11	1	Parameter number	4.2		Operational
4.113	12	1	Tile classification	4.242		Operational
4.113	13-14	2	Type of tile	4.252		Operational
4.113	15	1	Number of used spatial tiles			Operational
4.113	16	1	Number of used tile attribute combinations for type of tile			Operational
4.113	17	1	Number of used tile attributes for tile attribute combination (NUTAFTAC)			Operational
4.113	18+(n-1)	0	Attribute of tile	2.241		Operational
4.113	19+(NUTAFTAC-1)	0	Total number of tile attribute combinations			Operational
4.113	20+(NUTAFTAC-1)	0	Tile index			Operational
4.113	(21+(NUTAFTAC-1))-(36+(NUTAFTAC-1))	0	UUID of data group			Operational
4.113	37+(NUTAFTAC-1)	0	Type of generating process			Operational
4.113	38+(NUTAFTAC-1)	0	Background process			Operational
4.113	39+(NUTAFTAC-1)	0	Generating process identifier			Operational
4.113	(40+(NUTAFTAC-1))-(41+(NUTAFTAC-1))	0	Hours after data cut-off			Operational
4.113	42+(NUTAFTAC-1)	0	Minutes after data cut-off			operational
4.113	43+(NUTAFTAC-1)	0	Indicator of unit of time range	4.4		Operational
4.113	(44+(NUTAFTAC-1))-(47+(NUTAFTAC-1))	0	Forecast time			Operational
4.113	48+(NUTAFTAC-1)	0	Type of first fixed surface	4.5		Operational
4.113	49+(NUTAFTAC-1)	0	Scale factor of first fixed surface			Operational
4.113	(50+(NUTAFTAC-1))-(53+(NUTAFTAC-1))	0	Scaled value of first fixed surface			Operational
4.113	54+(NUTAFTAC-1)	0	Type of second fixed surface	4.5		Operational
4.113	55+(NUTAFTAC-1)	0	Scale factor of second fixed surface			Operational
4.113	(56+(NUTAFTAC-1))-(59+(NUTAFTAC-1))	0	Scaled value of second fixed surface			Operational
4.114	10	1	Parameter category	4.1		Operational
4.114	11	1	Parameter number	4.2		Operational
4.114	12	1	Tile classification	4.242		Operational
4.114	13-14	2	Type of tile	4.252		Operational
4.114	15	1	Number of used spatial tiles			Operational
4.114	16	1	Number of used tile attribute combinations for type of tile			Operational
4.114	17	1	Number of used tile attributes for tile attribute combination (NUTAFTAC)			Operational
4.114	18+(n-1)	0	Attribute of tile	2.241		Operational
4.114	19+(NUTAFTAC-1)	0	Total number of tile attribute combinations			Operational
4.114	20+(NUTAFTAC-1)	0	Tile index			Operational
4.114	(21+(NUTAFTAC-1))-(36+(NUTAFTAC-1))	0	UUID of data group			Operational
4.114	37+(NUTAFTAC-1)	0	Type of generating process			Operational
4.114	38+(NUTAFTAC-1)	0	Background process			Operational
4.114	39+(NUTAFTAC-1)	0	Generating process identifier			Operational
4.114	(40+(NUTAFTAC-1))-(41+(NUTAFTAC-1))	0	Hours after data cut-off			Operational
4.114	42+(NUTAFTAC-1)	0	Minutes after data cut-off			Operational
4.114	43+(NUTAFTAC-1)	0	Indicator of unit of time range	4.4		Operational
4.114	(44+(NUTAFTAC-1))-(47+(NUTAFTAC-1))	0	Forecast time			Operational
4.114	48+(NUTAFTAC-1)	0	Type of first fixed surface	4.5		Operational
4.114	49+(NUTAFTAC-1)	0	Scale factor of first fixed surface			Operational
4.114	(50+(NUTAFTAC-1))-(53+(NUTAFTAC-1))	0	Scaled value of first fixed surface			Operational
4.114	54+(NUTAFTAC-1)	0	Type of second fixed surface	4.5		Operational
4.114	55+(NUTAFTAC-1)	0	Scale factor of second fixed surface			Operational
4.114	(56+(NUTAFTAC-1))-(59+(NUTAFTAC-1))	0	Scaled value of second fixed surface			Operational
4.114	(60+(NUTAFTAC-1))-(61+(NUTAFTAC-1))	0	Year of end of overall time interval			Operational
4.114	62+(NUTAFTAC-1)	0	Month of end of overall time interval			Operational
4.114	63+(NUTAFTAC-1)	0	Day of end of overall time interval			Operational
4.114	64+(NUTAFTAC-1)	0	Hour of end of overall time interval			Operational
4.114	65+(NUTAFTAC-1)	0	Minute of end of overall time interval			Operational
4.114	66+(NUTAFTAC-1)	0	Second of end of overall time interval			Operational
4.114	67+(NUTAFTAC-1)	0	Number of time range			Operational
4.114	(68+(NUTAFTAC-1))-(71+(NUTAFTAC-1))	0	Number of missing in statistical process			Operational
4.114	72+(NUTAFTAC-1)	0	Type of statistical processing	4.10		Operational
4.114	73+(NUTAFTAC-1)	0	Type of time increment	4.11		Operational
4.114	74+(NUTAFTAC-1)	0	Indicator of unit for time range	4.4		Operational
4.114	(75+(NUTAFTAC-1))-(78+(NUTAFTAC-1))	0	Length of time range			Operational
4.114	79+(NUTAFTAC-1)	0	Indicator of unit for time increment	4.4		Operational
4.114	(80+(NUTAFTAC-1))-(83+(NUTAFTAC-1))	0	Time increment			Operational
4.115	10	1	Parameter category	4.1		Operational
4.115	11	1	Parameter number	4.2		Operational
4.115	12	1	Tile classification	4.242		Operational
4.115	13-14	2	Type of tile	4.252		Operational
4.115	15	1	Number of used spatial tiles			Operational
4.115	16	1	Number of used tile attribute combinations for type of tile			Operational
4.115	17	1	Number of used tile attributes for tile attribute combination (NUTAFTAC)			Operational
4.115	18+(n-1)	0	Attribute of tile	2.241		Operational
4.115	19+(NUTAFTAC-1)	0	Total number of tile attribute combinations			Operational
4.115	20+(NUTAFTAC-1)	0	Tile index			Operational
4.115	(21+(NUTAFTAC-1))-(36+(NUTAFTAC-1))	0	UUID of data group			Operational
4.115	37+(NUTAFTAC-1)	0	Type of generating process			Operational
4.115	38+(NUTAFTAC-1)	0	Background process			Operational
4.115	39+(NUTAFTAC-1)	0	Generating process identifier			Operational
4.115	(40+(NUTAFTAC-1))-(41+(NUTAFTAC-1))	0	Hours after data cut-off			Operational
4.115	42+(NUTAFTAC-1)	0	Minutes after data cut-off			Operational
4.115	43+(NUTAFTAC-1)	0	Indicator of unit of time range	4.4		Operational
4.115	(44+(NUTAFTAC-1))-(47+(NUTAFTAC-1))	0	Forecast time			Operational
4.115	48+(NUTAFTAC-1)	0	Type of first fixed surface	4.5		Operational
4.115	49+(NUTAFTAC-1)	0	Scale factor of first fixed surface			Operational
4.115	(50+(NUTAFTAC-1))-(53+(NUTAFTAC-1))	0	Scaled value of first fixed surface			Operational
4.115	54+(NUTAFTAC-1)	0	Type of second fixed surface	4.5		Operational
4.115	55+(NUTAFTAC-1)	0	Scale factor of second fixed surface			Operational
4.115	(56+(NUTAFTAC-1))-(59+(NUTAFTAC-1))	0	Scaled value of second fixed surface			Operational
4.115	60+(NUTAFTAC-1)	0	Type of ensemble forecast	4.6		Operational
4.115	(61+(NUTAFTAC-1))-(64+(NUTAFTAC-1))	0	Perturbation number			Operational
4.115	(65+(NUTAFTAC-1))-(68+(NUTAFTAC-1))	0	Number of forecasts in ensemble			Operational
4.116	10	1	Parameter category	4.1		Operational
4.116	11	1	Parameter number	4.2		Operational
4.116	12	1	Tile classification	4.242		Operational
4.116	13-14	2	Type of tile	4.252		Operational
4.116	15	1	Number of used spatial tiles			Operational
4.116	16	1	Number of used tile attribute combinations for type of tile			Operational
4.116	17	1	Number of used tile attributes for tile attribute combination (NUTAFTAC)			Operational
4.116	18+(n-1)	0	Attribute of tile	2.241		Operational
4.116	19+(NUTAFTAC-1)	0	Total number of tile attribute combinations			Operational
4.116	20+(NUTAFTAC-1)	0	Tile index			Operational
4.116	(21+(NUTAFTAC-1))-(36+(NUTAFTAC-1))	0	UUID of data group			Operational
4.116	37+(NUTAFTAC-1)	0	Type of generating process			Operational
4.116	38+(NUTAFTAC-1)	0	Background process			Operational
4.116	39+(NUTAFTAC-1)	0	Generating process identifier			Operational
4.116	(40+(NUTAFTAC-1))-(41+(NUTAFTAC-1))	0	Hours after data cut-off			Operational
4.116	42+(NUTAFTAC-1)	0	Minutes after data cut-off			Operational
4.116	43+(NUTAFTAC-1)	0	Indicator of unit of time range	4.4		Operational
4.116	(44+(NUTAFTAC-1))-(47+(NUTAFTAC-1))	0	Forecast time			Operational
4.116	48+(NUTAFTAC-1)	0	Type of first fixed surface	4.5		Operational
4.116	49+(NUTAFTAC-1)	0	Scale factor of first fixed surface			Operational
4.116	(50+(NUTAFTAC-1))-(53+(NUTAFTAC-1))	0	Scaled value of first fixed surface			Operational
4.116	54+(NUTAFTAC-1)	0	Type of second fixed surface	4.5		Operational
4.116	55+(NUTAFTAC-1)	0	Scale factor of second fixed surface			Operational
4.116	(56+(NUTAFTAC-1))-(59+(NUTAFTAC-1))	0	Scaled value of second fixed surface			Operational
4.116	60+(NUTAFTAC-1)	0	Type of ensemble forecast	4.6		Operational
4.116	(61+(NUTAFTAC-1))-(64+(NUTAFTAC-1))	0	Perturbation number			Operational
4.116	(65+(NUTAFTAC-1))-(68+(NUTAFTAC-1))	0	Number of forecasts in ensemble			Operational
4.116	(69+(NUTAFTAC-1))-(70+(NUTAFTAC-1))	0	Year of end of overall time interval			Operational
4.116	71+(NUTAFTAC-1)	0	Month of end of overall time interval			Operational
4.116	72+(NUTAFTAC-1)	0	Day of end of overall time interval			Operational
4.116	73+(NUTAFTAC-1)	0	Hour of end of overall time interval			Operational
4.116	74+(NUTAFTAC-1)	0	Minute of end of overall time interval			Operational
4.116	75+(NUTAFTAC-1)	0	Second of end of overall time interval			Operational
4.116	76+(NUTAFTAC-1)	0	Number of time range			Operational
4.116	(77+(NUTAFTAC-1))-(80+(NUTAFTAC-1))	0	Number of missing in statistical process			Operational
4.116	81+(NUTAFTAC-1)	0	Type of statistical processing	4.10		Operational
4.116	82+(NUTAFTAC-1)	0	Type of time increment	4.11		Operational
4.116	83+(NUTAFTAC-1)	0	Indicator of unit for time range	4.4		Operational
4.116	(84+(NUTAFTAC-1))-(87+(NUTAFTAC-1))	0	Length of time range			Operational
4.116	88+(NUTAFTAC-1)	0	Indicator of unit for time increment	4.4		Operational
4.116	(89+(NUTAFTAC-1))-(92+(NUTAFTAC-1))	0	Time increment			Operational
4.117	10	1	Parameter category	4.1		Operational
4.117	11	1	Parameter number	4.2		Operational
4.117	12	1	Type of generating process	4.3		Operational
4.117	13	1	Background generating process identifier (defined by originating centre)			Operational
4.117	14	1	Forecast generating process identifier (defined by originating centre)			Operational
4.117	15-16	2	Hours after reference time of data cut-off			Operational
4.117	17	1	Minutes after reference time of data cut-off			Operational
4.117	18	1	Indicator of unit of time range	4.4		Operational
4.117	19-22	4	Forecast time in units defined by octet 18			Operational
4.117	23	1	Type of first fixed surface	4.5		Operational
4.117	24	1	Scale factor of first fixed surface			Operational
4.117	25-28	4	Scaled value of first fixed surface			Operational
4.117	29	1	Type of second fixed surface	4.5		Operational
4.117	30	1	Scale factor of second fixed surface			Operational
4.117	31-34	4	Scaled value of second fixed surface			Operational
4.117	35	1	Type of ensemble forecast	4.6		Operational
4.117	36-39	4	Perturbation number			Operational
4.117	40-43	4	Number of forecasts in ensemble			Operational
4.118	10	1	Parameter category	4.1		Operational
4.118	11	1	Parameter number	4.2		Operational
4.118	12	1	Type of generating process	4.3		Operational
4.118	13	1	Background generating process identifier (defined by originating centre)			Operational
4.118	14	1	Forecast generating process identifier (defined by originating centre)			Operational
4.118	15-16	2	Hours after reference time of data cut-off			Operational
4.118	17	1	Minutes after reference time of data cut-off			Operational
4.118	18	1	Indicator of unit of time range	4.4		Operational
4.118	19-22	4	Forecast time in units defined by octet 18			Operational
4.118	23	1	Type of first fixed surface	4.5		Operational
4.118	24	1	Scale factor of first fixed surface			Operational
4.118	25-28	4	Scaled value of first fixed surface			Operational
4.118	29	1	Type of second fixed surface	4.5		Operational
4.118	30	1	Scale factor of second fixed surface			Operational
4.118	31-34	4	Scaled value of second fixed surface			Operational
4.118	35	1	Type of ensemble forecast	4.6		Operational
4.118	36-39	4	Perturbation number			Operational
4.118	40-43	4	Number of forecasts in ensemble			Operational
4.118	44-45	2	Year of end of overall time interval			Operational
4.118	46	1	Month of end of overall time interval			Operational
4.118	47	1	Day of end of overall time interval			Operational
4.118	48	1	Hour of end of overall time interval			Operational
4.118	49	1	Minute of end of overall time interval			Operational
4.118	50	1	Second of end of overall time interval			Operational
4.118	51	1	n - number of time range specifications describing the time intervals used to calculate the statistically processed field			Operational
4.118	52-55	4	Total number of data values missing in statistical process			Operational
4.118	56	1	Statistical process used to calculate the processed field from the field at each time increment during the time range	4.10		Operational
4.118	57	1	Type of time increment between successive fields used in the statistical processing	4.11		Operational
4.118	58	1	Indicator of unit of time for time range over which statistical processing is done	4.4		Operational
4.118	59-62	4	Length of the time range over which statistical processing is done, in units defined by the previous octet			Operational
4.118	63	1	Indicator of unit of time for the increment between the successive fields used	4.4		Operational
4.118	64-67	4	Time increment between successive fields, in units defined by the previous octet			Operational
4.118	68-79	12	As octets 56 to 67, next innermost step of processing			Operational
4.118	80-nn	0	Additional time range specifications, included in accordance with the value of n. Contents as octets 56 to 67, repeated as necessary			Operational
4.119	10	1	Parameter category	4.1		Operational
4.119	11	1	Parameter number	4.2		Operational
4.119	12	1	Type of generating process	4.3		Operational
4.119	13	1	Background generating process identifier (defined by originating centre)			Operational
4.119	14	1	Forecast generating process identifier (defined by originating centre)			Operational
4.119	15-16	2	Hours after reference time of data cut-off			Operational
4.119	17	1	Minutes after reference time of data cut-off			Operational
4.119	18	1	Indicator of unit of time range	4.4		Operational
4.119	19-22	4	Forecast time in units defined by octet 18			Operational
4.119	23	1	Type of first fixed surface	4.5		Operational
4.119	24	1	Scale factor of first fixed surface			Operational
4.119	25-28	4	Scaled value of first fixed surface			Operational
4.119	29	1	Type of second fixed surface	4.5		Operational
4.119	30	1	Scale factor of second fixed surface			Operational
4.119	31-34	4	Scaled value of second fixed surface			Operational
4.119	35	1	Type of ensemble forecast	4.6		Operational
4.119	36-39	4	Number of forecasts in ensemble			Operational
4.119	40	1	Forecast probability number			Operational
4.119	41	1	Total number of forecast probabilities			Operational
4.119	42	1	Probability type	4.9		Operational
4.119	43	1	Scale factor of lower limit			Operational
4.119	44-47	4	Scaled value of lower limit			Operational
4.119	48	1	Scale factor of upper limit			Operational
4.119	49-52	4	Scaled value of upper limit			Operational
4.11	10	1	Parameter category	4.1		Operational
4.11	11	1	Parameter number	4.2		Operational
4.11	12	1	Type of generating process	4.3		Operational
4.11	13	1	Background generating process identifier (defined by originating centre)			Operational
4.11	14	1	Forecast generating process identifier (defined by originating centre)			Operational
4.11	15-16	2	Hours after reference time of data cut-off			Operational
4.11	17	1	Minutes after reference time of data cut-off			Operational
4.11	18	1	Indicator of unit of time range	4.4		Operational
4.11	19-22	4	Forecast time in units defined by octet 18			Operational
4.11	23	1	Type of first fixed surface	4.5		Operational
4.11	24	1	Scale factor of first fixed surface			Operational
4.11	25-28	4	Scaled value of first fixed surface			Operational
4.11	29	1	Type of second fixed surface	4.5		Operational
4.11	30	1	Scale factor of second fixed surface			Operational
4.11	31-34	4	Scaled value of second fixed surface			Operational
4.11	35	1	Type of ensemble forecast	4.6		Operational
4.11	36	1	Perturbation number			Operational
4.11	37	1	Number of forecasts in ensemble			Operational
4.11	38-39	2	Year of end of overall time interval			Operational
4.11	40	1	Month of end of overall time interval			Operational
4.11	41	1	Day of end of overall time interval			Operational
4.11	42	1	Hour of end of overall time interval			Operational
4.11	43	1	Minute of end of overall time interval			Operational
4.11	44	1	Second of end of overall time interval			Operational
4.11	45	1	n - number of time range specifications describing the time intervals used to calculate the statistically processed field			Operational
4.11	46-49	4	Total number of data values missing in statistical process			Operational
4.11	50	1	Statistical process used to calculate the processed field from the field at each time increment during the time range	4.10		Operational
4.11	51	1	Type of time increment between successive fields used in the statistical processing	4.11		Operational
4.11	52	1	Indicator of unit of time for time range over which statistical processing is done	4.4		Operational
4.11	53-56	4	Length of the time range over which statistical processing is done, in units defined by the previous octet			Operational
4.11	57	1	Indicator of unit of time for the increment between the successive fields used	4.4		Operational
4.11	58-61	4	Time increment between successive fields, in units defined by the previous octet			Operational
4.11	62-73	12	As octets 50 to 61, next innermost step of processing			Operational
4.11	74-nn	0	Additional time range specifications, included in accordance with the value of n. Contents as octets 50 to 61, repeated as necessary			Operational
4.120	10	1	Parameter category	4.1		Operational
4.120	11	1	Parameter number	4.2		Operational
4.120	12	1	Type of generating process	4.3		Operational
4.120	13	1	Background generating process identifier (defined by originating centre)			Operational
4.120	14	1	Forecast generating process identifier (defined by originating centre)			Operational
4.120	15-16	2	Hours after reference time of data cut-off			Operational
4.120	17	1	Minutes after reference time of data cut-off			Operational
4.120	18	1	Indicator of unit of time range	4.4		Operational
4.120	19-22	4	Forecast time in units defined by octet 18			Operational
4.120	23	1	Type of first fixed surface	4.5		Operational
4.120	24	1	Scale factor of first fixed surface			Operational
4.120	25-28	4	Scaled value of first fixed surface			Operational
4.120	29	1	Type of second fixed surface	4.5		Operational
4.120	30	1	Scale factor of second fixed surface			Operational
4.120	31-34	4	Scaled value of second fixed surface			Operational
4.120	35	1	Type of ensemble forecast	4.6		Operational
4.120	36-39	4	Number of forecasts in ensemble			Operational
4.120	40	1	Forecast probability number			Operational
4.120	41	1	Total number of forecast probabilities			Operational
4.120	42	1	Probability type	4.9		Operational
4.120	43	1	Scale factor of lower limit			Operational
4.120	44-47	4	Scaled value of lower limit			Operational
4.120	48	1	Scale factor of upper limit			Operational
4.120	49-52	4	Scaled value of upper limit			Operational
4.120	53-54	2	Year of end of overall time interval			Operational
4.120	55	1	Month of end of overall time interval			Operational
4.120	56	1	Day of end of overall time interval			Operational
4.120	57	1	Hour of end of overall time interval			Operational
4.120	58	1	Minute of end of overall time interval			Operational
4.120	59	1	Second of end of overall time interval			Operational
4.120	60	1	n - number of time range specifications describing the time intervals used to calculate the statistically processed field			Operational
4.120	61-64	4	Total number of data values missing in the statistical process			Operational
4.120	65	1	Statistical process used to calculate the processed field from the field at each time increment during the time range	4.10		Operational
4.120	66	1	Type of time increment between successive fields used in the statistical processing	4.11		Operational
4.120	67	1	Indicator of unit of time for time range over which statistical processing is done	4.4		Operational
4.120	68-71	4	Length of the time range over which statistical processing is done, in units defined by the previous octet			Operational
4.120	72	1	Indicator of unit of time for the increment between the successive fields used	4.4		Operational
4.120	73-76	4	Time increment between successive fields, in units defined by the previous octet			Operational
4.120	77-88	12	As octets 65 to 76, next innermost step of processing			Operational
4.120	89-nn	0	Additional time range specifications, included in accordance with the value of n. Contents as octets 65 to 76, repeated as necessary.			Operational
4.121	10	1	Parameter category	4.1		Operational
4.121	11	1	Parameter number	4.2		Operational
4.121	12	1	Type of generating process	4.3		Operational
4.121	13	1	Background generating process identifier (defined by originating centre)			Operational
4.121	14	1	Forecast generating process identifier (defined by originating centre)			Operational
4.121	15-16	2	Hours after reference time of data cut-off			Operational
4.121	17	1	Minutes after reference time of data cut-off			Operational
4.121	18	1	Indicator of unit of time range	4.4		Operational
4.121	19-22	4	Forecast time in units defined by octet 18			Operational
4.121	23	1	Type of first fixed surface	4.5		Operational
4.121	24	1	Scale factor of first fixed surface			Operational
4.121	25-28	4	Scaled value of first fixed surface			Operational
4.121	29	1	Type of second fixed surface	4.5		Operational
4.121	30	1	Scale factor of second fixed surface			Operational
4.121	31-34	4	Scaled value of second fixed surface			Operational
4.121	35	1	Type of ensemble forecast	4.6		Operational
4.121	36-39	4	Number of forecasts in ensemble			Operational
4.121	40	1	Forecast probability number			Operational
4.121	41	1	Total number of forecast probabilities			Operational
4.121	42	1	Probability type	4.9		Operational
4.121	43	1	Scale factor of lower limit			Operational
4.121	44-47	4	Scaled value of lower limit			Operational
4.121	48	1	Scale factor of upper limit			Operational
4.121	49-52	4	Scaled value of upper limit			Operational
4.121	53	1	Spatial vicinity type	4.103		Operational
4.121	54	1	Number of spatial vicinity values (NSV)			Operational
4.121	(55+(nsv-1)*4)-(58+(nsv-1)*4)	0	Spatial vicinity value			Operational
4.121	59+(nsv-1)*4	0	Spatial vicinity processing	4.104		Operational
4.121	(60+(nsv-1)*4)-(61+(nsv-1)*4)	0	Spatial vicinity processing argument 1 (e.g., if previous is quantile)			Operational
4.121	(62+(nsv-1)*4)-(63+(nsv-1)*4)	0	Spatial vicinity processing argument 2 (e.g., if previous is quantile)			Operational
4.121	64+(nsv-1)*4	0	Spatial vicinity missing data	4.105		Operational
4.121	(65+(nsv-1)*4)	0	Temporal vicinity processing	4.104		Operational
4.121	(66+(nsv-1)*4)	0	Temporal vicinity unit	4.4		Operational
4.121	(67+(nsv-1)*4)-(70+(nsv-1)*4)	0	Temporal vicinity towards past			Operational
4.121	(71+(nsv-1)*4)-(74+(nsv-1)*4)	0	Temporal vicinity towards future			Operational
4.122	10	1	Parameter category	4.1		Operational
4.122	11	1	Parameter number	4.2		Operational
4.122	12	1	Type of generating process	4.3		Operational
4.122	13	1	Background generating process identifier (defined by originating centre)			Operational
4.122	14	1	Forecast generating process identifier (defined by originating centre)			Operational
4.122	15-16	2	Hours after reference time of data cut-off			Operational
4.122	17	1	Minutes after reference time of data cut-off			Operational
4.122	18	1	Indicator of unit of time range	4.4		Operational
4.122	19-22	4	Forecast time in units defined by octet 18			Operational
4.122	23	1	Type of first fixed surface	4.5		Operational
4.122	24	1	Scale factor of first fixed surface			Operational
4.122	25-28	4	Scaled value of first fixed surface			Operational
4.122	29	1	Type of second fixed surface	4.5		Operational
4.122	30	1	Scale factor of second fixed surface			Operational
4.122	31-34	4	Scaled value of second fixed surface			Operational
4.122	35	1	Type of ensemble forecast	4.6		Operational
4.122	36-39	4	Number of forecasts in ensemble			Operational
4.122	40	1	Forecast probability number			Operational
4.122	41	1	Total number of forecast probabilities			Operational
4.122	42	1	Probability type	4.9		Operational
4.122	43	1	Scale factor of lower limit			Operational
4.122	44-47	4	Scaled value of lower limit			Operational
4.122	48	1	Scale factor of upper limit			Operational
4.122	49-52	4	Scaled value of upper limit			Operational
4.122	53-54	2	Year of end of overall time interval			Operational
4.122	55	1	Month of end of overall time interval			Operational
4.122	56	1	Day of end of overall time interval			Operational
4.122	57	1	Hour of end of overall time interval			Operational
4.122	58	1	Minute of end of overall time interval			Operational
4.122	59	1	Second of end of overall time interval			Operational
4.122	60	1	n - number of time range specifications describing the time intervals used to calculate the statistically processed field			Operational
4.122	61-64	4	Total number of data values missing in the statistical process			Operational
4.122	65	1	Statistical process used to calculate the processed field from the field at each time increment during the time range	4.10		Operational
4.122	66	1	Type of time increment between successive fields used in the statistical processing	4.11		Operational
4.122	67	1	Indicator of unit of time for time range over which statistical processing is done	4.4		Operational
4.122	68-71	4	Length of the time range over which statistical processing is done, in units defined by the previous octet			Operational
4.122	72	1	Indicator of unit of time for the increment between the successive fields used	4.4		Operational
4.122	73-76	4	Time increment between successive fields, in units defined by the previous octet			Operational
4.122	77-88	12	As octets 65 to 76, next innermost step of processing			Operational
4.122	89-nn	0	Additional time range specifications, included in accordance with the value of n. Contents as octets 65 to 76, repeated as necessary.			Operational
4.122	nn + 1	0	Spatial vicinity type	4.103		Operational
4.122	nn + 2	0	Number of spatial vicinity values (NSV)			Operational
4.122	(nn + 3+(nsv-1)*4)-(nn + 6+(nsv-1)*4)	0	Spatial vicinity value			Operational
4.122	nn + 7+(nsv-1)*4	0	Spatial vicinity processing	4.104		Operational
4.122	(nn + 8+(nsv-1)*4)-(nn + 9+(nsv-1)*4)	0	Spatial vicinity processing argument 1 (e.g., if previous is quantile)			Operational
4.122	(nn + 10+(nsv-1)*4)-(nn + 11+(nsv-1)*4)	0	Spatial vicinity processing argument 2 (e.g., if previous is quantile)			Operational
4.122	nn + 12+(nsv-1)*4	0	Spatial vicinity missing data	4.105		Operational
4.122	(nn + 13+(nsv-1)*4)	0	Temporal vicinity processing	4.104		Operational
4.122	(nn + 14+(nsv-1)*4)	0	Temporal vicinity unit	4.4		Operational
4.122	(nn + 15+(nsv-1)*4)-(nn + 18+(nsv-1)*4)	0	Temporal vicinity towards past			Operational
4.122	(nn + 19+(nsv-1)*4)-(nn + 22+(nsv-1)*4)	0	Temporal vicinity towards future			Operational
4.123	10	1	Parameter category	4.1		Operational
4.123	11	1	Parameter number	4.2		Operational
4.123	12	1	Type of generating process	4.3		Operational
4.123	13	1	Background generating process identifier (defined by originating centre)			Operational
4.123	14	1	Analysis or forecast generating process identifier (defined by originating centre)			Operational
4.123	15-16	2	Hours of observational data cut-off after reference time			Operational
4.123	17	1	Minutes of observational data cut-off after reference time			Operational
4.123	18	1	Indicator of unit of time range	4.4		Operational
4.123	19-22	4	Forecast time in units defined by previous octet			Operational
4.123	23	1	Type of first fixed surface	4.5		Operational
4.123	24	1	Scale factor of first fixed surface			Operational
4.123	25-28	4	Scaled value of first fixed surface			Operational
4.123	29	1	Type of second fixed surface	4.5		Operational
4.123	30	1	Scale factor of second fixed surface			Operational
4.123	31-34	4	Scaled value of second fixed surface			Operational
4.123	35-36	2	Year of end of overall time interval			Operational
4.123	37	1	Month of end of overall time interval			Operational
4.123	38	1	Day of end of overall time interval			Operational
4.123	39	1	Hour of end of overall time interval			Operational
4.123	40	1	Minute of end of overall time interval			Operational
4.123	41	1	Second of end of overall time interval			Operational
4.123	42	1	Number of time range (NT)			Operational
4.123	43-46	4	Number of missing in statistical process			Operational
4.123	47+(nt-1)*12	0	Type of statistical processing			Operational
4.123	48+(nt-1)*12	0	Type of time increment			Operational
4.123	49+(nt-1)*12	0	Indicator of unit for time range			Operational
4.123	(50+(nt-1)*12)-(53+(nt-1)*12)	0	Length of time range			Operational
4.123	54+(nt-1)*12	0	Indicator of unit for time increment	4.4		Operational
4.123	(55+(nt-1)*12)-(58+(nt-1)*12)	0	Time increment			Operational
4.123	59+(NT-1)*12	0	Type of ensemble forecast	4.6		Operational
4.123	(60+(NT-1)*12)-(63+(NT-1)*12)	0	Number of forecasts in ensemble			Operational
4.123	64+(NT-1)*12	0	Forecast probability number			Operational
4.123	65+(NT-1)*12	0	Total number of forecast probabilities			Operational
4.123	66+(NT-1)*12	0	Probability type	4.9		Operational
4.123	67+(NT-1)*12	0	Scale factor of lower limit			Operational
4.123	(68+(NT-1)*12)-(71+(NT-1)*12)	0	Scaled value of lower limit			Operational
4.123	72+(NT-1)*12	0	Scale factor of lower limit			Operational
4.123	(73+(NT-1)*12)-(76+(NT-1)*12)	0	Scaled value of lower limit			Operational
4.123	77+(NT-1)*12	0	Type of reference dataset	4.100		Operational
4.123	78+(NT-1)*12	0	Type of relation to reference dataset	4.101		Operational
4.123	79+(NT-1)*12	0	Number of additional parameterss for reference period (NA)			Operational
4.123	80+(NT-1)*12+(na-1)*5	0	Scale factor of additional parameterss for reference period			Operational
4.123	(81+(NT-1)*12+(na-1)*5)-(84+(NT-1)*12+(na-1)*5)	0	Scaled value of additional parameterss for reference period			Operational
4.123	(80+(NT-1)*12+NA*5)-(81+(NT-1)*12+NA*5)	0	Year of start of reference period			Operational
4.123	82+(NT-1)*12+NA*5	0	Month of start of reference period			Operational
4.123	83+(NT-1)*12+NA*5	0	Day of start of reference period			Operational
4.123	84+(NT-1)*12+NA*5	0	Hour of start of reference period			Operational
4.123	85+(NT-1)*12+NA*5	0	Minute of start of reference period			Operational
4.123	86+(NT-1)*12+NA*5	0	Second of start of reference period			Operational
4.123	(87+(NT-1)*12+NA*5)-(90+ (NT-1)*12+NA*5)	0	Sample size of reference period			Operational
4.123	91+(NT-1)*12+NA*5	0	Number of reference period time range (NR)			Operational
4.123	92+(NT-1)*12+NA*5+(nr-1)*6	0	Type of statistical processing for time range for reference period	4.102		Operational
4.123	93+(NT-1)*12+NA*5+(nr-1)*6	0	Indicator of unit of time range for reference period	4.4		Operational
4.123	(94+(NT-1)*12+NA*5+(nr-1)*6)-(97+(NT-1)*12+NA*5+(nr-1)*6)	0	Length of time range for reference period			Operational
4.123	98+(NT-1)*12+NA*5+(nr-1)*6	0	Spatial vicinity type	4.103		Operational
4.123	99+(NT-1)*12+NA*5+(nr-1)*6	0	Number of spatial vicinity values (NSV)			Operational
4.123	(100+(nsv-1)*4+(NT-1)*12+NA*5+(nr-1)*6)-(103+(nsv-1)*4+(NT-1)*12+NA*5+(nr-1)*6)	0	Spatial vicinity value			Operational
4.123	104+(nsv-1)*4+(NT-1)*12+NA*5+(nr-1)*6	0	Spatial vicinity processing	4.104		Operational
4.123	(105+(nsv-1)*4+(NT-1)*12+NA*5+(nr-1)*6)-(106+(nsv-1)*4+(NT-1)*12+NA*5+(nr-1)*6)	0	Spatial vicinity processing argument 1 (e.g., if previous is quantile)			Operational
4.123	(107+(nsv-1)*4+(NT-1)*12+NA*5+(nr-1)*6)-(108+(nsv-1)*4+(NT-1)*12+NA*5+(nr-1)*6)	0	Spatial vicinity processing argument 2 (e.g., if previous is quantile)			Operational
4.123	109+(nsv-1)*4+(NT-1)*12+NA*5+(nr-1)*6	0	Spatial vicinity missing data	4.105		Operational
4.123	110+(nsv-1)*4+(NT-1)*12+NA*5+(nr-1)*6	0	Temporal vicinity processing	4.104		Operational
4.123	111+(nsv-1)*4+(NT-1)*12+NA*5+(nr-1)*6	0	Temporal vicinity unit	4.4		Operational
4.123	(112+(nsv-1)*4+(NT-1)*12+NA*5+(nr-1)*6)-(115+(nsv-1)*4+(NT-1)*12+NA*5+(nr-1)*6)	0	Temporal vicinity towards past			Operational
4.123	(116+(nsv-1)*4+(NT-1)*12+NA*5+(nr-1)*6)-(119+(nsv-1)*4+(NT-1)*12+NA*5+(nr-1)*6)	0	Temporal vicinity towards future			Operational
4.124	10	1	Parameter category	4.1		Operational
4.124	11	1	Parameter number	4.2		Operational
4.124	12-13	2	Atmospheric chemical constituent type	4.230		Operational
4.124	14	1	Source or sink	4.238		Operational
4.124	15-16	2	Transport model used	4.333		Operational
4.124	17-18	2	Requested by entity	c-11		Operational
4.124	19-20	2	Scenario origin	4.335		Operational
4.124	21-22	2	NWP used	4.336		Operational
4.124	23-24	2	Release start year			Operational
4.124	25	1	Release start month			Operational
4.124	26	1	Release start day			Operational
4.124	27	1	Release start hour			Operational
4.124	28	1	Release start minute			Operational
4.124	29	1	Release start second			Operational
4.124	30-31	2	Wall clock initial time of execution (Year)			Operational
4.124	32	1	Wall clock initial time of execution (month)			Operational
4.124	33	1	Wall clock initial time of execution (day)			Operational
4.124	34	1	Wall clock initial time of execution (hour)			Operational
4.124	35	1	Wall clock initial time of execution (minute)			Operational
4.124	36	1	Wall clock initial time of execution (second)			Operational
4.124	37	1	Type of generating process	4.3		Operational
4.124	38	1	Background generating process identifier (defined by originating centre)			Operational
4.124	39	1	Analysis or forecast generating process identifier (defined by originating centre)			Operational
4.124	40-41	2	Hours of observational data cut-off after reference time			Operational
4.124	42	1	Minutes of observational data cut-off after reference time			Operational
4.124	43	1	Indicator of unit of time range	4.4		Operational
4.124	44-47	4	Forecast time in units defined by octet 43			Operational
4.124	48	1	Type of first fixed surface	4.5		Operational
4.124	49	1	Scale factor of first fixed surface			Operational
4.124	50-53	4	Scaled value of first fixed surface			Operational
4.124	54	1	Type of second fixed surface	4.5		Operational
4.124	55	1	Scale factor of second fixed surface			Operational
4.124	56-59	4	Scaled value of second fixed surface			Operational
4.125	10	1	Parameter category	4.1		Operational
4.125	11	1	Parameter number	4.2		Operational
4.125	12-13	2	Atmospheric chemical constituent type	4.230		Operational
4.125	14	1	Source or sink	4.238		Operational
4.125	15-16	2	Transport model used	4.333		Operational
4.125	17-18	2	Requested by entity	c-11		Operational
4.125	19-20	2	Scenario origin	4.335		Operational
4.125	21-22	2	NWP used	4.336		Operational
4.125	23-24	2	Release start year			Operational
4.125	25	1	Release start month			Operational
4.125	26	1	Release start day			Operational
4.125	27	1	Release start hour			Operational
4.125	28	1	Release start minute			Operational
4.125	29	1	Release start second			Operational
4.125	30-31	2	Wall clock initial time of execution (year)			Operational
4.125	32	1	Wall clock initial time of execution (month)			Operational
4.125	33	1	Wall clock initial time of execution (day)			Operational
4.125	34	1	Wall clock initial time of execution (hour)			Operational
4.125	35	1	Wall clock initial time of execution (minute)			Operational
4.125	36	1	Wall clock initial time of execution (second)			Operational
4.125	37	1	Type of generating process	4.3		Operational
4.125	38	1	Background generating process identifier (defined by originating centre)			Operational
4.125	39	1	Forecast generating process identifier (defined by originating centre)			Operational
4.125	40-41	2	Hours after reference time of data cut-off			Operational
4.125	42	1	Minutes after reference time of data cut-off			Operational
4.125	43	1	Indicator of unit of time range	4.4		Operational
4.125	44-47	4	Forecast time in units defined by octet 43			Operational
4.125	48	1	Type of first fixed surface	4.5		Operational
4.125	49	1	Scale factor of first fixed surface			Operational
4.125	50-53	4	Scaled value of first fixed surface			Operational
4.125	54	1	Type of second fixed surface	4.5		Operational
4.125	55	1	Scale factor of second fixed surface			Operational
4.125	56-59	4	Scaled value of second fixed surface			Operational
4.125	60	1	Type of ensemble forecast	4.6		Operational
4.125	61	1	Perturbation number			Operational
4.125	62	1	Number of forecasts in ensemble			Operational
4.126	10	1	Parameter category (see Code table 4.1)	4.1		Operational
4.126	11	1	Parameter number (see Code table 4.2)	4.2		Operational
4.126	12-13	2	Atmospheric chemical constituent type (see Code table 4.230)	4.230		Operational
4.126	14	1	Source or sink (see Code table 4.238)	4.238		Operational
4.126	15-16	2	Transport model used	4.333		Operational
4.126	17-18	2	Requested by entity	c-11		Operational
4.126	19-20	2	Scenario origin	4.335		Operational
4.126	21-22	2	NWP used	4.336		Operational
4.126	23-24	2	Release start year			Operational
4.126	25	1	Release start month			Operational
4.126	26	1	Release start day			Operational
4.126	27	1	Release start hour			Operational
4.126	28	1	Release start minute			Operational
4.126	29	1	Release start second			Operational
4.126	30-31	2	Wall clock initial time of execution (year)			Operational
4.126	32	1	Wall clock initial time of execution (month)			Operational
4.126	33	1	Wall clock initial time of execution (day)			Operational
4.126	34	1	Wall clock initial time of execution (hour)			Operational
4.126	35	1	Wall clock initial time of execution (minute)			Operational
4.126	36	1	Wall clock initial time of execution (second)			Operational
4.126	37	1	Type of generating process (see Code table 4.3)	4.3		Operational
4.126	38	1	Background generating process identifier (defined by originating centre)			Operational
4.126	39	1	Analysis or forecast generating process identifier (defined by originating centre)			Operational
4.126	40-41	2	Hours after reference time of data cut-off			Operational
4.126	42	1	Minutes after reference time of data cut-off			Operational
4.126	43	1	Indicator of unit of time range (see Code table 4.4)	4.4		Operational
4.126	44-47	4	Forecast time in units defined by octet 43			Operational
4.126	48	1	Type of first fixed surface (see Code table 4.5)	4.5		Operational
4.126	49	1	Scale factor of first fixed surface			Operational
4.126	50-53	4	Scaled value of first fixed surface			Operational
4.126	54	1	Type of second fixed surface (see Code table 4.5)	4.5		Operational
4.126	55	1	Scale factor of second fixed surface			Operational
4.126	56-59	4	Scaled value of second fixed surface			Operational
4.126	60-61	2	Year of end of overall time interval			Operational
4.126	62	1	Month of end of overall time interval			Operational
4.126	63	1	Day of end of overall time interval			Operational
4.126	64	1	Hour of end of overall time interval			Operational
4.126	65	1	Minute of end of overall time interval			Operational
4.126	66	1	Second of end of overall time interval			Operational
4.126	67	1	n - number of time range specifications describing the time intervals used to calculate the statistically processed field			Operational
4.126	68-71	4	Total number of data values missing in statistical process			Operational
4.126	72	1	Statistical process used to calculate the processed field from the field at each time increment during the time range	4.1		Operational
4.126	73	1	Type of time increment between successive fields used in the statistical processing	4.11		Operational
4.126	74	1	Indicator of unit of time for time range over which statistical processing is done	4.4		Operational
4.126	75-78	4	Length of the time range over which statistical processing is done, in units defined by the previous octet			Operational
4.126	79	1	Indicator of unit of time for the increment between the successive fields used	4.4		Operational
4.126	80-83	4	Time increment between successive fields, in units defined by the previous octet			Operational
4.126	84-95	12	As octets 72 to 83, next innermost step of processing			Operational
4.126	96-nn	0	Additional time range specifications, included in accordance with the value of n. Contents as octets 72 to 83, repeated as necessary			Operational
4.127	10	1	Parameter category	4.1		Operational
4.127	11	1	Parameter number	4.2		Operational
4.127	12-13	2	Atmospheric chemical constituent type	4.230		Operational
4.127	14	1	Source or sink	4.238		Operational
4.127	15-16	2	Transport model used	4.333		Operational
4.127	17-18	2	Requested by entity	c-11		Operational
4.127	19-20	2	Scenario origin	4.335		Operational
4.127	21-22	2	NWP used	4.336		Operational
4.127	23-24	2	Release start year			Operational
4.127	25	1	Release start month			Operational
4.127	26	1	Release start day			Operational
4.127	27	1	Release start hour			Operational
4.127	28	1	Release start minute			Operational
4.127	29	1	Release start second			Operational
4.127	30-31	2	Wall clock initial time of execution (year)			Operational
4.127	32	1	Wall clock initial time of execution (month)			Operational
4.127	33	1	Wall clock initial time of execution (day)			Operational
4.127	34	1	Wall clock initial time of execution (hour)			Operational
4.127	35	1	Wall clock initial time of execution (minute)			Operational
4.127	36	1	Wall clock initial time of execution (second)			Operational
4.127	37	1	Type of generating process	4.3		Operational
4.127	38	1	Background generating process identifier (defined by originating centre)			Operational
4.127	39	1	Analysis or forecast generating process identifier (defined by originating centre)			Operational
4.127	40-41	2	Hours after reference time of data cut-off			Operational
4.127	42	1	Minutes after reference time of data cut-off			Operational
4.127	43	1	Indicator of unit of time range	4.4		Operational
4.127	44-47	4	Forecast time in units defined by octet 43			Operational
4.127	48	1	Type of first fixed surface	4.5		Operational
4.127	49	1	Scale factor of first fixed surface			Operational
4.127	50-53	4	Scaled value of first fixed surface			Operational
4.127	54	1	Type of second fixed surface	4.5		Operational
4.127	55	1	Scale factor of second fixed surface			Operational
4.127	56-59	4	Scaled value of second fixed surface			Operational
4.127	60	1	Type of ensemble forecast	4.6		Operational
4.127	61	1	Perturbation Number			Operational
4.127	62	1	Number of forecasts in ensemble			Operational
4.127	63-64	2	Year of end of overall time interval			Operational
4.127	65	1	Month of end of overall time interval			Operational
4.127	66	1	Day of end of overall time interval			Operational
4.127	67	1	Hour of end of overall time interval			Operational
4.127	68	1	Minute of end of overall time interval			Operational
4.127	69	1	Second of end of overall time interval			Operational
4.127	70	1	n - number of time range specifications describing the time intervals used to calculate the statistically processed field			Operational
4.127	71-74	4	Total number of data values missing in statistical process			Operational
4.127	75	1	Statistical process used to calculate the processed field from the field at each time increment during the time range	4.1		Operational
4.127	76	1	Type of time increment between successive fields used in the statistical processing	4.11		Operational
4.127	77	1	Indicator of unit of time for time range over which statistical processing is done	4.4		Operational
4.127	78-81	4	Length of the time range over which statistical processing is done, in units defined by the previous octet			Operational
4.127	82	1	Indicator of unit of time for the increment between the successive fields used	4.4		Operational
4.127	83-86	4	Time increment between successive fields, in units defined by the previous octet			Operational
4.127	87-98	12	As octets 75 to 86, next innermost step of processing			Operational
4.127	99-nn	0	Additional time range specifications, included in accordance with the value of n. Contents as octets 75 to 86, repeated as necessary			Operational
4.128	10	1	Parameter category	4.1		Operational
4.128	11	1	Parameter number	4.2		Operational
4.128	12	1	Type of generating process	4.3		Operational
4.128	13	1	Background generating process identifier (defined by originating centre)			Operational
4.128	14	1	Analysis or forecast generating process identifier (defined by originating centre)			Operational
4.128	15-16	2	Hours of observational data cut-off after reference time			Operational
4.128	17	1	Minutes of observational data cut-off after reference time			Operational
4.128	18	1	Indicator of unit of time range	4.4		Operational
4.128	19-22	4	Forecast time in units defined by previous octet			Operational
4.128	23	1	Type of first fixed surface	4.5		Operational
4.128	24	1	Scale factor of first fixed surface			Operational
4.128	25-28	4	Scaled value of first fixed surface			Operational
4.128	29	1	Type of second fixed surface	4.5		Operational
4.128	30	1	Scale factor of second fixed surface			Operational
4.128	31-34	4	Scaled value of second fixed surface			Operational
4.128	35	1	Type of reference dataset	4.100		Operational
4.128	36	1	Type of relation to reference dataset	4.101		Operational
4.128	37	1	Number of additional parameters for reference period (NA)			Operational
4.128	38+(na-1)*5	0	Scale factor of additional parameters for reference period			Operational
4.128	(39+(na-1)*5)-(42+(na-1)*5)	0	Scaled value of additional parameters for reference period			Operational
4.128	(38+NA*5)-(39+NA*5)	0	Year of start of reference period			Operational
4.128	40+NA*5	0	Month of start of reference period			Operational
4.128	41+NA*5	0	Day of start of reference period			Operational
4.128	42+NA*5	0	Hour of start of reference period			Operational
4.128	43+NA*5	0	Minute of start of reference period			Operational
4.128	44+NA*5	0	Second of start of reference period			Operational
4.128	(45+NA*5)-(48+NA*5)	0	Sample size of reference period			Operational
4.128	49+NA*5	0	Number of reference period time range (NR)			Operational
4.128	50+NA*5+(nr-1)*6	0	Type of statistical processing for time range for reference period	4.102		Operational
4.128	51+NA*5+(nr-1)*6	0	Indicator of unit of time range for reference period	4.4		Operational
4.128	(52+NA*5+(nr-1)*6)-(55+NA*5+(nr-1)*6)	0	Length of time range for reference period			Operational
4.129	10	1	Parameter category	4.1		Operational
4.129	11	1	Parameter number	4.2		Operational
4.129	12	1	Type of generating process	4.3		Operational
4.129	13	1	Background generating process identifier (defined by originating centre)			Operational
4.129	14	1	Analysis or forecast generating process identifier (defined by originating centre)			Operational
4.129	15-16	2	Hours of observational data cut-off after reference time			Operational
4.129	17	1	Minutes of observational data cut-off after reference time			Operational
4.129	18	1	Indicator of unit of time range	4.4		Operational
4.129	19-22	4	Forecast time in units defined by previous octet			Operational
4.129	23	1	Type of first fixed surface	4.5		Operational
4.129	24	1	Scale factor of first fixed surface			Operational
4.129	25-28	4	Scaled value of first fixed surface			Operational
4.129	29	1	Type of second fixed surface	4.5		Operational
4.129	30	1	Scale factor of second fixed surface			Operational
4.129	31-34	4	Scaled value of second fixed surface			Operational
4.129	35	1	Type of ensemble forecast	4.6		Operational
4.129	36	1	Perturbation number			Operational
4.129	37	1	Number of forecasts in ensemble			Operational
4.129	38	1	Type of reference dataset	4.100		Operational
4.129	39	1	Type of relation to reference dataset	4.101		Operational
4.129	40	1	Number of additional parameters for reference period (NA)			Operational
4.129	41+(na-1)*5	0	Scale factor of additional parameters for reference period			Operational
4.129	(42+(na-1)*5)-(45+(na-1)*5)	0	Scaled value of additional parameters for reference period			Operational
4.129	(41+NA*5)-(42+NA*5)	0	Year of start of reference period			Operational
4.129	43+NA*5	0	Month of start of reference period			Operational
4.129	44+NA*5	0	Day of start of reference period			Operational
4.129	45+NA*5	0	Hour of start of reference period			Operational
4.129	46+NA*5	0	Minute of start of reference period			Operational
4.129	47+NA*5	0	Second of start of reference period			Operational
4.129	(48+NA*5)-(51+NA*5)	0	Sample size of reference period			Operational
4.129	52+NA*5	0	Number of reference period time range (NR)			Operational
4.129	53+NA*5+(nr-1)*6	0	Type of statistical processing for time range for reference period	4.102		Operational
4.129	54+NA*5+(nr-1)*6	0	Indicator of unit of time range for reference period	4.4		Operational
4.129	(55+NA*5+(nr-1)*6)-(58+NA*5+(nr-1)*6)	0	Length of time range for reference period			Operational
4.12	10	1	Parameter category	4.1		Operational
4.12	11	1	Parameter number	4.2		Operational
4.12	12	1	Type of generating process	4.3		Operational
4.12	13	1	Background generating process identifier (defined by originating centre)			Operational
4.12	14	1	Forecast generating process identifier (defined by originating centre)			Operational
4.12	15-16	2	Hours after reference time of data cut-off			Operational
4.12	17	1	Minutes after reference time of data cut-off			Operational
4.12	18	1	Indicator of unit of time range	4.4		Operational
4.12	19-22	4	Forecast time in units defined by octet 18			Operational
4.12	23	1	Type of first fixed surface	4.5		Operational
4.12	24	1	Scale factor of first fixed surface			Operational
4.12	25-28	4	Scaled value of first fixed surface			Operational
4.12	29	1	Type of second fixed surface	4.5		Operational
4.12	30	1	Scale factor of second fixed surface			Operational
4.12	31-34	4	Scaled value of second fixed surface			Operational
4.12	35	1	Derived forecast	4.7		Operational
4.12	36	1	Number of forecasts in the ensemble (N)			Operational
4.12	37-38	2	Year of end of overall time interval			Operational
4.12	39	1	Month of end of overall time interval			Operational
4.12	40	1	Day of end of overall time interval			Operational
4.12	41	1	Hour of end of overall time interval			Operational
4.12	42	1	Minute of end of overall time interval			Operational
4.12	43	1	Second of end of overall time interval			Operational
4.12	44	1	n - number of time range specifications describing the time intervals used to calculate the statistically processed field			Operational
4.12	45-48	4	Total number of data values missing in statistical process			Operational
4.12	49	1	Statistical process used to calculate the processed field from the field at each time increment during the time range	4.10		Operational
4.12	50	1	Type of time increment between successive fields used in the statistical processing	4.11		Operational
4.12	51	1	Indicator of unit of time for time range over which statistical processing is done	4.4		Operational
4.12	52-55	4	Length of the time range over which statistical processing is done, in units defined by the previous octet			Operational
4.12	56	1	Indicator of unit of time for the increment between the successive fields used	4.4		Operational
4.12	57-60	4	Time increment between successive fields, in units defined by the previous octet			Operational
4.12	61-72	12	As octets 49 to 60, next innermost step of processing			Operational
4.12	73-nn	0	Additional time range specifications, included in accordance with the value of n. Contents as octets 49 to 60, repeated as necessary			Operational
4.130	10	1	Parameter category	4.1		Operational
4.130	11	1	Parameter number	4.2		Operational
4.130	12	1	Type of generating process	4.3		Operational
4.130	13	1	Background generating process identifier (defined by originating centre)			Operational
4.130	14	1	Analysis or forecast generating process identifier (defined by originating centre)			Operational
4.130	15-16	2	Hours of observational data cut-off after reference time			Operational
4.130	17	1	Minutes of observational data cut-off after reference time			Operational
4.130	18	1	Indicator of unit of time range	4.4		Operational
4.130	19-22	4	Forecast time in units defined by previous octet			Operational
4.130	23	1	Type of first fixed surface	4.5		Operational
4.130	24	1	Scale factor of first fixed surface			Operational
4.130	25-28	4	Scaled value of first fixed surface			Operational
4.130	29	1	Type of second fixed surface	4.5		Operational
4.130	30	1	Scale factor of second fixed surface			Operational
4.130	31-34	4	Scaled value of second fixed surface			Operational
4.130	35	1	Derived forecast	4.7		Operational
4.130	36	1	Number of forecasts in ensemble			Operational
4.130	37	1	Type of reference dataset	4.100		Operational
4.130	38	1	Type of relation to reference dataset	4.101		Operational
4.130	39	1	Number of additional parameters for reference period (NA)			Operational
4.130	40+(na-1)*5	0	Scale factor of additional parameters for reference period			Operational
4.130	(41+(na-1)*5)-(44+(na-1)*5)	0	Scaled value of additional parameters for reference period			Operational
4.130	(40+NA*5)-(41+NA*5)	0	Year of start of reference period			Operational
4.130	42+NA*5	0	Month of start of reference period			Operational
4.130	43+NA*5	0	Day of start of reference period			Operational
4.130	44+NA*5	0	Hour of start of reference period			Operational
4.130	45+NA*5	0	Minute of start of reference period			Operational
4.130	46+NA*5	0	Second of start of reference period			Operational
4.130	(47+NA*5)-(50+NA*5)	0	Sample size of reference period			Operational
4.130	51+NA*5	0	Number of reference period time range (NR)			Operational
4.130	52+NA*5+(nr-1)*6	0	Type of statistical processing for time range for reference period	4.102		Operational
4.130	53+NA*5+(nr-1)*6	0	Indicator of unit of time range for reference period	4.4		Operational
4.130	(54+NA*5+(nr-1)*6)-(57+NA*5+(nr-1)*6)	0	Length of time range for reference period			Operational
4.131	10	1	Parameter category	4.1		Operational
4.131	11	1	Parameter number	4.2		Operational
4.131	12	1	Type of generating process	4.3		Operational
4.131	13	1	Background generating process identifier (defined by originating centre)			Operational
4.131	14	1	Analysis or forecast generating process identifier (defined by originating centre)			Operational
4.131	15-16	2	Hours of observational data cut-off after reference time			Operational
4.131	17	1	Minutes of observational data cut-off after reference time			Operational
4.131	18	1	Indicator of unit of time range	4.4		Operational
4.131	19-22	4	Forecast time in units defined by previous octet			Operational
4.131	23	1	Type of first fixed surface	4.5		Operational
4.131	24	1	Scale factor of first fixed surface			Operational
4.131	25-28	4	Scaled value of first fixed surface			Operational
4.131	29	1	Type of second fixed surface	4.5		Operational
4.131	30	1	Scale factor of second fixed surface			Operational
4.131	31-34	4	Scaled value of second fixed surface			Operational
4.131	35	1	Forecast probability number			Operational
4.131	36	1	Total number of forecast probabilities			Operational
4.131	37	1	Probability type	4.9		Operational
4.131	38	1	Scale factor of lower limit			Operational
4.131	39 - 42	0	Scaled value of lower limit			Operational
4.131	43	1	Scale factor of upper limit			Operational
4.131	44 - 47	0	Scaled value of upper limit			Operational
4.131	48	1	Type of reference dataset	4.100		Operational
4.131	49	1	Type of relation to reference dataset	4.101		Operational
4.131	50	1	Number of additional parameters for reference period (NA)			Operational
4.131	51+(na-1)*5	0	Scale factor of additional parameters for reference period			Operational
4.131	(52+(na-1)*5)-(55+(na-1)*5)	0	Scaled value of additional parameters for reference period			Operational
4.131	(51+NA*5)-(52+NA*5)	0	Year of start of reference period			Operational
4.131	53+NA*5	0	Month of start of reference period			Operational
4.131	54+NA*5	0	Day of start of reference period			Operational
4.131	55+NA*5	0	Hour of start of reference period			Operational
4.131	56+NA*5	0	Minute of start of reference period			Operational
4.131	57+NA*5	0	Second of start of reference period			Operational
4.131	(58+NA*5)-(61+NA*5)	0	Sample size of reference period			Operational
4.131	62+NA*5	0	Number of reference period time range (NR)			Operational
4.131	63+NA*5+(nr-1)*6	0	Type of statistical processing for time range for reference period	4.102		Operational
4.131	64+NA*5+(nr-1)*6	0	Indicator of unit of time range for reference period	4.4		Operational
4.131	(65+NA*5+(nr-1)*6)-(68+NA*5+(nr-1)*6)	0	Length of time range for reference period			Operational
4.132	10	1	Parameter category	4.1		Operational
4.132	11	1	Parameter number	4.2		Operational
4.132	12	1	Type of generating process	4.3		Operational
4.132	13	1	Background generating process identifier (defined by originating centre)			Operational
4.132	14	1	Forecast generating process identifier (defined by originating centre)			Operational
4.132	15-16	2	Hours after reference time of data cut-off			Operational
4.132	17	1	Minutes after reference time of data cut-off			Operational
4.132	18	1	Indicator of unit of time range	4.4		Operational
4.132	19-22	4	Forecast time in units defined by octet 18			Operational
4.132	23	1	Type of first fixed surface	4.5		Operational
4.132	24	1	Scale factor of first fixed surface			Operational
4.132	25-28	4	Scaled value of first fixed surface			Operational
4.132	29	1	Type of second fixed surface	4.5		Operational
4.132	30	1	Scale factor of second fixed surface			Operational
4.132	31-34	4	Scaled value of second fixed surface			Operational
4.132	35-36	2	Total number of quantile q			Operational
4.132	37-38	2	Quantile value (between 0 and q)			Operational
4.132	39	1	Type of reference dataset	4.100		Operational
4.132	40	1	Type of relation to reference dataset	4.101		Operational
4.132	41	1	Number of additional parameters for reference period (NA)			Operational
4.132	42+(na-1)*5	0	Scale factor of additional parameters for reference period			Operational
4.132	(43+(na-1)*5)-(46+(na-1)*5)	0	Scaled value of additional parameters for reference period			Operational
4.132	(42+NA*5)-(43+NA*5)	0	Year of start of reference period			Operational
4.132	44+NA*5	0	Month of start of reference period			Operational
4.132	45+NA*5	0	Day of start of reference period			Operational
4.132	46+NA*5	0	Hour of start of reference period			Operational
4.132	47+NA*5	0	Minute of start of reference period			Operational
4.132	48+NA*5	0	Second of start of reference period			Operational
4.132	(49+NA*5)-(52+NA*5)	0	Sample size of reference period			Operational
4.132	53+NA*5	0	Number of reference period time range (NR)			Operational
4.132	54+NA*5+(nr-1)*6	0	Type of statistical processing for time range for reference period	4.102		Operational
4.132	55+NA*5+(nr-1)*6	0	Indicator of unit of time range for reference period	4.4		Operational
4.132	(56+NA*5+(nr-1)*6)-(59+NA*5+(nr-1)*6)	0	Length of time range for reference period			Operational
4.133	10	1	Parameter category	4.1		Operational
4.133	11	1	Parameter number	4.2		Operational
4.133	12-13	2	Input process identifier			Operational
4.133	14-15	2	Input originating centre	CCT-11		Operational
4.133	16	1	Type of post-processing			Operational
4.133	17	1	Type of generating process	4.3		Operational
4.133	18	1	Background generating process identifier (defined by originating centre)			Operational
4.133	19	1	Forecast generating process identifier (defined by originating centre)			Operational
4.133	20-21	2	Hours after reference time of data cut-off			Operational
4.133	22	1	Minutes after reference time of data cut-off			Operational
4.133	23	1	Indicator of unit of time range	4.4		Operational
4.133	24-27	4	Forecast time in units defined by octet 23			Operational
4.133	28	1	Type of first fixed surface	4.5		Operational
4.133	29	1	Scale factor of first fixed surface			Operational
4.133	30-33	4	Scaled value of first fixed surface			Operational
4.133	34	1	Type of second fixed surface	4.5		Operational
4.133	35	1	Scale factor of second fixed surface			Operational
4.133	36-39	4	Scaled value of second fixed surface			Operational
4.133	40-41	2	Total number of quantiles (q)			Operational
4.133	42-43	2	Quantile value (between 0 and q)			Operational
4.133	44	1	Type of reference dataset	4.100		Operational
4.133	45	1	Type of relation to reference dataset	4.101		Operational
4.133	46	1	Number of additional parameters for reference period (NA)			Operational
4.133	47+(na-1)*5	0	Scale factor of additional parameters for reference period			Operational
4.133	(48+(na-1)*5)-(51+(na-1)*5)	0	Scaled value of additional parameters for reference period			Operational
4.133	(47+NA*5)-(48+NA*5)	0	Year of start of reference period			Operational
4.133	49+NA*5	0	Month of start of reference period			Operational
4.133	50+NA*5	0	Day of start of reference period			Operational
4.133	51+NA*5	0	Hour of start of reference period			Operational
4.133	52+NA*5	0	Minute of start of reference period			Operational
4.133	53+NA*5	0	Second of start of reference period			Operational
4.133	(54+NA*5)-(57+NA*5)	0	Sample size of reference period			Operational
4.133	58+NA*5	0	Number of reference period time range (NR)			Operational
4.133	59+NA*5+(nr-1)*6	0	Type of statistical processing for time range for reference period	4.102		Operational
4.133	60+NA*5+(nr-1)*6	0	Indicator of unit of time range for reference period	4.4		Operational
4.133	(61+NA*5+(nr-1)*6)-(64+NA*5+(nr-1)*6)	0	Length of time range for reference period			Operational
4.134	10	1	Parameter category	4.1		Operational
4.134	11	1	Parameter number	4.2		Operational
4.134	12	1	Type of generating process	4.3		Operational
4.134	13	1	Background generating process identifier (defined by originating centre)			Operational
4.134	14	1	Forecast generating process identifier (defined by originating centre)			Operational
4.134	15-16	2	Hours after reference time of data cut-off			Operational
4.134	17	1	Minutes after reference time for data cut-off			Operational
4.134	18	1	Indicator of unit of time range	4.4		Operational
4.134	19-22	4	Forecast time in units defined by previous octet			Operational
4.134	23	1	Type of first fixed surface	4.5		Operational
4.134	24	1	Scale factor of first fixed surface			Operational
4.134	25-28	4	Scaled value of first fixed surface			Operational
4.134	29	1	Type of second fixed surface	4.5		Operational
4.134	30	1	Scale factor of second fixed surface			Operational
4.134	31-34	4	Scaled value of second fixed surface			Operational
4.134	35-36	2	Total number of quantiles q			Operational
4.134	37-38	2	Quantile value (between 0 and q)			Operational
4.134	39-40	2	Year of end of overall time interval			Operational
4.134	41	1	Month of end of overall time interval			Operational
4.134	42	1	Day of end of overall time interval			Operational
4.134	43	1	Hour of end of overall time interval			Operational
4.134	44	1	Minute of end of overall time interval			Operational
4.134	45	1	Second of end of overall time interval			Operational
4.134	46	1	n - number of time range specifications describing the time intervals used to calculate the statistically processed field			Operational
4.134	47-50	4	Total number of data values missing in the statistical process			Operational
4.134	51+(nt-1)*12	0	Statistical process used to calculate the processed field from the field at each time increment during the time range	4.10		Operational
4.134	52+(nt-1)*12	0	Type of time increment between successive fields used in the statistical processing	4.11		Operational
4.134	53+(nt-1)*12	0	Indicator of unit of time for time range over which statistical processing is done	4.4		Operational
4.134	54+(nt-1)*12-57+(nt-1)*12	0	Length of the time range over which statistical processing is done in units defined by the previous octet			Operational
4.134	58+(nt-1)*12	0	Indicator of unit of time for the increment between the successive fields used	4.4		Operational
4.134	59+(nt-1)*12-62+(nt-1)*12	0	Time increment between successive fields in units defined by the previous octet			Operational
4.134	63+(NT-1)*12	0	Type of reference dataset	4.100		Operational
4.134	64+(NT-1)*12	0	Type of relation to reference dataset	4.101		Operational
4.134	65+(NT-1)*12	0	Number of additional parameters for reference period (NA)			Operational
4.134	66+(NT-1)*12+(na-1)*5	0	Scale factor of additional parameters for reference period			Operational
4.134	(67+(NT-1)*12+(na-1)*5)-(70+(NT-1)*12+(na-1)*5)	0	Scaled value of additional parameters for reference period			Operational
4.134	(66+(NT-1)*12+NA*5)-(67+(NT-1)*12+NA*5)	0	Year of start of reference period			Operational
4.134	68+(NT-1)*12+NA*5	0	Month of start of reference period			Operational
4.134	69+(NT-1)*12+NA*5	0	Day of start of reference period			Operational
4.134	70+(NT-1)*12+NA*5	0	Hour of start of reference period			Operational
4.134	71+(NT-1)*12+NA*5	0	Minute of start of reference period			Operational
4.134	72+(NT-1)*12+NA*5	0	Second of start of reference period			Operational
4.134	(73+(NT-1)*12+NA*5)-(76+(NT-1)*12+NA*5)	0	Sample size of reference period			Operational
4.134	77+(NT-1)*12+NA*5	0	Number of reference period time range (NR)			Operational
4.134	78+(NT-1)*12+NA*5+(nr-1)*6	0	Type of statistical processing for time range for reference period	4.102		Operational
4.134	79+(NT-1)*12+NA*5+(nr-1)*6	0	Indicator of unit of time range for reference period	4.4		Operational
4.134	(80+(NT-1)*12+NA*5+(nr-1)*6)-(83+(NT-1)*12+NA*5+(nr-1)*6)	0	Length of time range for reference period			Operational
4.135	10	1	Parameter category	4.1		Operational
4.135	11	1	Parameter number	4.2		Operational
4.135	12-13	2	Input process identifier			Operational
4.135	14-15	2	Input originating centre	CCT-11		Operational
4.135	16	1	Type of post-processing			Operational
4.135	17	1	Type of generating process	4.3		Operational
4.135	18	1	Background generating process identifier (defined by originating centre)			Operational
4.135	19	1	Forecast generating process identifier (defined by originating centre)			Operational
4.135	20-21	2	Hours after reference time of data cut-off			Operational
4.135	22	1	Minutes after reference time for data cut-off			Operational
4.135	23	1	Indicator of unit of time range	4.4		Operational
4.135	24-27	4	Forecast time in units defined by previous octet			Operational
4.135	28	1	Type of first fixed surface	4.5		Operational
4.135	29	1	Scale factor of first fixed surface			Operational
4.135	30-33	4	Scaled value of first fixed surface			Operational
4.135	34	1	Type of second fixed surface	4.5		Operational
4.135	35	1	Scale factor of second fixed surface			Operational
4.135	36-39	4	Scaled value of second fixed surface			Operational
4.135	40-41	2	Total number of quantiles (q)			Operational
4.135	42-43	2	Quantile value (between 0 and q)			Operational
4.135	44-45	2	Year of end of overall time interval			Operational
4.135	46	1	Month of end of overall time interval			Operational
4.135	47	1	Day of end of overall time interval			Operational
4.135	48	1	Hour of end of overall time interval			Operational
4.135	49	1	Minute of end of overall time interval			Operational
4.135	50	1	Second of end of overall time interval			Operational
4.135	51	1	n - number of time range specifications describing the time intervals used to calculate the statistically processed field			Operational
4.135	52-55	4	Total number of data values missing in the statistical process			Operational
4.135	56+(nt-1)*12	0	Statistical process used to calculate the processed field from the field at each time increment during the time range	4.10		Operational
4.135	57+(nt-1)*12	0	Type of time increment between successive fields used in the statistical processing	4.11		Operational
4.135	58+(nt-1)*12	0	Indicator of unit of time for time range over which statistical processing is done	4.4		Operational
4.135	(59+(nt-1)*12) - (62+(nt-1)*12)	0	Length of the time range over which statistical processing is done in units defined by the previous octet			Operational
4.135	63+(nt-1)*12	0	Indicator of unit of time for the increment between the successive fields used	4.4		Operational
4.135	(64+(nt-1)*12) - (67+(nt-1)*12)	0	Time increment between successive fields in units defined by the previous octet			Operational
4.135	68+(NT-1)*12	0	Type of reference dataset	4.100		Operational
4.135	69+(NT-1)*12	0	Type of relation to reference dataset	4.101		Operational
4.135	70+(NT-1)*12	0	Number of additional parameters for reference period (NA)			Operational
4.135	71+(NT-1)*12+(na-1)*5	0	Scale factor of additional parameters for reference period			Operational
4.135	(72+(NT-1)*12+(na-1)*5)-(75+(NT-1)*12+(na-1)*5)	0	Scaled value of additional parameters for reference period			Operational
4.135	(71+(NT-1)*12+NA*5)-(72+(NT-1)*12+NA*5)	0	Year of start of reference period			Operational
4.135	73+(NT-1)*12+NA*5	0	Month of start of reference period			Operational
4.135	74+(NT-1)*12+NA*5	0	Day of start of reference period			Operational
4.135	75+(NT-1)*12+NA*5	0	Hour of start of reference period			Operational
4.135	76+(NT-1)*12+NA*5	0	Minute of start of reference period			Operational
4.135	77+(NT-1)*12+NA*5	0	Second of start of reference period			Operational
4.135	(78+(NT-1)*12+NA*5)-(81+ (NT-1)*12+NA*5)	0	Sample size of reference period			Operational
4.135	82+(NT-1)*12+NA*5	0	Number of reference period time range (NR)			Operational
4.135	83+(NT-1)*12+NA*5+(nr-1)*6	0	Type of statistical processing for time range for reference period	4.102		Operational
4.135	84+(NT-1)*12+NA*5+(nr-1)*6	0	Indicator of unit of time range for reference period	4.4		Operational
4.135	(85+(NT-1)*12+NA*5+(nr-1)*6)-(88+(NT-1)*12+NA*5+(nr-1)*6)	0	Length of time range for reference period			Operational
4.136	10	1	Parameter category	4.1		Operational
4.136	11	1	Parameter number	4.2		Operational
4.136	12	1	Type of generating process	4.3		Operational
4.136	13	1	Background generating process identifier (defined by originating centre)			Operational
4.136	14	1	Analysis or forecast generating process identifier (defined by originating centre)			Operational
4.136	15-16	2	Hours of observational data cut-off after reference time			Operational
4.136	17	1	Minutes of observational data cut-off after reference time			Operational
4.136	18	1	Indicator of unit of time range	4.4		Operational
4.136	19-22	4	Forecast time in units defined by previous octet			Operational
4.136	23	1	Type of first fixed surface	4.5		Operational
4.136	24	1	Scale factor of first fixed surface			Operational
4.136	25-28	4	Scaled value of first fixed surface			Operational
4.136	29	1	Type of second fixed surface	4.5		Operational
4.136	30	1	Scale factor of second fixed surface			Operational
4.136	31-34	4	Scaled value of second fixed surface			Operational
4.136	35	1	Type of ensemble forecast	4.6		Operational
4.136	36-39	4	Number of forecasts in ensemble			Operational
4.136	40	1	Forecast probability number			Operational
4.136	41	1	Total number of forecast probabilities			Operational
4.136	42	1	Probability type	4.9		Operational
4.136	43	1	Scale factor of lower limit			Operational
4.136	44-47	4	Scaled value of lower limit			Operational
4.136	48	1	Scale factor of upper limit			Operational
4.136	49-52	4	Scaled value of upper limit			Operational
4.136	53	1	Type of reference dataset	4.100		Operational
4.136	54	1	Type of relation to reference dataset	4.101		Operational
4.136	55	1	Number of additional parameters for reference period (NA)			Operational
4.136	56+(na-1)*5	0	Scale factor of additional parameters for reference period			Operational
4.136	(57+(na-1)*5)-(60+(na-1)*5)	0	Scaled value of additional parameters for reference period			Operational
4.136	(56+NA*5)-(57+NA*5)	0	Year of start of reference period			Operational
4.136	58+NA*5	0	Month of start of reference period			Operational
4.136	59+NA*5	0	Day of start of reference period			Operational
4.136	60+NA*5	0	Hour of start of reference period			Operational
4.136	61+NA*5	0	Minute of start of reference period			Operational
4.136	62+NA*5	0	Second of start of reference period			Operational
4.136	(63+NA*5)-(66+NA*5)	0	Sample size of reference period			Operational
4.136	67+NA*5	0	Number of reference period time range (NR)			Operational
4.136	68+NA*5+(nr-1)*6	0	Type of statistical processing for time range for reference period	4.102		Operational
4.136	69+NA*5+(nr-1)*6	0	Indicator of unit of time range for reference period	4.4		Operational
4.136	(70+NA*5+(nr-1)*6)-(73+NA*5+(nr-1)*6)	0	Length of time range for reference period			Operational
4.136	74+NA*5+(nr-1)*6	0	Spatial vicinity type	4.103		Operational
4.136	75+NA*5+(nr-1)*6	0	Number of spatial vicinity values (NSV)			Operational
4.136	(76+NA*5+(nr-1)*6+(nsv-1)*4)-(79+NA*5+(nr-1)*6+(nsv-1)*4)	0	Spatial vicinity value			Operational
4.136	80+NA*5+(nr-1)*6+(nsv-1)*4	0	Spatial vicinity processing	4.104		Operational
4.136	(81+NA*5+(nr-1)*6+(nsv-1)*4)-(82+NA*5+(nr-1)*6+(nsv-1)*4)	0	Spatial vicinity processing argument 1 (e.g., if previous is quantile)			Operational
4.136	(83+NA*5+(nr-1)*6+(nsv-1)*4)-(84+NA*5+(nr-1)*6+(nsv-1)*4)	0	Spatial vicinity processing argument 2 (e.g., if previous is quantile)			Operational
4.136	85+NA*5+(nr-1)*6+(nsv-1)*4	0	Spatial vicinity missing data	4.105		Operational
4.136	86+NA*5+(nr-1)*6+(nsv-1)*4	0	Temporal vicinity processing	4.104		Operational
4.136	87+NA*5+(nr-1)*6+(nsv-1)*4	0	Temporal vicinity unit	4.4		Operational
4.136	(88+NA*5+(nr-1)*6+(nsv-1)*4)-(91+NA*5+(nr-1)*6+(nsv-1)*4)	0	Temporal vicinity towards past			Operational
4.136	(92+NA*5+(nr-1)*6+(nsv-1)*4)-(95+NA*5+(nr-1)*6+(nsv-1)*4)	0	Temporal vicinity towards future			Operational
4.137	10	1	Parameter category	4.1		Operational
4.137	11	1	Parameter number	4.2		Operational
4.137	12	1	Type of generating process	4.3		Operational
4.137	13	1	Background generating process identifier (defined by originating centre)			Operational
4.137	14	1	Forecast generating process identifier (defined by originating centre)			Operational
4.137	15-16	2	Hours after reference time of data cut-off			Operational
4.137	17	1	Minutes after reference time of data cut-off			Operational
4.137	18	1	Indicator of unit of time range	4.4		Operational
4.137	19-22	4	Forecast time in units defined by octet 18			Operational
4.137	23	1	Type of first fixed surface	4.5		Operational
4.137	24	1	Scale factor of first fixed surface			Operational
4.137	25-28	4	Scaled value of first fixed surface			Operational
4.137	29	1	Type of second fixed surface	4.5		Operational
4.137	30	1	Scale factor of second fixed surface			Operational
4.137	31-34	4	Scaled value of second fixed surface			Operational
4.137	35	1	Derived forecast	4.7		Operational
4.137	36-39	4	Number of forecasts in ensemble			Operational
4.137	40-41	2	Year of model version date			Operational
4.137	42	1	Month of model version date			Operational
4.137	43	1	Day of model version date			Operational
4.137	44	1	Hour of model version date			Operational
4.137	45	1	Minute of model version date			Operational
4.137	46	1	Second of model version date			Operational
4.138	10	1	Parameter category	4.1		Operational
4.138	11	1	Parameter number	4.2		Operational
4.138	12	1	Type of generating process	4.3		Operational
4.138	13	1	Background generating process identifier (defined by originating centre)			Operational
4.138	14	1	Forecast generating process identifier (defined by originating centre)			Operational
4.138	15-16	2	Hours after reference time of data cut-off			Operational
4.138	17	1	Minutes after reference time of data cut-off			Operational
4.138	18	1	Indicator of unit of time range	4.4		Operational
4.138	19-22	4	Forecast time in units defined by octet 18			Operational
4.138	23	1	Type of first fixed surface	4.5		Operational
4.138	24	1	Scale factor of first fixed surface			Operational
4.138	25-28	4	Scaled value of first fixed surface			Operational
4.138	29	1	Type of second fixed surface	4.5		Operational
4.138	30	1	Scale factor of second fixed surface			Operational
4.138	31-34	4	Scaled value of second fixed surface			Operational
4.138	35	1	Derived forecast	4.7		Operational
4.138	36-39	4	Number of forecasts in the ensemble (N)			Operational
4.138	40-41	2	Year of end of model version date			Operational
4.138	42	1	Month of end of model version date			Operational
4.138	43	1	Day of end of model version date			Operational
4.138	44	1	Hour of end of model version date			Operational
4.138	45	1	Minute of end of model version date			Operational
4.138	46	1	Second of end of model version date			Operational
4.138	47-48	2	Year of end of overall time interval			Operational
4.138	49	1	Month of end of overall time interval			Operational
4.138	50	1	Day of end of overall time interval			Operational
4.138	51	1	Hour of end of overall time interval			Operational
4.138	52	1	Minute of end of overall time interval			Operational
4.138	53	1	Second of end of overall time interval			Operational
4.138	54	1	n - number of time range specifications describing the time intervals used to calculate the statistically processed field			Operational
4.138	55-58	4	Total number of data values missing in statistical process			Operational
4.138	59	1	Statistical process used to calculate the processed field from the field at each time increment during the time range	4.10		Operational
4.138	60	1	Type of time increment between successive fields used in the statistical processing	4.11		Operational
4.138	61	1	Indicator of unit of time for time range over which statistical processing is done	4.4		Operational
4.138	62-65	4	Length of the time range over which statistical processing is done, in units defined by the previous octet			Operational
4.138	66	1	Indicator of unit of time for the increment between the successive fields used	4.4		Operational
4.138	67-70	4	Time increment between successive fields, in units defined by the previous octet			Operational
4.138	71-82	0	As octets 59 to 70, next innermost step of processing			Operational
4.138	83-nn	0	Additional time range specifications, included in accordance with the value of n. Contents as octets 59 to 70, repeated as necessary			Operational
4.139	10	1	Parameter category	4.1		Operational
4.139	11	1	Parameter number	4.2		Operational
4.139	12	1	Type of wave period interval	4.91		Operational
4.139	13	1	Scale factor of lower wave period limit			Operational
4.139	14-17	4	Scaled value of lower wave period limit			Operational
4.139	18	1	Scale factor of upper wave period limit			Operational
4.139	19-22	4	Scaled value of upper wave period limit			Operational
4.139	23	1	Type of generating process	4.3		Operational
4.139	24	1	Background generating process identifier (defined by originating centre)			Operational
4.139	25	1	Reforecast generating process identifier (defined by originating centre)			Operational
4.139	26-27	2	Hours of observational data cut-off after reference time			Operational
4.139	28	1	Minutes of observational data cut-off after reference time			Operational
4.139	29	1	Indicator of unit of time range	4.4		Operational
4.139	30-33	4	Forecast time in units defined by previous octet			Operational
4.139	34	1	Type of first fixed surface	4.5		Operational
4.139	35	1	Scale factor of first fixed surface			Operational
4.139	36-39	4	Scaled value of first fixed surface			Operational
4.139	40	1	Type of second fixed surface	4.5		Operational
4.139	41	1	Scale factor of second fixed surface			Operational
4.139	42-45	4	Scaled value of second fixed surface			Operational
4.139	46-47	2	Year of model version date			Operational
4.139	48	1	Month of model version date			Operational
4.139	49	1	Day of model version date			Operational
4.139	50	1	Hour of model version date			Operational
4.139	51	1	Minute of model version date			Operational
4.139	52	1	Second of model version date			Operational
4.13	10	1	Parameter category	4.1		Operational
4.13	11	1	Parameter number	4.2		Operational
4.13	12	1	Type of generating process	4.3		Operational
4.13	13	1	Background generating process identifier (defined by originating centre)			Operational
4.13	14	1	Forecast generating process identifier (defined by originating centre)			Operational
4.13	15-16	2	Hours after reference time of data cut-off			Operational
4.13	17	1	Minutes after reference time of data cut-off			Operational
4.13	18	1	Indicator of unit of time range	4.4		Operational
4.13	19-22	4	Forecast time in units defined by octet 18			Operational
4.13	23	1	Type of first fixed surface	4.5		Operational
4.13	24	1	Scale factor of first fixed surface			Operational
4.13	25-28	4	Scaled value of first fixed surface			Operational
4.13	29	1	Type of second fixed surface	4.5		Operational
4.13	30	1	Scale factor of second fixed surface			Operational
4.13	31-34	4	Scaled value of second fixed surface			Operational
4.13	35	1	Derived forecast	4.7		Operational
4.13	36	1	Number of forecasts in the ensemble (N)			Operational
4.13	37	1	Cluster identifier			Operational
4.13	38	1	Number of cluster to which the high-resolution control belongs			Operational
4.13	39	1	Number of cluster to which the low-resolution control belongs			Operational
4.13	40	1	Total number of clusters			Operational
4.13	41	1	Clustering method	4.8		Operational
4.13	42-45	4	Northern latitude of cluster domain			Operational
4.13	46-49	4	Southern latitude of cluster domain			Operational
4.13	50-53	4	Eastern longitude of cluster domain			Operational
4.13	54-57	4	Western longitude of cluster domain			Operational
4.13	58	1	NC - number of forecasts in the cluster			Operational
4.13	59	1	Scale factor of standard deviation in the cluster			Operational
4.13	60-63	4	Scaled value of standard deviation in the cluster			Operational
4.13	64	1	Scale factor of distance of the cluster from ensemble mean			Operational
4.13	65-68	4	Scaled value of distance of the cluster from ensemble mean			Operational
4.13	69-70	2	Year of end of overall time interval			Operational
4.13	71	1	Month of end of overall time interval			Operational
4.13	72	1	Day of end of overall time interval			Operational
4.13	73	1	Hour of end of overall time interval			Operational
4.13	74	1	Minute of end of overall time interval			Operational
4.13	75	1	Second of end of overall time interval			Operational
4.13	76	1	n - number of time range specifications describing the time intervals used to calculate the statistically processed field			Operational
4.13	77-80	4	Total number of data values missing in statistical process			Operational
4.13	81	1	Statistical process used to calculate the processed field from the field at each time increment during the time range	4.10		Operational
4.13	82	1	Type of time increment between successive fields used in the statistical processing	4.11		Operational
4.13	83	1	Indicator of unit of time for time range over which statistical processing is done	4.4		Operational
4.13	84-87	4	Length of the time range over which statistical processing is done, in units defined by the previous octet			Operational
4.13	88	1	Indicator of unit of time for the increment between the successive fields used	4.4		Operational
4.13	89-92	4	Time increment between successive fields, in units defined by the previous octet			Operational
4.13	93-104	12	As octets 81 to 92, next innermost step of processing			Operational
4.13	105-nn	0	Additional time range specifications, included in accordance with the value of n. Contents as octets 81 to 92, repeated as necessary			Operational
4.13	(nn+1)-(nn+NC)	0	List of NC ensemble forecast numbers (NC is given in octet 58)			Operational
4.140	10	1	Parameter category	4.1		Operational
4.140	11	1	Parameter number	4.2		Operational
4.140	12	1	Type of wave period interval	4.91		Operational
4.140	13	1	Scale factor of lower wave period limit			Operational
4.140	14-17	4	Scaled value of lower wave period limit			Operational
4.140	18	1	Scale factor of upper wave period limit			Operational
4.140	19-22	4	Scaled value of upper wave period limit			Operational
4.140	23	1	Type of generating process	4.3		Operational
4.140	24	1	Background generating process identifier (defined by originating centre)			Operational
4.140	25	1	Analysis or forecast generating process identifier (defined by originating centre)			Operational
4.140	26-27	2	Hours of observational data cut-off after reference time			Operational
4.140	28	1	Minutes of observational data cut-off after reference time			Operational
4.140	29	1	Indicator of unit of time range	4.4		Operational
4.140	30-33	4	Forecast time in units defined by previous octet			Operational
4.140	34	1	Type of first fixed surface	4.5		Operational
4.140	35	1	Scale factor of first fixed surface			Operational
4.140	36-39	4	Scaled value of first fixed surface			Operational
4.140	40	1	Type of second fixed surface	4.5		Operational
4.140	41	1	Scale factor of second fixed surface			Operational
4.140	42-45	4	Scaled value of second fixed surface			Operational
4.140	46	1	Type of ensemble forecast	4.6		Operational
4.140	47-50	4	Perturbation number			Operational
4.140	51-54	4	Number of forecasts in ensemble			Operational
4.140	55-56	2	Year of model version date			Operatonal
4.140	57	1	Month of model version date			Operatonal
4.140	58	1	Day of model version date			Operatonal
4.140	59	1	Hour of model version date			Operatonal
4.140	60	1	Minute of model version date			Operatonal
4.140	61	1	Second of model version date			Operatonal
4.141	10	1	Parameter category	4.1		Operational
4.141	11	1	Parameter number	4.2		Operational
4.141	12-13	2	Wave direction number			Operational
4.141	14-15	2	Number of wave directions (ND)			Operational
4.141	16-17	2	Wave frequency number			Operational
4.141	18-19	2	Number of wave frequencies (NF)			Operational
4.141	20	1	Type of generating process	4.3		Operational
4.141	21	1	Background generating process identifier (defined by originating centre)			Operational
4.141	22	1	Analysis or forecast generating process identifier (defined by originating centre)			Operational
4.141	23-24	2	Hours of observational data cut-off after reference time			Operational
4.141	25	1	Minutes of observational data cut-off after reference time			Operational
4.141	26	1	Indicator of unit of time range	4.4		Operational
4.141	27-30	4	Forecast time in units defined by previous octet			Operational
4.141	31-32	2	Year of model version date			Operational
4.141	33	1	Month of model version date			Operational
4.141	34	1	Day of model version date			Operational
4.141	35	1	Hour of model version date			Operational
4.141	36	1	Minute of model version date			Operational
4.141	37	1	Second of model version date			Operational
4.141	38	1	Scale factor of wave directions			Operational
4.141	(39 + (ND-1)*4) - (42 + (ND-1)*4)	4	Scaled values of wave directions			Operational
4.141	43 + (ND-1)*4	1	Scale factor of wave frequencies			Operational
4.141	(44 + (ND-1)*4 + (NF-1)*4) - (47 + (ND-1)*4 + (NF-1)*4)	4	Scaled values of wave frequencies			Operational
4.142	10	1	Parameter category	4.1		Operational
4.142	11	1	Parameter number	4.2		Operational
4.142	12-13	2	Wave direction number			Operational
4.142	14-15	2	Number of wave directions (ND)			Operational
4.142	16-17	2	Wave frequency number			Operational
4.142	18-19	2	Number of wave frequencies (NF)			Operational
4.142	20	1	Type of generating process	4.3		Operational
4.142	21	1	Background generating process identifier (defined by originating centre)			Operational
4.142	22	1	Analysis or forecast generating process identifier (defined by originating centre)			Operational
4.142	23-24	2	Hours of observational data cut-off after reference time			Operational
4.142	25	1	Minutes of observational data cut-off after reference time			Operational
4.142	26	1	Indicator of unit of time range	4.4		Operational
4.142	27-30	4	Forecast time in units defined by previous octet			Operational
4.142	31	1	Type of ensemble forecast	4.6		Operational
4.142	32-35	4	Perturbation number			Operational
4.142	36-39	4	Number of forecasts in ensemble			Operational
4.142	40-4	2	Year of model version date			Operational
4.142	42	1	Month of model version date			Operational
4.142	43	1	Day of model version date			Operational
4.142	44	1	Hour of model version date			Operational
4.142	45	1	Minute of model version date			Operational
4.142	46	1	Second of model version date			Operational
4.142	47	1	Scale factor of wave directions			Operational
4.142	(48 + (ND-1)*4) - (51 + (ND-1)*4)	4	Scaled values of wave directions			Operational
4.142	52 + (ND-1)*4	1	Scale factor of wave frequencies			Operational
4.142	(53 + (ND-1)*4 + (NF-1)*4) - (56 + (ND-1)*4 + (NF-1)*4)	4	Scaled values of wave frequencies			Operational
4.143	10	1	Parameter category	4.1		Operational
4.143	11	1	Parameter number	4.2		Operational
4.143	12	1	Type of generating process	4.3		Operational
4.143	13	1	Background generating process identifier (defined by originating centre)			Operational
4.143	14	1	Forecast generating process identifier (defined by originating centre)			Operational
4.143	15-16	2	Hours after reference time of data cut-off			Operational
4.143	17	1	Minutes after reference time of data cut-off			Operational
4.143	18	1	Indicator of unit of time range	4.4		Operational
4.143	19-22	4	Forecast time in units defined by octet 18			Operational
4.143	23-24	2	Random field number			Operational
4.143	25-26	2	Total number of random fields			Operational
4.143	27-28	2	Spatio-temporal scale number			Operational
4.143	29-30	2	Total number of spatio-temporal scales			Operational
4.143	31-34	4	Scaled value of spatial scale			Operational
4.143	35	1	Scale factor of spatial scale			Operational
4.143	36-39	4	Scaled value of temporal scale			Operational
4.143	40	1	Scale factor of temporal scale			Operational
4.143	41	1	Type of first fixed surface	4.5		Operational
4.143	42	1	Scale factor of first fixed surface			Operational
4.143	43-46	4	Scaled value of first fixed surface			Operational
4.143	47	1	Type of second fixed surface	4.5		Operational
4.143	48	1	Scale factor of second fixed surface			Operational
4.143	49-52	4	Scaled value of second fixed surface			Operational
4.143	53	1	Type of ensemble forecast	4.6		Operational
4.143	54-57	4	Perturbation number			Operational
4.143	58-61	4	Number of forecasts in ensemble			Operational
4.144	10	1	Parameter category	4.1		Operational
4.144	11	1	Parameter number	4.2		Operational
4.144	12	1	Type of wave period interval	4.91		Operational
4.144	13	1	Scale factor of lower wave period limit			Operational
4.144	14-17	4	Scaled value of lower wave period limit			Operational
4.144	18	1	Scale factor of upper wave period limit			Operational
4.144	19-22	4	Scaled value of upper wave period limit			Operational
4.144	23	1	Type of generating process	4.3		Operational
4.144	24	1	Background generating process identifier (defined by originating centre)			Operational
4.144	25	1	Analysis or forecast generating process identifier (defined by originating centre)			Operational
4.144	26-27	2	Hours of observational data cut-off after reference time			Operational
4.144	28	1	Minutes of observational data cut-off after reference time			Operational
4.144	29	1	Indicator of unit of time range	4.4		Operational
4.144	30-33	4	Forecast time in units defined by previous octet			Operational
4.144	34	1	Type of first fixed surface	4.5		Operational
4.144	35	1	Scale factor of first fixed surface			Operational
4.144	36-39	4	Scaled value of first fixed surface			Operational
4.144	40	1	Type of second fixed surface	4.5		Operational
4.144	41	1	Scale factor of second fixed surface			Operational
4.144	42-45	4	Scaled value of second fixed surface			Operational
4.144	46-47	2	Year - time of end of overall time interval			Operational
4.144	48	1	Month - time of end of overall time interval			Operational
4.144	49	1	Day - time of end of overall time interval			Operational
4.144	50	1	Hour - time of end of overall time interval			Operational
4.144	51	1	Minute - time of end of overall time interval			Operational
4.144	52	1	Second - time of end of overall time interval			Operational
4.144	53	1	n - number of time range specifications describing the time intervals used to calculate the statistically processed field			Operational
4.144	54-57	4	Total number of data values missing in statistical process			Operational
4.144	58	1	Statistical process used to calculate the processed field from the field at each time increment during the time range	4.10		Operational
4.144	59	1	Type of time increment between successive fields used in the statistical processing	4.11		Operational
4.144	60	1	Indicator of unit of time for time range over which statistical processing is done	4.4		Operational
4.144	61-64	4	Length of the time range over which statistical processing is done, in units defined by the previous octet			Operational
4.144	65	1	Indicator of unit of time for the increment between the successive fields used	4.4		Operational
4.144	66-69	4	Time increment between successive fields, in units defined by the previous octet			Operational
4.144	70-81	0	As octets 58 to 69, next innermost step of processing			Operational
4.144	82-nn	0	Additional time range specifications, included in accordance with the value of n. Contents as octets 58 to 69, repeated as necessary			Operational
4.145	10	1	Parameter category	4.1		Operational
4.145	11	1	Parameter number	4.2		Operational
4.145	12	1	Type of wave period interval	4.91		Operational
4.145	13	1	Scale factor of lower wave period limit			Operational
4.145	14-17	4	Scaled value of lower wave period limit			Operational
4.145	18	1	Scale factor of upper wave period limit			Operational
4.145	19-22	4	Scaled value of upper wave period limit			Operational
4.145	23	1	Type of generating process	4.3		Operational
4.145	24	1	Background generating process identifier (defined by originating centre)			Operational
4.145	25	1	Analysis or forecast generating process identifier (defined by originating centre)			Operational
4.145	26-27	2	Hours of observational data cut-off after reference time			Operational
4.145	28	1	Minutes of observational data cut-off after reference time			Operational
4.145	29	1	Indicator of unit of time range	4.4		Operational
4.145	30-33	4	Forecast time in units defined by previous octet			Operational
4.145	34	1	Type of first fixed surface	4.5		Operational
4.145	35	1	Scale factor of first fixed surface			Operational
4.145	36-39	4	Scaled value of first fixed surface			Operational
4.145	40	1	Type of second fixed surface	4.5		Operational
4.145	41	1	Scale factor of second fixed surface			Operational
4.145	42-45	4	Scaled value of second fixed surface			Operational
4.145	46	1	Type of ensemble forecast	4.6		Operational
4.145	47-50	4	Perturbation number			Operational
4.145	51-54	4	Number of forecasts in ensemble			Operational
4.145	55-56	2	Year - time of end of overall time interval			Operational
4.145	57	1	Month - time of end of overall time interval			Operational
4.145	58	1	Day - time of end of overall time interval			Operational
4.145	59	1	Hour - time of end of overall time interval			Operational
4.145	60	1	Minute - time of end of overall time interval			Operational
4.145	61	1	Second - time of end of overall time interval			Operational
4.145	62	1	n - number of time range specifications describing the time intervals used to calculate the statistically processed field			Operational
4.145	63-66	4	Total number of data values missing in statistical process			Operational
4.145	67	1	Statistical process used to calculate the processed field from the field at each time increment during the time range	4.10		Operational
4.145	68	1	Type of time increment between successive fields used in the statistical processing	4.11		Operational
4.145	69	1	Indicator of unit of time for time range over which statistical processing is done	4.4		Operational
4.145	70-73	4	Length of the time range over which statistical processing is done, in units defined by the previous octet			Operational
4.145	74	1	Indicator of unit of time for the increment between the successive fields used	4.4		Operational
4.145	75-78	4	Time increment between successive fields, in units defined by the previous octet			Operational
4.145	79-90	0	As octets 67 to 78, next innermost step of processing			Operational
4.145	91-nn	0	Additional time range specifications, included in accordance with the value of n. Contents as octets 67 to 78, repeated as necessary			Operational
4.146	10	1	Parameter category	4.1		Operational
4.146	11	1	Parameter number	4.2		Operational
4.146	12	1	Type of generating process	4.3		Operational
4.146	13	1	Background process			Operational
4.146	14	1	Generating process identifier			Operational
4.146	15-16	2	Hours after data cut-off			Operational
4.146	17	1	Minutes after data cut-off			Operational
4.146	18	1	Indicator of unit of time range	4.4		Operational
4.146	19-22	4	Forecast time			Operational
4.146	23	1	Type of first fixed surface	4.5		Operational
4.146	24	1	Scale factor of first fixed surface			Operational
4.146	25-28	4	Scaled value of first fixed surface			Operational
4.146	29	1	Type of second fixed surface	4.5		Operational
4.146	30	1	Scale factor of second fixed surface			Operational
4.146	31-32	4	Scaled value of second fixed surface			Operational
4.146	35-36	2	Verification score	4.120		Operational
4.146	37	1	Type of reference dataset for verification	4.121		Operational
4.146	38	1	Type of statistical processing over vertical for verification	4.10		Operational
4.146	39	1	Type of threshold operator for verification score	4.91		Operational
4.146	40	1	Type of additional arguments for verification score	4.122		Operational
4.146	41	1	Number of additional arguments for verification (NA)			Operational
4.146	42 + (na-1)*5	1	Scale factor of additional argument for verification			Operational
4.146	(43 + (na-1)*5) - (46 + (na-1)*5)	4	Scaled value of additional argument for verification			Operational
4.146	(42 + NA*5) - (43 + NA*5)	2	Year of start of verification period			Operational
4.146	44 + NA*5	1	Month of start of verification period			Operational
4.146	45 + NA*5	1	Day of start of verification period			Operational
4.146	46 + NA*5	1	Hour of start of verification period			Operational
4.146	47 + NA*5	1	Minute of start of verification period			Operational
4.146	48 + NA*5	1	Second of start of verification period			Operational
4.146	49 + NA*5	1	Number of verification period time ranges (NV)			Operational
4.146	50 + NA*5 + (nv-1)*11	1	Type of statistical processing for time range for verification period	4.10		Operational
4.146	51 + NA*5 + (nv-1)*11	1	Indicator of unit for time range for verification period	4.4		Operational
4.146	(52 + NA*5 + (nv-1)*11) - (55 + NA*5 + (nv-1)*11)	4	Length of time range for verification period			Operational
4.146	56 + NA*5 + (nv-1)*11	1	Indicator of unit for time increment for verification period	4.4		Operational
4.146	(57 + NA*5 + (nv-1)*11) - (60 + NA*5 + (nv-1)*11)	4	Time increment for verification period			Operational
4.146	(61 + NA*5 + NV*11) - (62 + NA*5 + NV*11)	2	Number of forecasts in verification			Operational
4.147	10	1	Parameter category	4.1		Operational
4.147	11	1	Parameter number	4.2		Operational
4.147	12	1	Type of generating process	4.3		Operational
4.147	13	1	Background process			Operational
4.147	14	1	Generating process identifier			Operational
4.147	15-16	2	Hours after data cut-off			Operational
4.147	17	1	Minutes after data cut-off			Operational
4.147	18	1	Indicator of unit of time range	4.4		Operational
4.147	19-22	4	Forecast time			Operational
4.147	23	1	Type of first fixed surface	4.5		Operational
4.147	24	1	Scale factor of first fixed surface			Operational
4.147	25-28	4	Scaled value of first fixed surface			Operational
4.147	29	1	Type of second fixed surface	4.5		Operational
4.147	30	1	Scale factor of second fixed surface			Operational
4.147	31-34	4	Scaled value of second fixed surface			Operational
4.147	35-36	2	Year of end of overall time interval			Operational
4.147	37	1	Month of end of overall time interval			Operational
4.147	38	1	Day of end of overall time interval			Operational
4.147	39	1	Hour of end of overall time interval			Operational
4.147	40	1	Minute of end of overall time interval			Operational
4.147	41	1	Second of end of overall time interval			Operational
4.147	42	1	Number of time range (NR)			Operational
4.147	43-46	4	Number of missing in statistical process			Operational
4.147	47 + (nr-1)*12	1	Type of statistical processing	4.10		Operational
4.147	48 + (nr-1)*12	1	Type of time increment	4.11		Operational
4.147	49 + (nr-1)*12	1	Indicator of unit for time range	4.4		Operational
4.147	(50 + (nr-1)*12) - (53 + (nr-1)*12)	4	Length of time range			Operational
4.147	54 + (nr-1)*12	1	Indicator of unit for time increment	4.4		Operational
4.147	(55 + (nr-1)*12) - (58 + (nr-1)*12)	4	Time increment			Operational
4.147	(59 + (NR-1)*12) - (60 + (NR-1)*12)	2	Verification score	4.120		Operational
4.147	61 + (NR-1)*12	1	Type of reference dataset for verification	4.121		Operational
4.147	62 + (NR-1)*12	1	Type of statistical processing over vertical for verification	4.10		Operational
4.147	63 + (NR-1)*12	1	Type of threshold operator for verification score	4.91		Operational
4.147	64 + (NR-1)*12	1	Type of additional arguments for verification score	4.122		Operational
4.147	65 + (NR-1)*12	1	Number of additional arguments for verification (NA)			Operational
4.147	66 + (NR-1)*12 + (na-1)*5	1	Scale factor of additional argument for verification			Operational
4.147	(67 + (NR-1)*12 + (na-1)*5) - (70 + (NR-1)*12 +(na-1)*5)	4	Scaled value of additional argument for verification			Operational
4.147	(66 + (NR-1)*12 + NA*5) - (67 + (NR-1)*12 + NA*5)	2	Year of start of verification period			Operational
4.147	68 + (NR-1)*12 + NA*5	1	Month of start of verification period			Operational
4.147	69 + (NR-1)*12 + NA*5	1	Day of start of verification period			Operational
4.147	70 + (NR-1)*12 + NA*5	1	Hour of start of verification period			Operational
4.147	71 + (NR-1)*12 + NA*5	1	Minute of start of verification period			Operational
4.147	72 + (NR-1)*12 + NA*5	1	Second of start of verification period			Operational
4.147	73 + (NR-1)*12 + NA*5	1	Number of verification period time ranges (NV)			Operational
4.147	74 + (NR-1)*12 + NA*5 + (nv-1)*11	1	Type of statistical processing for time range for verification period	4.10		Operational
4.147	75 + (NR-1)*12 + NA*5 + (nv-1)*11	1	Indicator of unit for time range for verification period	4.4		Operational
4.147	(76 + (NR-1)*12 + NA*5 + (nv-1)*11) - (79 + (NR-1)*12 + NA*5 + (nv-1)*11)	4	Length of time range for verification period			Operational
4.147	80 + (NR-1)*12 + NA*5 + (nv-1)*11	1	Indicator of unit for time increment for verification period	4.4		Operational
4.147	(81 + (NR-1)*12 + NA*5 + (nv-1)*11) - (84 + (NR-1)*12 + NA*5 + (nv-1)*11)	4	Time increment for verification period			Operational
4.147	(85 + (NR-1)*12 + NA*5 + NV*11) - (86 + (NR-1)*12 + NA*5 + NV*11)	2	Number of forecasts in verification			Operational
4.148	10	1	Parameter category	4.1		Operational
4.148	11	1	Parameter number	4.2		Operational
4.148	12	1	Type of generating process	4.3		Operational
4.148	13	1	Background process			Operational
4.148	14	1	Generating process identifier			Operational
4.148	15-16	2	Hours after data cut-off			Operational
4.148	17	1	Minutes after data cut-off			Operational
4.148	18	1	Indicator of unit of time range	4.4		Operational
4.148	19-22	4	Forecast time			Operational
4.148	23	1	Type of first fixed surface	4.5		Operational
4.148	24	1	Scale factor of first fixed surface			Operational
4.148	25-28	4	Scaled value of first fixed surface			Operational
4.148	29	1	Type of second fixed surface	4.5		Operational
4.148	30	1	Scale factor of second fixed surface			Operational
4.148	31-34	4	Scaled value of second fixed surface			Operational
4.148	35	1	Type of ensemble forecast	4.6		Operational
4.148	36-39	4	Perturbation number			Operational
4.148	40-43	4	Number of forecasts in ensemble			Operational
4.148	44-45	2	Verification score	4.120		Operational
4.148	46	1	Type of reference dataset for verification	4.121		Operational
4.148	47	1	Type of statistical processing over vertical for verification	4.10		Operational
4.148	48	1	Type of threshold operator for verification score	4.91		Operational
4.148	49	1	Type of additional arguments for verification score	4.122		Operational
4.148	50	1	Number of additional arguments for verification (NA)			Operational
4.148	51 + (na-1)*5	1	Scale factor of additional argument for verification			Operational
4.148	(52 + (na-1)*5) - (55 + (na-1)*5)	4	Scaled value of additional argument for verification			Operational
4.148	(51 + NA*5) - (52 + NA*5)	2	Year of start of verification period			Operational
4.148	53 + NA*5	1	Month of start of verification period			Operational
4.148	54 + NA*5	1	Day of start of verification period			Operational
4.148	55 + NA*5	1	Hour of start of verification period			Operational
4.148	56 + NA*5	1	Minute of start of verification period			Operational
4.148	57 + NA*5	1	Second of start of verification period			Operational
4.148	58 + NA*5	1	Number of verification period time ranges (NV)			Operational
4.148	59 + NA*5 + (nv-1)*11	1	Type of statistical processing for time range for verification period	4.10		Operational
4.148	60 + NA*5 + (nv-1)*11	1	Indicator of unit for time range for verification period	4.4		Operational
4.148	(61 + NA*5 + (nv-1)*11) - (64 + NA*5 + (nv-1)*11)	4	Length of time range for verification period			Operational
4.148	65 + NA*5 + (nv-1)*11	1	Indicator of unit for time increment for verification period	4.4		Operational
4.148	(66 + NA*5 + (nv-1)*11) - (69 + NA*5 + (nv-1)*11)	4	Time increment for verification period			Operational
4.148	(70 + NA*5 + NV*11) - (71 + NA*5 + NV*11)	2	Number of forecasts in verification			Operational
4.149	10	1	Parameter category	4.1		Operational
4.149	11	1	Parameter number	4.2		Operational
4.149	12	1	Type of generating process	4.3		Operational
4.149	13	1	Background process			Operational
4.149	14	1	Generating process identifier			Operational
4.149	15-16	2	Hours after data cut-off			Operational
4.149	17	1	Minutes after data cut-off			Operational
4.149	18	1	Indicator of unit of time range	4.4		Operational
4.149	19-22	4	Forecast time			Operational
4.149	23	1	Type of first fixed surface	4.5		Operational
4.149	244	1	Scale factor of first fixed surface			Operational
4.149	25-28	4	Scaled value of first fixed surface			Operational
4.149	29	1	Type of second fixed surface	4.5		Operational
4.149	30	1	Scale factor of second fixed surface			Operational
4.149	31-34	4	Scaled value of second fixed surface			Operational
4.149	35	1	Type of ensemble forecast	4.6		Operational
4.149	36-39	4	Perturbation number			Operational
4.149	40-43	4	Number of forecasts in ensemble			Operational
4.149	44-45	2	Year of end of overall time interval			Operational
4.149	46	1	Month of end of overall time interval			Operational
4.149	47	1	Day of end of overall time interval			Operational
4.149	48	1	Hour of end of overall time interval			Operational
4.149	49	1	Minute of end of overall time interval			Operational
4.149	50	1	Second of end of overall time interval			Operational
4.149	51	1	Number of time range (NR)			Operational
4.149	52-55	4	Number of missing in statistical process			Operational
4.149	56 + (nr-1)*12	1	Type of statistical processing	4.10		Operational
4.149	57 + (nr-1)*12	1	Type of time increment			Operational
4.149	58 + (nr-1)*12	1	Indicator of unit for time range	4.4		Operational
4.149	(59 + (nr-1)*12) - (62 + (nr-1)*12)	4	Length of time range			Operational
4.149	63 + (nr-1)*12	1	Indicator of unit for time increment	4.4		Operational
4.149	(64 + (nr-1)*12) - (67 + (nr-1)*12)	4	Time increment			Operational
4.149	(68 + (NR-1)*12) - (69 + (NR-1)*12)	2	Verification score	4.120		Operational
4.149	70 + (NR-1)*12	1	Type of reference dataset for verification	4.121		Operational
4.149	71 + (NR-1)*12	1	Type of statistical processing over vertical for verification	4.10		Operational
4.149	72 + (NR-1)*12	1	Type of threshold operator for verification score	4.91		Operational
4.149	73 + (NR-1)*12	1	Type of additional arguments for verification score	4.122		Operational
4.149	74 + (NR-1)*12	1	Number of additional arguments for verification (NA)			Operational
4.149	75 + (NR-1)*12 + (na-1)*5	1	Scale factor of additional argument for verification			Operational
4.149	(76 + (NR-1)*12 + (na-1)*5) - (79 + (NR-1)*12 +(na-1)*5)	4	Scaled value of additional argument for verification			Operational
4.149	(75 + (NR-1)*12 + NA*5) - (76 + (NR-1)*12 + NA*5)	2	Year of start of verification period			Operational
4.149	77 + (NR-1)*12 + NA*5	1	Month of start of verification period			Operational
4.149	78 + (NR-1)*12 + NA*5	1	Day of start of verification period			Operational
4.149	79 + (NR-1)*12 + NA*5	1	Hour of start of verification period			Operational
4.149	80 + (NR-1)*12 + NA*5	1	Minute of start of verification period			Operational
4.149	81 + (NR-1)*12 + NA*5	1	Second of start of verification period			Operational
4.149	82 + (NR-1)*12 + NA*5	1	Number of verification period time ranges (NV)			Operational
4.149	83 + (NR-1)*12 + NA*5 + (nv-1)*11	1	Type of statistical processing for time range for verification period	4.10		Operational
4.149	84 + (NR-1)*12 + NA*5 + (nv-1)*11	1	Indicator of unit for time range for verification period	4.4		Operational
4.149	(85 + (NR-1)*12 + NA*5 + (nv-1)*11) - (88 + (NR-1)*12 + NA*5 + (nv-1)*11)	4	Length of time range for verification period			Operational
4.149	89 + (NR-1)*12 + NA*5 + (nv-1)*11	1	Indicator of unit for time increment for verification period	4.4		Operational
4.149	(90 + (NR-1)*12 + NA*5 + (nv-1)*11) - (93 + (NR-1)*12 + NA*5 + (nv-1)*11)	4	Time increment for verification period			Operational
4.149	(94 + (NR-1)*12 + NA*5 + NV*11) - (95 + (NR-1)*12 + NA*5 + NV*11)	2	Number of forecasts in verification			Operational
4.14	10	1	Parameter category	4.1		Operational
4.14	11	1	Parameter number	4.2		Operational
4.14	12	1	Type of generating process	4.3		Operational
4.14	13	1	Background generating process identifier (defined by originating centre)			Operational
4.14	14	1	Forecast generating process identifier (defined by originating centre)			Operational
4.14	15-16	2	Hours after reference time of data cut-off			Operational
4.14	17	1	Minutes after reference time of data cut-off			Operational
4.14	18	1	Indicator of unit of time range	4.4		Operational
4.14	19-22	4	Forecast time in units defined by octet 18			Operational
4.14	23	1	Type of first fixed surface	4.5		Operational
4.14	24	1	Scale factor of first fixed surface			Operational
4.14	25-28	4	Scaled value of first fixed surface			Operational
4.14	29	1	Type of second fixed surface	4.5		Operational
4.14	30	1	Scale factor of second fixed surface			Operational
4.14	31-34	4	Scaled value of second fixed surface			Operational
4.14	35	1	Derived forecast	4.7		Operational
4.14	36	1	Number of forecasts in the ensemble (N)			Operational
4.14	37	1	Cluster identifier			Operational
4.14	38	1	Number of cluster to which the high-resolution control belongs			Operational
4.14	39	1	Number of cluster to which the low-resolution control belongs			Operational
4.14	40	1	Total number of clusters			Operational
4.14	41	1	Clustering method	4.8		Operational
4.14	42-45	4	Latitude of central point in cluster domain			Operational
4.14	46-49	4	Longitude of central point in cluster domain			Operational
4.14	50-53	4	Radius of cluster domain			Operational
4.14	54	1	NC - number of forecasts in the cluster			Operational
4.14	55	1	Scale factor of standard deviation in the cluster			Operational
4.14	56-59	4	Scaled value of standard deviation in the cluster			Operational
4.14	60	1	Scale factor of distance of the cluster from ensemble mean			Operational
4.14	61-64	4	Scaled value of distance of the cluster from ensemble mean			Operational
4.14	65-66	2	Year of end of overall time interval			Operational
4.14	67	1	Month of end of overall time interval			Operational
4.14	68	1	Day of end of overall time interval			Operational
4.14	69	1	Hour of end of overall time interval			Operational
4.14	70	1	Minute of end of overall time interval			Operational
4.14	71	1	Second of end of overall time interval			Operational
4.14	72	1	n - number of time range specifications describing the time intervals used to calculate the statistically processed field			Operational
4.14	73-76	4	Total number of data values missing in statistical process			Operational
4.14	77	1	Statistical process used to calculate the processed field from the field at each time increment during the time range	4.10		Operational
4.14	78	1	Type of time increment between successive fields used in the statistical processing	4.11		Operational
4.14	79	1	Indicator of unit of time for time range over which statistical processing is done	4.4		Operational
4.14	80-83	4	Length of the time range over which statistical processing is done, in units defined by the previous octet			Operational
4.14	84	1	Indicator of unit of time for the increment between the successive fields used	4.4		Operational
4.14	85-88	4	Time increment between successive fields, in units defined by the previous octet			Operational
4.14	89-110	22	As octets 77 to 88, next innermost step of processing			Operational
4.14	111-nn	0	Additional time range specifications, included in accordance with the value of n. Contents as octets 77 to 88, repeated as necessary			Operational
4.14	(nn+1)-(nn+NC)	0	List of NC ensemble forecast numbers (NC is given in octet 54)			Operational
4.150	10	1	Parameter category	4.1		Operational
4.150	11	1	Parameter number	4.2		Operational
4.150	12	1	Type of generating process	4.3		Operational
4.150	13	1	Background process			Operational
4.150	14	1	Generating process identifier			Operational
4.150	15-16	2	Hours after data cut-off			Operational
4.150	17	1	Minutes after data cut-off			Operational
4.150	18	1	Indicator of unit of time range	4.4		Operational
4.150	19-22	4	Forecast time			Operational
4.150	23	1	Type of first fixed surface	4.5		Operational
4.150	24	1	Scale factor of first fixed surface			Operational
4.150	25-28	4	Scaled value of first fixed surface			Operational
4.150	29	1	Type of second fixed surface	4.5		Operational
4.150	30	1	Scale factor of second fixed surface			Operational
4.150	31-34	4	Scaled value of second fixed surface			Operational
4.150	35	1	Derived forecast	4.7		Operational
4.150	36-39	4	Number of forecasts in ensemble			Operational
4.150	40-41	2	Verification score	4.120		Operational
4.150	42	1	Type of reference dataset for verification	4.121		Operational
4.150	43	1	Type of statistical processing over vertical for verification	4.10		Operational
4.150	44	1	Type of threshold operator for verification score	4.91		Operational
4.150	45	1	Type of additional arguments for verification score	4.122		Operational
4.150	46	1	Number of additional arguments for verification (NA)			Operational
4.150	47 + (na-1)*5	1	Scale factor of additional argument for verification			Operational
4.150	(48 + (na-1)*5) - (51 + (na-1)*5)	4	Scaled value of additional argument for verification			Operational
4.150	(47 + NA*5) - (48 + NA*5)	2	Year of start of verification period			Operational
4.150	49 + NA*5	1	Month of start of verification period			Operational
4.150	50 + NA*5	1	Day of start of verification period			Operational
4.150	51 + NA*5	1	Hour of start of verification period			Operational
4.150	52 + NA*5	1	Minute of start of verification period			Operational
4.150	53 + NA*5	1	Second of start of verification period			Operational
4.150	54 + NA*5	1	Number of verification period time ranges (NV)			Operational
4.150	55 + NA*5 + (nv-1)*11	1	Type of statistical processing for time range for verification period	4.10		Operational
4.150	56 + NA*5 + (nv-1)*11	1	Indicator of unit for time range for verification period	4.4		Operational
4.150	(57 + NA*5 + (nv-1)*11) - (60 + NA*5 + (nv-1)*11)	4	Length of time range for verification period			Operational
4.150	61 + NA*5 + (nv-1)*11	1	Indicator of unit for time increment for verification period	4.4		Operational
4.150	62 + NA*5 + (nv-1)*11) - (65 + NA*5 + (nv-1)*11)	4	Time increment for verification period			Operational
4.150	(66 + NA*5 + NV*11) - (67 + NA*5 + NV*11)	2	Number of forecasts in verification			Operational
4.151	10	1	Parameter category	4.1		Operational
4.151	11	1	Parameter number	4.2		Operational
4.151	12	1	Type of generating process	4.3		Operational
4.151	13	1	Background process			Operational
4.151	14	1	Generating process identifier			Operational
4.151	15-16	2	Hours after data cut-off			Operational
4.151	17	1	Minutes after data cut-off			Operational
4.151	18	1	Indicator of unit of time range	4.4		Operational
4.151	19-22	4	Forecast time			Operational
4.151	23	1	Type of first fixed surface	4.5		Operational
4.151	24	1	Scale factor of first fixed surface			Operational
4.151	25-28	4	Scaled value of first fixed surface			Operational
4.151	29	1	Type of second fixed surface	4.5		Operational
4.151	30	1	Scale factor of second fixed surface			Operational
4.151	31-34	4	Scaled value of second fixed surface			Operational
4.151	35	1	Derived forecast	4.7		Operational
4.151	36-39	4	Number of forecasts in ensemble			Operational
4.151	40-41	2	Year of end of overall time interval			Operational
4.151	42	1	Month of end of overall time interval			Operational
4.151	43	1	Day of end of overall time interval			Operational
4.151	44	1	Hour of end of overall time interval			Operational
4.151	45	1	Minute of end of overall time interval			Operational
4.151	46	1	Second of end of overall time interval			Operational
4.151	47	1	Number of time range (NR)			Operational
4.151	48-51	4	Number of missing in statistical process			Operational
4.151	52 + (nr-1)*12	1	Type of statistical processing	4.10		Operational
4.151	53 + (nr-1)*12	1	Type of time increment	4.11		Operational
4.151	54 + (nr-1)*12	1	Indicator of unit for time range	4.4		Operational
4.151	(55 + (nr-1)*12) - (58 + (nr-1)*12)	4	Length of time range			Operational
4.151	59 + (nr-1)*12	1	Indicator of unit for time increment	4.4		Operational
4.151	(60 + (nr-1)*12) - (63 + (nr-1)*12)	4	Time increment			Operational
4.151	(64 + (NR-1)*12) - (65 + (NR-1)*12)	2	Verification score	4.120		Operational
4.151	66 + (NR-1)*12	1	Type of reference dataset for verification	4.121		Operational
4.151	67 + (NR-1)*12	1	Type of statistical processing over vertical for verification	4.10		Operational
4.151	68 + (NR-1)*12	1	Type of threshold operator for verification score	4.91		Operational
4.151	69 + (NR-1)*12	1	Type of additional arguments for verification score	4.122		Operational
4.151	70 + (NR-1)*12	1	Number of additional arguments for verification (NA)			Operational
4.151	71 + (NR-1)*12 + (na-1)*5	1	Scale factor of additional argument for verification			Operational
4.151	(72 + (NR-1)*12 + (na-1)*5) - (75 + (NR-1)*12 + (na-1)*5)	4	Scaled value of additional argument for verification			Operational
4.151	(71 + (NR-1)*12 + NA*5) - (72 + (NR-1)*12 + NA*5)	2	Year of start of verification period			Operational
4.151	73 + (NR-1)*12 + NA*5	1	Month of start of verification period			Operational
4.151	74 + (NR-1)*12 + NA*5	1	Day of start of verification period			Operational
4.151	75 + (NR-1)*12 + NA*5	1	Hour of start of verification period			Operational
4.151	76 + (NR-1)812 + NA*5	1	Minute of start of verification period			Operational
4.151	77 + (NR-1)*12 + NA*5	1	Second of start of verification period			Operational
4.151	78 + (NR-1)*12 + NA*5	1	Number of verification period time ranges (NV)			Operational
4.151	79 + (NR-1)*12 + NA*5 + (nv-1)*11	1	Type of statistical processing for time range for verification period	4.10		Operational
4.151	80 + (NR-1)*12 + NA*5 + (nv-1)*11	1	Indicator of unit for time range for verification period	4.4		Operational
4.151	(81 + (NR-1)*12 + NA*5 + (nv-1)*11) - (84 + (NR-1)*12 + NA*5 + (nv-1)*11)	4	Length of time range for verification period			Operational
4.151	85 + (NR-1)*12 + NA*5 + (nv-1)*11	1	Indicator of unit for time increment for verification period	44.4		Operational
4.151	(86 + (NR-1)*12 + NA*5 + (nv-1)*11) - (89 + (NR-1)*12 + NA*5 + (nv-1)*11)	4	Time increment for verification period			Operational
4.151	(90 + (NR-1)*12 + NA*5 + NV*11) - (91 + (NR-1)*12 + NA*5 + NV*11)	2	Number of forecasts in verification			Operational
4.152	10	1	Parameter category	4.1		Operational
4.152	11	1	Parameter number	4.2		Operational
4.152	12-13	2	Atmospheric chemical constituent type	4.230		Operational
4.152	14	1	Type of generating process	4.3		Operational
4.152	15	1	Background generating process identifier (defined by originating centre)			Operational
4.152	16	1	Analysis or forecast generating process identifier (defined by originating centre)			Operational
4.152	17-18	2	Hours of observational data cut-off after reference time			Operational
4.152	19	1	Minutes of observational data cut-off after reference time			Operational
4.152	20	1	Indicator of unit of time range	4.4		Operational
4.152	21-24	4	Forecast time in units defined by octet 20			Operational
4.152	25	1	Type of first fixed surface	4.5		Operational
4.152	26	1	Scale factor of first fixed surface			Operational
4.152	27-30	4	Scaled value of first fixed surface			Operational
4.152	31	1	Type of second fixed surface	4.5		Operational
4.152	32	1	Scale factor of second fixed surface			Operational
4.152	33-36	4	Scaled value of second fixed surface			Operational
4.152	37	1	Type of ensemble forecast	4.6		Operational
4.152	38-41	4	Perturbation number			Operational
4.152	42-45	4	Number of forecasts in ensemble			Operational
4.152	46-47	2	Year of model version date			Operational
4.152	48	1	Month of model version date			Operational
4.152	49	1	Day of model version date			Operational
4.152	50	1	Hour of model version date			Operational
4.152	51	1	Minute of model version date			Operational
4.152	52	1	Second of model version date			Operational
4.153	10	1	Parameter category	4.1		Operational
4.153	11	1	Parameter number	4.2		Operational
4.153	12-13	2	Atmospheric chemical constituent type	4.230		Operational
4.153	14	1	Type of generating process	4.3		Operational
4.153	15	1	Background generating process identifier (defined by originating centre)			Operational
4.153	16	1	Forecast generating process identifier (defined by originating centre)			Operational
4.153	17-18	2	Hours after reference time of data cut-off			Operational
4.153	19	1	Minutes after reference time of data cut-off			Operational
4.153	20	1	Indicator of unit of time range	4.4		Operational
4.153	21-24	4	Forecast time in units defined by octet 20			Operational
4.153	25	1	Type of first fixed surface	4.5		Operational
4.153	26	1	Scale factor of first fixed surface			Operational
4.153	27-30	4	Scaled value of first fixed surface			Operational
4.153	31	1	Type of second fixed surface	4.5		Operational
4.153	32	1	Scale factor of second fixed surface			Operational
4.153	33-36	4	Scaled value of second fixed surface			Operational
4.153	37	1	Type of ensemble forecast	4.6		Operational
4.153	38-41	4	Perturbation number			Operational
4.153	42-45	4	Number of forecasts in ensemble			Operational
4.153	46-47	2	Year of model version date			Operational
4.153	48	1	Month of model version date			Operational
4.153	49	1	Day of model version date			Operational
4.153	50	1	Hour of model version date			Operational
4.153	51	1	Minute of model version date			Operational
4.153	52	1	Second of model version date			Operational
4.153	53-54	2	Year of end of overall time interval			Operational
4.153	55	1	Month of end of overall time interval			Operational
4.153	56	1	Day of end of overall time interval			Operational
4.153	57	1	Hour of end of overall time interval			Operational
4.153	58	1	Minute of end of overall time interval			Operational
4.153	59	1	Second of end of overall time interval			Operational
4.153	60	1	n - number of time range specifications describing the time intervals used to calculate the statistically processed field			Operational
4.153	61-64	4	Total number of data values missing in statistical process			Operational
4.153	65	1	Statistical process used to calculate the processed field from the field at each time increment during the time range	4.10		Operational
4.153	66	1	Type of time increment between successive fields used in the statistical processing	4.11		Operational
4.153	67	1	Indicator of unit of time for time range over which statistical processing is done	4.4		Operational
4.153	68-71	4	Length of the time range over which statistical processing is done, in units defined by the previous octet			Operational
4.153	72	1	Indicator of unit of time for the increment between the successive fields used	4.4		Operational
4.153	73-76	4	Time increment between successive fields, in units defined by the previous octet			Operational
4.153	77-88	12	As octets 65 to 76, next innermost step of processing			Operational
4.153	89-nn	0	Additional time range specifications, included in accordance with the value of n. Contents as octets 65 to 76, repeated as necessary			Operational
4.154	10	1	Parameter category	4.1		Operational
4.154	11	1	Parameter number	4.2		Operational
4.154	12	1	Type of generating process	4.3		Operational
4.154	13	1	Background generating process identifier (defined by originating centre)			Operational
4.154	14	1	Analysis or forecast generating process identifier (defined by originating centre)			Operational
4.154	15-16	2	Hours of observational data cut-off after reference time			Operational
4.154	17	1	Minutes of observational data cut-off after reference time			Operational
4.154	18	1	Indicator of unit of time range	4.4		Operational
4.154	19-22	4	Forecast time in units defined by octet 18			Operational
4.154	23	1	Type of first fixed surface	4.5		Operational
4.154	24	1	Scale factor of first fixed surface			Operational
4.154	25-28	4	Scaled value of first fixed surface			Operational
4.154	29	1	Type of second fixed surface	4.5		Operational
4.154	30	1	Scale factor of second fixed surface			Operational
4.154	31-34	4	Scaled value of second fixed surface			Operational
4.154	35	1	Type of ensemble forecast	4.6		Operational
4.154	36-39	4	Perturbation number			Operational
4.154	40-43	4	Number of forecasts in ensemble			Operational
4.154	44-45	2	Year of model version date			Operational
4.154	46	1	Month of model version date			Operational
4.154	47	1	Day of model version date			Operational
4.154	48	1	Hour of model version date			Operational
4.154	49	1	Minute of model version date			Operational
4.154	50	1	Second of model version date			Operational
4.155	10	1	Parameter category	4.1		Operational
4.155	11	1	Parameter number	4.2		Operational
4.155	12	1	Type of generating process	4.3		Operational
4.155	13	1	Background generating process identifier (defined by originating centre)			Operational
4.155	14	1	Forecast generating process identifier (defined by originating centre)			Operational
4.155	15-16	2	Hours after reference time of data cut-off			Operational
4.155	17	1	Minutes after reference time of data cut-off			Operational
4.155	18	1	Indicator of unit of time range	4.4		Operational
4.155	19-22	4	Forecast time in units defined by octet 18			Operational
4.155	23	1	Type of first fixed surface	4.5		Operational
4.155	24	1	Scale factor of first fixed surface			Operational
4.155	25-28	4	Scaled value of first fixed surface			Operational
4.155	29	1	Type of second fixed surface	4.5		Operational
4.155	30	1	Scale factor of second fixed surface			Operational
4.155	31-34	4	Scaled value of second fixed surface			Operational
4.155	35	1	Type of ensemble forecast	4.6		Operational
4.155	36-39	4	Perturbation number			Operational
4.155	40-43	4	Number of forecasts in ensemble			Operational
4.155	44-45	2	Year of model version date			Operational
4.155	46	1	Month of model version date			Operational
4.155	47	1	Day of model version date			Operational
4.155	48	1	Hour of model version date			Operational
4.155	49	1	Minute of model version date			Operational
4.155	50	1	Second of model version date			Operational
4.155	51-52	2	Year of end of overall time interval			Operational
4.155	53	1	Month of end of overall time interval			Operational
4.155	54	1	Day of end of overall time interval			Operational
4.155	55	1	Hour of end of overall time interval			Operational
4.155	56	1	Minute of end of overall time interval			Operational
4.155	57	1	Second of end of overall time interval			Operational
4.155	58	1	n - number of time range specifications describing the time intervals used to calculate the statistically processed field			Operational
4.155	59-62	4	Total number of data values missing in statistical process			Operational
4.155	63	1	Statistical process used to calculate the processed field from the field at each time increment during the time range	4.10		Operational
4.155	64	1	Type of time increment between successive fields used in the statistical processing	4.11		Operational
4.155	65	1	Indicator of unit of time for time range over which statistical processing is done	4.4		Operational
4.155	66-69	4	Length of the time range over which statistical processing is done, in units defined by the previous octet			Operational
4.155	70	1	Indicator of unit of time for the increment between the successive fields used	4.4		Operational
4.155	71-74	4	Time increment between successive fields, in units defined by the previous octet			Operational
4.155	75-86	12	As octets 63 to 74, next innermost step of processing			Operational
4.155	87-nn	0	Additional time range specifications, included in accordance with the value of n. Contents as octets 63 to 74, repeated as necessary			Operational
4.156	10	1	Parameter category	4.1		Operational
4.156	11	1	Parameter number	4.2		Operational
4.156	12-13	2	Aerosol type	CCT-14		Operational
4.156	14	1	Type of interval for first and second size	4.91		Operational
4.156	15	1	Scale factor of first size			Operational
4.156	16-19	4	Scaled value of first size in metres			Operational
4.156	20	1	Scale factor of second size			Operational
4.156	21-24	4	Scaled value of second size in metres			Operational
4.156	25	1	Type of interval for first and second wavelength	4.91		Operational
4.156	26	1	Scale factor of first wavelength			Operational
4.156	27-30	4	Scaled value of first wavelength in metres			Operational
4.156	31	1	Scale factor of second wavelength			Operational
4.156	32-35	4	Scaled value of second wavelength in metres			Operational
4.156	36	1	Type of generating process	4.3		Operational
4.156	37	1	Background generating process identifier (defined by originating centre)			Operational
4.156	38	1	Analysis or forecast generating process identifier (defined by originating centre)			Operational
4.156	39-40	2	Hours of observational data cut-off after reference time			Operational
4.156	41	1	Minutes of observational data cut-off after reference time			Operational
4.156	42	1	Indicator of unit of time range	4.4		Operational
4.156	43-46	4	Forecast time in units defined by octet 42			Operational
4.156	47	1	Type of first fixed surface	4.5		Operational
4.156	48	1	Scale factor of first fixed surface			Operational
4.156	49-52	4	Scaled value of first fixed surface			Operational
4.156	53	1	Type of second fixed surface	4.5		Operational
4.156	54	1	Scale factor of second fixed surface			Operational
4.156	55-58	4	Scaled value of second fixed surface			Operational
4.156	59-60	2	Year of end of overall time interval			Operational
4.156	61	1	Month of end of overall time interval			Operational
4.156	62	1	Day of end of overall time interval			Operational
4.156	63	1	Hour of end of overall time interval			Operational
4.156	64	1	Minute of end of overall time interval			Operational
4.156	65	1	Second of end of overall time interval			Operational
4.156	66	1	n - number of time range specifications describing the time intervals used to calculate the statistically processed field			Operational
4.156	67-70	4	Total number of data values missing in statistical process			Operational
4.156	71	1	Statistical process used to calculate the processed field from the field at each time increment during the time range	4.10		Operational
4.156	72	1	Type of time increment between successive fields used in the statistical processing	4.11		Operational
4.156	73	1	Indicator of unit of time for time range over which statistical processing is done	4.4		Operational
4.156	74-77	4	Length of the time range over which statistical processing is done, in units defined by the previous octet			Operational
4.156	78	1	Indicator of unit of time for the increment between the successive fields used	4.4		Operational
4.156	79-82	4	Time increment between successive fields, in units defined by the previous octet			Operational
4.156	83-94	12	As octets 71 to 82, next innermost step of processing			Operational
4.156	95-nn	0	Additional time range specifications, included in accordance with the value of n. Contents as octets 71 to 82, repeated as necessary			Operational
4.157	10	1	Parameter category	4.1		Operational
4.157	11	1	Parameter number	4.2		Operational
4.157	12-13	2	Aerosol type	CCT-14		Operational
4.157	14	1	Type of interval for first and second size	4.91		Operational
4.157	15	1	Scale factor of first size			Operational
4.157	16-19	4	Scaled value of first size in metres			Operational
4.157	20	1	Scale factor of second size			Operational
4.157	21-24	4	Scaled value of second size in metres			Operational
4.157	25	1	Type of interval for first and second wavelength	4.91		Operational
4.157	26	1	Scale factor of first wavelength			Operational
4.157	27-30	4	Scaled value of first wavelength in metres			Operational
4.157	31	1	Scale factor of second wavelength			Operational
4.157	32-35	4	Scaled value of second wavelength in metres			Operational
4.157	36	1	Type of generating process	4.3		Operational
4.157	37	1	Background generating process identifier (defined by originating centre)			Operational
4.157	38	1	Analysis or forecast generating process identifier (defined by originating centre)			Operational
4.157	39-40	2	Hours of observational data cut-off after reference time			Operational
4.157	41	1	Minutes of observational data cut-off after reference time			Operational
4.157	42	1	Indicator of unit of time range	4.4		Operational
4.157	43-46	4	Forecast time in units defined by octet 42			Operational
4.157	47	1	Type of first fixed surface	4.5		Operational
4.157	48	1	Scale factor of first fixed surface			Operational
4.157	49-52	4	Scaled value of first fixed surface			Operational
4.157	53	1	Type of second fixed surface	4.5		Operational
4.157	54	1	Scale factor of second fixed surface			Operational
4.157	55-58	4	Scaled value of second fixed surface			Operational
4.157	59	1	Type of ensemble forecast	4.6		Operational
4.157	60-63	4	Perturbation number			Operational
4.157	64-67	4	Number of forecasts in ensemble			Operational
4.157	68-69	2	Year of end of overall time interval			Operational
4.157	70	1	Month of end of overall time interval			Operational
4.157	71	1	Day of end of overall time interval			Operational
4.157	72	1	Hour of end of overall time interval			Operational
4.157	73	1	Minute of end of overall time interval			Operational
4.157	74	1	Second of end of overall time interval			Operational
4.157	75	1	n - number of time range specifications describing the time intervals used to calculate the statistically processed field			Operational
4.157	76-79	4	Total number of data values missing in statistical process			Operational
4.157	80	1	Statistical process used to calculate the processed field from the field at each time increment during the time range	4.10		Operational
4.157	81	1	Type of time increment between successive fields used in the statistical processing	4.11		Operational
4.157	82	1	Indicator of unit of time for time range over which statistical processing is done	4.4		Operational
4.157	83-86	4	Length of the time range over which statistical processing is done, in units defined by the previous octet			Operational
4.157	87	1	Indicator of unit of time for the increment between the successive fields used	4.4		Operational
4.157	88-91	4	Time increment between successive fields, in units defined by the previous octet			Operational
4.157	92-103	12	As octets 80 to 91, next innermost step of processing			Operational
4.157	104-nn	0	Additional time range specifications, included in accordance with the value of n. Contents as octets 80 to 91, repeated as necessary			Operational
4.158	10	1	Parameter category	4.1		Operational
4.158	11	1	Parameter number	4.2		Operational
4.158	12-13	2	Aerosol type	CCT-14		Operational
4.158	14	1	Source or sink	4.238		Operational
4.158	15	1	Type of interval for first and second size	4.91		Operational
4.158	16	1	Scale factor of first size			Operational
4.158	17-20	4	Scaled value of first size in metres			Operational
4.158	21	1	Scale factor of second size			Operational
4.158	22-25	4	Scaled value of second size in metres			Operational
4.158	26	1	Type of interval for first and second wavelength	4.91		Operational
4.158	27	1	Scale factor of first wavelength			Operational
4.158	28-31	4	Scaled value of first wavelength in metres			Operational
4.158	32	1	Scale factor of second wavelength			Operational
4.158	33-36	4	Scaled value of second wavelength in metres			Operational
4.158	37	1	Type of generating process	4.3		Operational
4.158	38	1	Background generating process identifier (defined by originating centre)			Operational
4.158	39	1	Analysis or forecast generating process identifier (defined by originating centre)			Operational
4.158	40-41	2	Hours of observational data cut-off after reference time			Operational
4.158	42	1	Minutes of observational data cut-off after reference time			Operational
4.158	43	1	Indicator of unit of time range	4.4		Operational
4.158	44-47	4	Forecast time in units defined by octet 42			Operational
4.158	48	1	Type of first fixed surface	4.5		Operational
4.158	49	1	Scale factor of first fixed surface			Operational
4.158	50-53	4	Scaled value of first fixed surface			Operational
4.158	54	1	Type of second fixed surface	4.5		Operational
4.158	55	1	Scale factor of second fixed surface			Operational
4.158	56-59	4	Scaled value of second fixed surface			Operational
4.158	60-61	2	Year of end of overall time interval			Operational
4.158	62	1	Month of end of overall time interval			Operational
4.158	63	1	Day of end of overall time interval			Operational
4.158	64	1	Hour of end of overall time interval			Operational
4.158	65	1	Minute of end of overall time interval			Operational
4.158	66	1	Second of end of overall time interval			Operational
4.158	67	1	n - number of time range specifications describing the time intervals used to calculate the statistically processed field			Operational
4.158	68-71	4	Total number of data values missing in statistical process			Operational
4.158	72	1	Statistical process used to calculate the processed field from the field at each time increment during the time range	4.10		Operational
4.158	73	1	Type of time increment between successive fields used in the statistical processing	4.11		Operational
4.158	74	1	Indicator of unit of time for time range over which statistical processing is done	4.4		Operational
4.158	75-78	4	Length of the time range over which statistical processing is done, in units defined by the previous octet			Operational
4.158	79	1	Indicator of unit of time for the increment between the successive fields used	4.4		Operational
4.158	80-83	4	Time increment between successive fields, in units defined by the previous octet			Operational
4.158	84-95	12	As octets 72 to 83, next innermost step of processing			Operational
4.158	96-nn	0	Additional time range specifications, included in accordance with the value of n. Contents as octets 72 to 83, repeated as necessary			Operational
4.159	10	1	Parameter category	4.1		Operational
4.159	11	1	Parameter number	4.2		Operational
4.159	12-13	2	Aerosol type	CCT-14		Operational
4.159	14	1	Source or sink	4.238		Operational
4.159	15	1	Type of interval for first and second size	4.91		Operational
4.159	16	1	Scale factor of first size			Operational
4.159	17-20	4	Scaled value of first size in metres			Operational
4.159	21	1	Scale factor of second size			Operational
4.159	22-25	4	Scaled value of second size in metres			Operational
4.159	26	1	Type of interval for first and second wavelength	4.91		Operational
4.159	27	1	Scale factor of first wavelength			Operational
4.159	28-31	4	Scaled value of first wavelength in metres			Operational
4.159	32	1	Scale factor of second wavelength			Operational
4.159	33-36	4	Scaled value of second wavelength in metres			Operational
4.159	37	1	Type of generating process	4.3		Operational
4.159	38	1	Background generating process identifier (defined by originating centre)			Operational
4.159	39	1	Analysis or forecast generating process identifier (defined by originating centre)			Operational
4.159	40-41	2	Hours of observational data cut-off after reference time			Operational
4.159	42	1	Minutes of observational data cut-off after reference time			Operational
4.159	43	1	Indicator of unit of time range	4.4		Operational
4.159	44-47	4	Forecast time in units defined by octet 42			Operational
4.159	48	1	Type of first fixed surface	4.5		Operational
4.159	49	1	Scale factor of first fixed surface			Operational
4.159	50-53	4	Scaled value of first fixed surface			Operational
4.159	54	1	Type of second fixed surface	4.5		Operational
4.159	55	1	Scale factor of second fixed surface			Operational
4.159	56-59	4	Scaled value of second fixed surface			Operational
4.159	60	1	Type of ensemble forecast	4.6		Operational
4.159	61-64	4	Perturbation number			Operational
4.159	65-68	4	Number of forecasts in ensemble			Operational
4.159	69-70	2	Year of end of overall time interval			Operational
4.159	71	1	Month of end of overall time interval			Operational
4.159	72	1	Day of end of overall time interval			Operational
4.159	73	1	Hour of end of overall time interval			Operational
4.159	74	1	Minute of end of overall time interval			Operational
4.159	75	1	Second of end of overall time interval			Operational
4.159	76	1	n - number of time range specifications describing the time intervals used to calculate the statistically processed field			Operational
4.159	77-80	4	Total number of data values missing in statistical process			Operational
4.159	81	1	Statistical process used to calculate the processed field from the field at each time increment during the time range	4.10		Operational
4.159	82	1	Type of time increment between successive fields used in the statistical processing	4.11		Operational
4.159	83	1	Indicator of unit of time for time range over which statistical processing is done	4.4		Operational
4.159	84-87	4	Length of the time range over which statistical processing is done, in units defined by the previous octet			Operational
4.159	88	1	Indicator of unit of time for the increment between the successive fields used	4.4		Operational
4.159	89-92	4	Time increment between successive fields, in units defined by the previous octet			Operational
4.159	93-104	12	As octets 81 to 92, next innermost step of processing			Operational
4.159	105-nn	0	Additional time range specifications, included in accordance with the value of n. Contents as octets 81 to 92, repeated as necessary			Operational
4.15	10	1	Parameter category	4.1		Operational
4.15	11	1	Parameter number	4.2		Operational
4.15	12	1	Type of generating process	4.3		Operational
4.15	13	1	Background generating process identifier (defined by originating centre)			Operational
4.15	14	1	Analysis or forecast generating process identifier (defined by originating centre)			Operational
4.15	15-16	2	Hours of observational data cut-off after reference time			Operational
4.15	17	1	Minutes of observational data cut-off after reference time			Operational
4.15	18	1	Indicator of unit of time range	4.4		Operational
4.15	19-22	4	Forecast time in units defined by octet 18			Operational
4.15	23	1	Type of first fixed surface	4.5		Operational
4.15	24	1	Scale factor of first fixed surface			Operational
4.15	25-28	4	Scaled value of first fixed surface			Operational
4.15	29	1	Type of second fixed surface	4.5		Operational
4.15	30	1	Scale factor of second fixed surface			Operational
4.15	31-34	4	Scaled value of second fixed surface			Operational
4.15	35	1	Statistical process used within the spatial area defined by octet 36	4.10		Operational
4.15	36	1	Type of spatial processing used to arrive at given data value from the source data	4.15		Operational
4.15	37	1	Number of data points used in spatial processing defined in octet 36			Operational
4.160	10	1	Parameter category	4.1		Operational
4.160	11	1	Parameter number	4.2		Operational
4.160	12	1	Type of wave period interval	4.91		Operational
4.160	13	1	Scale factor of lower wave period limit			Operational
4.160	14-17	4	Scaled value of lower wave period limit			Operational
4.160	18	1	Scale factor of upper wave period limit			Operational
4.160	19-22	4	Scaled value of upper wave period limit			Operational
4.160	23	1	Type of generating process	4.3		Operational
4.160	24	1	Background generating process identifier (defined by originating centre)			Operational
4.160	25	1	Analysis or forecast generating process identifier (defined by originating centre)			Operational
4.160	26-27	2	Hours of observational data cut-off after reference time			Operational
4.160	28	1	Minutes of observational data cut-off after reference time			Operational
4.160	29	1	Indicator of unit of time range	4.4		Operational
4.160	30-33	4	Forecast time in units defined by previous octet			Operational
4.160	34	1	Type of first fixed surface	4.5		Operational
4.160	35	1	Scale factor of first fixed surface			Operational
4.160	36-39	4	Scaled value of first fixed surface			Operational
4.160	40	1	Type of second fixed surface	4.5		Operational
4.160	41	1	Scale factor of second fixed surface			Operational
4.160	42-45	4	Scaled value of second fixed surface			Operational
4.160	46	1	Derived forecast	4.7		Operational
4.160	47-50	4	Number of forecasts in ensemble			Operational
4.161	10	1	Parameter category	4.1		Operational
4.161	11	1	Parameter number	4.2		Operational
4.161	12	1	Type of wave period interval	4.91		Operational
4.161	13	1	Scale factor of lower wave period limit			Operational
4.161	14-17	4	Scaled value of lower wave period limit			Operational
4.161	18	1	Scale factor of upper wave period limit			Operational
4.161	19-22	4	Scaled value of upper wave period limit			Operational
4.161	23	1	Type of generating process	4.3		Operational
4.161	24	1	Background generating process identifier (defined by originating centre)			Operational
4.161	25	1	Analysis or forecast generating process identifier (defined by originating centre)			Operational
4.161	26-27	2	Hours of observational data cut-off after reference time			Operational
4.161	28	1	Minutes of observational data cut-off after reference time			Operational
4.161	29	1	Indicator of unit of time range	4.4		Operational
4.161	30-33	4	Forecast time in units defined by previous octet			Operational
4.161	34	1	Type of first fixed surface	4.5		Operational
4.161	35	1	Scale factor of first fixed surface			Operational
4.161	36-39	4	Scaled value of first fixed surface			Operational
4.161	40	1	Type of second fixed surface	4.5		Operational
4.161	41	1	Scale factor of second fixed surface			Operational
4.161	42-45	4	Scaled value of second fixed surface			Operational
4.161	46	1	Derived forecast	4.7		Operational
4.161	47-50	4	Number of forecasts in ensemble			Operational
4.161	51-52	2	Year - time of end of overall time interval			Operational
4.161	53	1	Month of end of overall time interval			Operational
4.161	54	1	Day of end of overall time interval			Operational
4.161	55	1	Hour of end of overall time interval			Operational
4.161	56	1	Minute of end of overall time interval			Operational
4.161	57	1	Second of end of overall time interval			Operational
4.161	58	1	n - number of time range specifications describing the time intervals used to calculate the statistically processed field			Operational
4.161	59-62	4	Total number of data values missing in statistical process			Operational
4.161	63	1	Statistical process used to calculate the processed field from the field at each time increment during the time range	4.10		Operational
4.161	64	1	Type of time increment between successive fields used in the statistical processing	4.11		Operational
4.161	65	1	Indicator of unit of time for time range over which statistical processing is done	4.4		Operational
4.161	66-69	4	Length of the time range over which statistical processing is done, in units defined by the previous octet			Operational
4.161	70	1	Indicator of unit of time for the increment between the successive fields used	4.4		Operational
4.161	71-74	4	Time increment between successive fields, in units defined by the previous octet			Operational
4.161	75-86	0	As octets 63 to 74, next innermost step of processing			Operational
4.161	87-nn	0	Additional time range specifications, included in accordance with the value of n. Contents as octets 63 to 74, repeated as necessary			Operational
4.162	10	1	Parameter category	4.1		Operational
4.162	11	1	Parameter number	4.2		Operational
4.162	12	1	Type of wave period interval	4.91		Operational
4.162	13	1	Scale factor of lower wave period limit			Operational
4.162	14-17	4	Scaled value of lower wave period limit			Operational
4.162	18	1	Scale factor of upper wave period limit			Operational
4.162	19-22	4	Scaled value of upper wave period limit			Operational
4.162	23	1	Type of generating process	4.3		Operational
4.162	24	1	Background generating process identifier (defined by originating centre)			Operational
4.162	25	1	Analysis or forecast generating process identifier (defined by originating centre)			Operational
4.162	26-27	2	Hours of observational data cut-off after reference time			Operational
4.162	28	1	Minutes of observational data cut-off after reference time			Operational
4.162	29	1	Indicator of unit of time range	4.4		Operational
4.162	30-33	4	Forecast time in units defined by previous octet			Operational
4.162	34	1	Type of first fixed surface	4.5		Operational
4.162	35	1	Scale factor of first fixed surface			Operational
4.162	36-39	4	Scaled value of first fixed surface			Operational
4.162	40	1	Type of second fixed surface	4.5		Operational
4.162	41	1	Scale factor of second fixed surface			Operational
4.162	42-45	4	Scaled value of second fixed surface			Operational
4.162	46	1	Type of ensemble forecast	4.6		Operational
4.162	47-50	4	Number of forecasts in ensemble			Operational
4.162	51	1	Forecast probability number			Operational
4.162	52	1	Total number of forecast probabilities			Operational
4.162	53	1	Probability type	4.9		Operational
4.162	54	1	Scale factor of lower limit			Operational
4.162	55-58	4	Scaled value of lower limit			Operational
4.162	59	1	Scale factor of upper limit			Operational
4.162	60-63	4	Scaled value of upper limit			Operational
4.163	10	1	Parameter category	4.1		Operational
4.163	11	1	Parameter number	4.2		Operational
4.163	12	1	Type of wave period interval	4.91		Operational
4.163	13	1	Scale factor of lower wave period limit			Operational
4.163	14-17	4	Scaled value of lower wave period limit			Operational
4.163	18	1	Scale factor of upper wave period limit			Operational
4.163	19-22	4	Scaled value of upper wave period limit			Operational
4.163	23	1	Type of generating process	4.3		Operational
4.163	24	1	Background generating process identifier (defined by originating centre)			Operational
4.163	25	1	Analysis or forecast generating process identifier (defined by originating centre)			Operational
4.163	26-27	2	Hours of observational data cut-off after reference time			Operational
4.163	28	1	Minutes of observational data cut-off after reference time			Operational
4.163	29	1	Indicator of unit of time range	4.4		Operational
4.163	30-33	4	Forecast time in units defined by previous octet			Operational
4.163	34	1	Type of first fixed surface	4.5		Operational
4.163	35	1	Scale factor of first fixed surface			Operational
4.163	36-39	4	Scaled value of first fixed surface			Operational
4.163	40	1	Type of second fixed surface	4.5		Operational
4.163	41	1	Scale factor of second fixed surface			Operational
4.163	42-45	4	Scaled value of second fixed surface			Operational
4.163	46	1	Type of ensemble forecast	4.6		Operational
4.163	47-50	4	Number of forecasts in ensemble			Operational
4.163	51	1	Forecast probability number			Operational
4.163	52	1	Total number of forecast probabilities			Operational
4.163	53	1	Probability type	4.9		Operational
4.163	54	1	Scale factor of lower limit			Operational
4.163	55-58	4	Scaled value of lower limit			Operational
4.163	59	1	Scale factor of upper limit			Operational
4.163	60-63	4	Scaled value of upper limit			Operational
4.163	64-65	2	Year of end of overall time interval			Operational
4.163	66	1	Month of end of overall time interval			Operational
4.163	67	1	Day of end of overall time interval			Operational
4.163	68	1	Hour of end of overall time interval			Operational
4.163	69	1	Minute of end of overall time interval			Operational
4.163	70	1	Second of end of overall time interval			Operational
4.163	71	1	n - number of time range specifications describing the time intervals used to calculate the statistically processed field			Operational
4.163	72-75	4	Total number of data values missing in statistical process			Operational
4.163	76	1	Statistical process used to calculate the processed field from the field at each time increment during the time range	4.10		Operational
4.163	77	1	Type of time increment between successive fields used in the statistical processing	4.11		Operational
4.163	78	1	Indicator of unit of time for time range over which statistical processing is done	4.4		Operational
4.163	79-82	4	Length of the time range over which statistical processing is done, in units defined by the previous octet			Operational
4.163	83	1	Indicator of unit of time for the increment between the successive fields used	4.4		Operational
4.163	84-87	4	Time increment between successive fields, in units defined by the previous octet			Operational
4.163	88-99	0	As octets 76 to 87, next innermost step of processing			Operational
4.163	100-nn	0	Additional time range specifications, included in accordance with the value of n. Contents as octets 76 to 87, repeated as necessary			Operational
4.164	10	1	Parameter category	4.1		Operational
4.164	11	1	Parameter number	4.2		Operational
4.164	12	1	Type of wave period interval	4.91		Operational
4.164	13	1	Scale factor of lower wave period limit			Operational
4.164	14-17	4	Scaled value of lower wave period limit			Operational
4.164	18	1	Scale factor of upper wave period limit			Operational
4.164	19-22	4	Scaled value of upper wave period limit			Operational
4.164	23	1	Type of generating process	4.3		Operational
4.164	24	1	Background generating process identifier (defined by originating centre)			Operational
4.164	25	1	Analysis or forecast generating process identifier (defined by originating centre)			Operational
4.164	26-27	2	Hours of observational data cut-off after reference time			Operational
4.164	28	1	Minutes of observational data cut-off after reference time			Operational
4.164	29	1	Indicator of unit of time range	4.4		Operational
4.164	30-33	4	Forecast time in units defined by previous octet			Operational
4.164	34	1	Type of first fixed surface	4.5		Operational
4.164	35	1	Scale factor of first fixed surface			Operational
4.164	36-39	4	Scaled value of first fixed surface			Operational
4.164	40	1	Type of second fixed surface	4.5		Operational
4.164	41	1	Scale factor of second fixed surface			Operational
4.164	42-45	4	Scaled value of second fixed surface			Operational
4.164	46-47	2	Total number of quantile q			Operational
4.164	48-49	2	Quantile value (between 0 and q)			Operational
4.165	10	1	Parameter category	4.1		Operational
4.165	11	1	Parameter number	4.2		Operational
4.165	12	1	Type of wave period interval	4.91		Operational
4.165	13	1	Scale factor of lower wave period limit			Operational
4.165	14-17	4	Scaled value of lower wave period limit			Operational
4.165	18	1	Scale factor of upper wave period limit			Operational
4.165	19-22	4	Scaled value of upper wave period limit			Operational
4.165	23	1	Type of generating process	4.3		Operational
4.165	24	1	Background generating process identifier (defined by originating centre)			Operational
4.165	25	1	Analysis or forecast generating process identifier (defined by originating centre)			Operational
4.165	26-27	2	Hours of observational data cut-off after reference time			Operational
4.165	28	1	Minutes of observational data cut-off after reference time			Operational
4.165	29	1	Indicator of unit of time range	4.4		Operational
4.165	30-33	4	Forecast time in units defined by previous octet			Operational
4.165	34	1	Type of first fixed surface	4.5		Operational
4.165	35	1	Scale factor of first fixed surface			Operational
4.165	36-39	4	Scaled value of first fixed surface			Operational
4.165	40	1	Type of second fixed surface	4.5		Operational
4.165	41	1	Scale factor of second fixed surface			Operational
4.165	42-45	4	Scaled value of second fixed surface			Operational
4.165	46-47	2	Total number of quantile q			Operational
4.165	48-49	2	Quantile value (between 0 and q)			Operational
4.165	50-51	2	Year of end of overall time interval			Operational
4.165	52	1	Month of end of overall time interval			Operational
4.165	53	1	Day of end of overall time interval			Operational
4.165	54	1	Hour of end of overall time interval			Operational
4.165	55	1	Minute of end of overall time interval			Operational
4.165	56	1	Second of end of overall time interval			Operational
4.165	57	1	n - number of time range specifications describing the time intervals used to calculate the statistically processed field			Operational
4.165	58-61	4	Total number of data values missing in statistical process			Operational
4.165	62	1	Statistical process used to calculate the processed field from the field at each time increment during the time range	4.10		Operational
4.165	63	1	Type of time increment between successive fields used in the statistical processing	4.11		Operational
4.165	64	1	Indicator of unit of time for time range over which statistical processing is done	4.4		Operational
4.165	65-68	4	Length of the time range over which statistical processing is done, in units defined by the previous octet			Operational
4.165	69	1	Indicator of unit of time for the increment between the successive fields used	4.4		Operational
4.165	70-73	4	Time increment between successive fields, in units defined by the previous octet			Operational
4.165	74-85	0	As octets 62 to 73, next innermost step of processing			Operational
4.165	86-nn	0	Additional time range specifications, included in accordance with the value of n. Contents as octets 62 to 73, repeated as necessary			Operational
4.166	10	1	Parameter category	4.1		Operational
4.166	11	1	Parameter number	4.2		Operational
4.166	12-13	2	Atmospheric chemical constituent type	4.230		Operational
4.166	14	1	Type of generating process	4.3		Operational
4.166	15	1	Background generating process identifier (defined by originating centre)			Operational
4.166	16	1	Forecast generating process identifier (defined by originating centre)			Operational
4.166	17-18	2	Hours after reference time of data cut-off			Operational
4.166	19	1	Minutes after reference time of data cut-off			Operational
4.166	20	1	Indicator of unit of time range	4.4		Operational
4.166	21-24	4	Forecast time in units defined by octet 20			Operational
4.166	25	1	Type of first fixed surface	4.5		Operational
4.166	26	1	Scale factor of first fixed surface			Operational
4.166	27-30	4	Scaled value of first fixed surface			Operational
4.166	31	1	Type of second fixed surface	4.5		Operational
4.166	32	1	Scale factor of second fixed surface			Operational
4.166	33-36	4	Scaled value of second fixed surface			Operational
4.166	37	1	Derived forecast	4.7		Operational
4.166	38-41	4	Number of forecasts in ensemble			Operational
4.167	10	1	Parameter category	4.1		Operational
4.167	11	1	Parameter number	4.2		Operational
4.167	12-13	2	Atmospheric chemical constituent type	4.230		Operational
4.167	14	1	Type of generating process	4.3		Operational
4.167	15	1	Background generating process identifier (defined by originating centre)			Operational
4.167	16	1	Forecast generating process identifier (defined by originating centre)			Operational
4.167	17-18	2	Hours after reference time of data cut-off			Operational
4.167	19	1	Minutes after reference time of data cut-off			Operational
4.167	20	1	Indicator of unit of time range	4.4		Operational
4.167	21-24	4	Forecast time in units defined by octet 20			Operational
4.167	25	1	Type of first fixed surface	4.5		Operational
4.167	26	1	Scale factor of first fixed surface			Operational
4.167	27-30	4	Scaled value of first fixed surface			Operational
4.167	31	1	Type of second fixed surface	4.5		Operational
4.167	32	1	Scale factor of second fixed surface			Operational
4.167	33-36	4	Scaled value of second fixed surface			Operational
4.167	37	1	Derived forecast	4.7		Operational
4.167	38-41	4	Number of forecasts in ensemble			Operational
4.167	42-43	2	Year of end of overall time interval			Operational
4.167	44	1	Month of end of overall time interval			Operational
4.167	45	1	Day of end of overall time interval			Operational
4.167	46	1	Hour of end of overall time interval			Operational
4.167	47	1	Minute of end of overall time interval			Operational
4.167	48	1	Second of end of overall time interval			Operational
4.167	49	1	n - number of time range specifications describing the time intervals used to calculate the statistically processed field			Operational
4.167	50-53	4	Total number of data values missing in statistical process			Operational
4.167	54	1	Statistical process used to calculate the processed field from the field at each time increment during the time range	4.10		Operational
4.167	55	1	Type of time increment between successive fields used in the statistical processing	4.11		Operational
4.167	56	1	Indicator of unit of time for time range over which statistical processing is done	4.4		Operational
4.167	57-60	4	Length of the time range over which statistical processing is done, in units defined by the previous octet			Operational
4.167	61	1	Indicator of unit of time for the increment between the successive fields used	4.4		Operational
4.167	62-65	4	Time increment between successive fields, in units defined by the previous octet			Operational
4.167	66-77	12	As octets 54 to 65, next innermost step of processing			Operational
4.167	78-nn	0	Additional time range specifications, included in accordance with the value of n. Contents as octets 54 to 65, repeated as necessary			Operational
4.168	10	1	Parameter category	4.1		Operational
4.168	11	1	Parameter number	4.2		Operational
4.168	12-13	2	Aerosol type	4.233		Operational
4.168	14	1	Type of interval for first and second sizes	4.91		Operational
4.168	15	1	Scale factor of first size			Operational
4.168	16-19	4	Scaled value of first size in metres			Operational
4.168	20	1	Scale factor of second size			Operational
4.168	21-24	4	Scaled value of second size in metres			Operational
4.168	25	1	Type of generating process	4.3		Operational
4.168	26	1	Background generating process identifier (defined by originating centre)			Operational
4.168	27	1	Forecast generating process identifier (defined by originating centre)			Operational
4.168	28-29	2	Hours after reference time of data cut-off			Operational
4.168	30	1	Minutes after reference time of data cut-off			Operational
4.168	31	1	Indicator of unit of time range	4.4		Operational
4.168	32-35	4	Forecast time in units defined by octet 31			Operational
4.168	36	1	Type of first fixed surface	4.5		Operational
4.168	37	1	Scale factor of first fixed surface			Operational
4.168	38-41	4	Scaled value of first fixed surface			Operational
4.168	42	1	Type of second fixed surface	4.5		Operational
4.168	43	1	Scale factor of second fixed surface			Operational
4.168	44-47	4	Scaled value of second fixed surface			Operational
4.168	48	1	Derived forecast	4.7		Operational
4.168	49-52	4	Number of forecasts in ensemble			Operational
4.169	10	1	Parameter category	4.1		Operational
4.169	11	1	Parameter number	4.2		Operational
4.169	12-13	2	Aerosol type	CCT-14		Operational
4.169	14	1	Type of interval for first and second size	4.91		Operational
4.169	15	1	Scale factor of first size			Operational
4.169	16-19	4	Scaled value of first size in metres			Operational
4.169	20	1	Scale factor of second size			Operational
4.169	21-24	4	Scaled value of second size in metres			Operational
4.169	25	1	Type of interval for first and second wavelength	4.91		Operational
4.169	26	1	Scale factor of first wavelength			Operational
4.169	27-30	4	Scaled value of first wavelength in metres			Operational
4.169	31	1	Scale factor of second wavelength			Operational
4.169	32-35	4	Scaled value of second wavelength in metres			Operational
4.169	36	1	Type of generating process	4.3		Operational
4.169	37	1	Background generating process identifier (defined by originating centre)			Operational
4.169	38	1	Analysis or forecast generating process identifier (defined by originating centre)			Operational
4.169	39-40	2	Hours of observational data cut-off after reference time			Operational
4.169	41	1	Minutes of observational data cut-off after reference time			Operational
4.169	42	1	Indicator of unit of time range	4.4		Operational
4.169	43-46	4	Forecast time in units defined by octet 42			Operational
4.169	47	1	Type of first fixed surface	4.5		Operational
4.169	48	1	Scale factor of first fixed surface			Operational
4.169	49-52	4	Scaled value of first fixed surface			Operational
4.169	53	1	Type of second fixed surface	4.5		Operational
4.169	54	1	Scale factor of second fixed surface			Operational
4.169	55-58	4	Scaled value of second fixed surface			Operational
4.169	59	1	Derived forecast	4.7		Operational
4.169	60-63	4	Number of forecasts in ensemble			Operational
4.170	10	1	Parameter category	4.1		Operational
4.170	11	1	Parameter number	4.2		Operational
4.170	12-13	2	Atmospheric chemical constituent type	4.230		Operational
4.170	14	1	Source or sink	4.238		Operational
4.170	15	1	Type of generating process	4.3		Operational
4.170	16	1	Background generating process identifier (defined by originating centre)			Operational
4.170	17	1	Forecast generating process identifier (defined by originating centre)			Operational
4.170	18-19	2	Hours after reference time of data cut-off			Operational
4.170	20	1	Minutes after reference time of data cut-off			Operational
4.170	21	1	Indicator of unit of time range	4.4		Operational
4.170	22-25	4	Forecast time in units defined by octet 21			Operational
4.170	26	1	Type of first fixed surface	4.5		Operational
4.170	27	1	Scale factor of first fixed surface			Operational
4.170	28-31	4	Scaled value of first fixed surface			Operational
4.170	32	1	Type of second fixed surface	4.5		Operational
4.170	33	1	Scale factor of second fixed surface			Operational
4.170	34-37	4	Scaled value of second fixed surface			Operational
4.170	38	1	Derived forecast	4.7		Operational
4.170	39-42	4	Number of forecasts in ensemble			Operational
4.171	10	1	Parameter category	4.1		Operational
4.171	11	1	Parameter number	4.2		Operational
4.171	12-13	2	Atmospheric chemical constituent type	4.230		Operational
4.171	14	1	Source or sink	4.238		Operational
4.171	15	1	Type of generating process	4.3		Operational
4.171	16	1	Background generating process identifier (defined by originating centre)			Operational
4.171	17	1	Forecast generating process identifier (defined by originating centre)			Operational
4.171	18-19	2	Hours after reference time of data cut-off			Operational
4.171	20	1	Minutes after reference time of data cut-off			Operational
4.171	21	1	Indicator of unit of time range	4.4		Operational
4.171	22-25	4	Forecast time in units defined by octet 21			Operational
4.171	26	1	Type of first fixed surface	4.5		Operational
4.171	27	1	Scale factor of first fixed surface			Operational
4.171	28-31	4	Scaled value of first fixed surface			Operational
4.171	32	1	Type of second fixed surface	4.5		Operational
4.171	33	1	Scale factor of second fixed surface			Operational
4.171	34-37	4	Scaled value of second fixed surface			Operational
4.171	38	1	Derived forecast	4.7		Operational
4.171	39-42	4	Number of forecasts in ensemble			Operational
4.171	43-44	2	Year of end of overall time interval			Operational
4.171	45	1	Month of end of overall time interval			Operational
4.171	46	1	Day of end of overall time interval			Operational
4.171	47	1	Hour of end of overall time interval			Operational
4.171	48	1	Minute of end of overall time interval			Operational
4.171	49	1	Second of end of overall time interval			Operational
4.171	50	1	n - number of time range specifications describing the time intervals used to calculate the statistically processed field			Operational
4.171	51-54	4	Total number of data values missing in statistical process			Operational
4.171	55	1	Statistical process used to calculate the processed field from the field at each time increment during the time range	4.10		Operational
4.171	56	1	Type of time increment between successive fields used in the statistical processing	4.11		Operational
4.171	57	1	Indicator of unit of time for time range over which statistical processing is done	4.4		Operational
4.171	58-61	4	Length of the time range over which statistical processing is done, in units defined by the previous octet			Operational
4.171	62	1	Indicator of unit of time for the increment between the successive fields used	4.4		Operational
4.171	63-66	4	Time increment between successive fields, in units defined by the previous octet			Operational
4.171	67-78	12	As octets 55 to 66, next innermost step of processing			Operational
4.171	79-nn	0	Additional time range specifications, included in accordance with the value of n. Contents as octets 55 to 66, repeated as necessary			Operational
4.172	10	1	Parameter category	4.1		Operational
4.172	11	1	Parameter number	4.2		Operational
4.172	12-13	2	Aerosol type	CCT-14		Operational
4.172	14	1	Source or sink	4.238		Operational
4.172	15	1	Type of interval for first and second size	4.91		Operational
4.172	16	1	Scale factor of first size			Operational
4.172	17-20	4	Scaled value of first size in metres			Operational
4.172	21	1	Scale factor of second size			Operational
4.172	22-25	4	Scaled value of second size in metres			Operational
4.172	26	1	Type of interval for first and second wavelength	4.91		Operational
4.172	27	1	Scale factor of first wavelength			Operational
4.172	28-31	4	Scaled value of first wavelength in metres			Operational
4.172	32	1	Scale factor of second wavelength			Operational
4.172	33-36	4	Scaled value of second wavelength in metres			Operational
4.172	37	1	Type of generating process	4.3		Operational
4.172	38	1	Background generating process identifier (defined by originating centre)			Operational
4.172	39	1	Analysis or forecast generating process identifier (defined by originating centre)			Operational
4.172	40-41	2	Hours of observational data cut-off after reference time			Operational
4.172	42	1	Minutes of observational data cut-off after reference time			Operational
4.172	43	1	Indicator of unit of time range	4.4		Operational
4.172	44-47	4	Forecast time in units defined by octet 43			Operational
4.172	48	1	Type of first fixed surface	4.5		Operational
4.172	49	1	Scale factor of first fixed surface			Operational
4.172	50-53	4	Scaled value of first fixed surface			Operational
4.172	54	1	Type of second fixed surface	4.5		Operational
4.172	55	1	Scale factor of second fixed surface			Operational
4.172	56-59	4	Scaled value of second fixed surface			Operational
4.172	60	1	Derived forecast	4.7		Operational
4.172	61-64	4	Number of forecasts in ensemble			Operational
4.173	10	1	Parameter category	4.1		Operational
4.173	11	1	Parameter number	4.2		Operational
4.173	12-13	2	Aerosol type	4.233		Operational
4.173	14	1	Source or sink	4.238		Operational
4.173	15	1	Type of interval for first and second sizes	4.91		Operational
4.173	16	1	Scale factor of first size			Operational
4.173	17-20	4	Scaled value of first size in metres			Operational
4.173	21	1	Scale factor of second size			Operational
4.173	22-25	4	Scaled value of second size in metres			Operational
4.173	26	1	Type of generating process	4.3		Operational
4.173	27	1	Background generating process identifier (defined by originating centre)			Operational
4.173	28	1	Forecast generating process identifier (defined by originating centre)			Operational
4.173	29-30	2	Hours after reference time of data cut-off			Operational
4.173	31	1	Minutes after reference time of data cut-off			Operational
4.173	32	1	Indicator of unit of time range	4.4		Operational
4.173	33-36	4	Forecast time in units defined by octet 32			Operational
4.173	37	1	Type of first fixed surface	4.5		Operational
4.173	38	1	Scale factor of first fixed surface			Operational
4.173	39-42	4	Scaled value of first fixed surface			Operational
4.173	43	1	Type of second fixed surface	4.5		Operational
4.173	44	1	Scale factor of second fixed surface			Operational
4.173	45-48	4	Scaled value of second fixed surface			Operational
4.173	49	1	Derived forecast	4.7		Operational
4.173	50-53	4	Number of forecasts in ensemble			Operational
4.173	54-55	2	Year of end of overall time interval			Operational
4.173	56	1	Month of end of overall time interval			Operational
4.173	57	1	Day of end of overall time interval			Operational
4.173	58	1	Hour of end of overall time interval			Operational
4.173	59	1	Minute of end of overall time interval			Operational
4.173	60	1	Second of end of overall time interval			Operational
4.173	61	1	n - number of time range specifications describing the time intervals used to calculate the statistically processed field			Operational
4.173	62-65	4	Total number of data values missing in statistical process			Operational
4.173	66	1	Statistical process used to calculate the processed field from the field at each time increment during the time range	4.10		Operational
4.173	67	1	Type of time increment between successive fields used in the statistical processing	4.11		Operational
4.173	68	1	Indicator of unit of time for time range over which statistical processing is done	4.4		Operational
4.173	69-72	4	Length of the time range over which statistical processing is done in units defined by the previous octet			Operational
4.173	73	1	Indicator of unit of time for the increment between the successive fields used	4.4		Operational
4.173	74-77	4	Time increment between successive fields in units defined by the previous octet			Operational
4.173	78-89	12	As octets 66 to 77, next innermost step of processing			Operational
4.173	90-nn	0	Additional time range specifications included in accordance with the value of n. Contents as octets 66 to 77, repeated as necessary			Operational
4.174	10	1	Parameter category	4.1		Operational
4.174	11	1	Parameter number	4.2		Operational
4.174	12-13	2	Aerosol type	4.233		Operational
4.174	14	1	Type of interval for first and second sizes	4.91		Operational
4.174	15	1	Scale factor of first size			Operational
4.174	16-19	4	Scaled value of first size in metres			Operational
4.174	20	1	Scale factor of second size			Operational
4.174	21-24	4	Scaled value of second size in metres			Operational
4.174	25	1	Type of generating process	4.3		Operational
4.174	26	1	Background generating process identifier (defined by originating centre)			Operational
4.174	27	1	Forecast generating process identifier (defined by originating centre)			Operational
4.174	28-29	2	Hours after reference time of data cut-off			Operational
4.174	30	1	Minutes after reference time of data cut-off			Operational
4.174	31	1	Indicator of unit of time range	4.4		Operational
4.174	32-35	4	Forecast time in units defined by octet 32			Operational
4.174	36	1	Type of first fixed surface	4.5		Operational
4.174	37	1	Scale factor of first fixed surface			Operational
4.174	38-41	4	Scaled value of first fixed surface			Operational
4.174	42	1	Type of second fixed surface	4.5		Operational
4.174	43	1	Scale factor of second fixed surface			Operational
4.174	44-47	4	Scaled value of second fixed surface			Operational
4.174	48	1	Derived forecast	4.7		Operational
4.174	49-52	4	Number of forecasts in ensemble			Operational
4.174	53-54	2	Year of end of overall time interval			Operational
4.174	55	1	Month of end of overall time interval			Operational
4.174	56	1	Day of end of overall time interval			Operational
4.174	57	1	Hour of end of overall time interval			Operational
4.174	58	1	Minute of end of overall time interval			Operational
4.174	59	1	Second of end of overall time interval			Operational
4.174	60	1	n - number of time range specifications describing the time intervals used to calculate the statistically processed field			Operational
4.174	61-64	4	Total number of data values missing in statistical process			Operational
4.174	65	1	Statistical process used to calculate the processed field from the field at each time increment during the time range	4.10		Operational
4.174	66	1	Type of time increment between successive fields used in the statistical processing	4.11		Operational
4.174	67	1	Indicator of unit of time for time range over which statistical processing is done	4.4		Operational
4.174	68-71	4	Length of the time range over which statistical processing is done in units defined by the previous octet			Operational
4.174	72	1	Indicator of unit of time for the increment between the successive fields used	4.4		Operational
4.174	73-76	4	Time increment between successive fields in units defined by the previous octet			Operational
4.174	77-88	12	As octets 65 to 76, next innermost step of processing			Operational
4.174	89-nn	0	Additional time range specifications included in accordance with the value of n. Contents as octets 65 to 76, repeated as necessary			Operational
4.175	10	1	Parameter category	4.1		Operational
4.175	11	1	Parameter number	4.2		Operational
4.175	12-13	2	Aerosol type	4.233		Operational
4.175	14	1	Type of interval for first and second sizes	4.91		Operational
4.175	15	1	Scale factor of first size			Operational
4.175	16-19	4	Scaled value of first size in metres			Operational
4.175	20	1	Scale factor of second size			Operational
4.175	21-24	4	Scaled value of second size in metres			Operational
4.175	25	1	Type of interval for first and second wavelength	4.91		Operational
4.175	26	1	Scale factor of first wavelength			Operational
4.175	27-30	4	Scaled value of first wavelength in metres			Operational
4.175	31	1	Scale factor of second wavelength			Operational
4.175	32-35	4	Scaled value of second wavelength in metres			Operational
4.175	36	1	Type of generating process	4.3		Operational
4.175	37	1	Background generating process identifier (defined by originating centre)			Operational
4.175	38	1	Forecast generating process identifier (defined by originating centre)			Operational
4.175	39-40	2	Hours after reference time of data cut-off			Operational
4.175	41	1	Minutes after reference time of data cut-off			Operational
4.175	42	1	Indicator of unit of time range	4.4		Operational
4.175	43-46	4	Forecast time in units defined by octet 42			Operational
4.175	47	1	Type of first fixed surface	4.5		Operational
4.175	48	1	Scale factor of first fixed surface			Operational
4.175	49-52	4	Scaled value of first fixed surface			Operational
4.175	53	1	Type of second fixed surface	4.5		Operational
4.175	54	1	Scale factor of second fixed surface			Operational
4.175	55-58	4	Scaled value of second fixed surface			Operational
4.175	59	1	Derived forecast	4.7		Operational
4.175	60-63	4	Number of forecasts in ensemble			Operational
4.175	64-65	2	Year of end of overall time interval			Operational
4.175	66	1	Month of end of overall time interval			Operational
4.175	67	1	Day of end of overall time interval			Operational
4.175	68	1	Hour of end of overall time interval			Operational
4.175	69	1	Minute of end of overall time interval			Operational
4.175	70	1	Second of end of overall time interval			Operational
4.175	71	1	n - number of time range specifications describing the time intervals used to calculate the statistically processed field			Operational
4.175	72-75	4	Total number of data values missing in statistical process			Operational
4.175	76	1	Statistical process used to calculate the processed field from the field at each time increment during the time range	4.10		Operational
4.175	77	1	Type of time increment between successive fields used in the statistical processing	4.11		Operational
4.175	78	1	Indicator of unit of time for time range over which statistical processing is done	4.4		Operational
4.175	79-82	4	Length of the time range over which statistical processing is done in units defined by the previous octet			Operational
4.175	83	1	Indicator of unit of time for the increment between the successive fields used	4.4		Operational
4.175	84-87	4	Time increment between successive fields in units defined by the previous octet			Operational
4.175	88-99	12	As octets 76 to 87, next innermost step of processing			Operational
4.175	100-nn	0	Additional time range specifications included in accordance with the value of n. Contents as octets 76 to 87, repeated as necessary			Operational
4.176	10	1	Parameter category	4.1		Operational
4.176	11	1	Parameter number	4.2		Operational
4.176	12-13	2	Aerosol type	4.233		Operational
4.176	14	1	Source or sink	4.238		Operational
4.176	15	1	Type of interval for first and second sizes	4.91		Operational
4.176	16	1	Scale factor of first size			Operational
4.176	17-20	4	Scaled value of first size in metres			Operational
4.176	21	1	Scale factor of second size			Operational
4.176	22-25	4	Scaled value of second size in metres			Operational
4.176	26	1	Type of interval for first and second wavelength	4.91		Operational
4.176	27	1	Scale factor of first wavelength			Operational
4.176	28-31	4	Scaled value of first wavelength in metres			Operational
4.176	32	1	Scale factor of second wavelength			Operational
4.176	33-36	4	Scaled value of second wavelength in metres			Operational
4.176	37	1	Type of generating process	4.3		Operational
4.176	38	1	Background generating process identifier (defined by originating centre)			Operational
4.176	39	1	Forecast generating process identifier (defined by originating centre)			Operational
4.176	40-41	2	Hours after reference time of data cut-off			Operational
4.176	42	1	Minutes after reference time of data cut-off			Operational
4.176	43	1	Indicator of unit of time range	4.4		Operational
4.176	44-47	4	Forecast time in units defined by octet 43			Operational
4.176	48	1	Type of first fixed surface	4.5		Operational
4.176	49	1	Scale factor of first fixed surface			Operational
4.176	50-53	4	Scaled value of first fixed surface			Operational
4.176	54	1	Type of second fixed surface	4.5		Operational
4.176	55	1	Scale factor of second fixed surface			Operational
4.176	56-59	4	Scaled value of second fixed surface			Operational
4.176	60	1	Derived forecast	4.7		Operational
4.176	61-64	4	Number of forecasts in ensemble			Operational
4.176	65-66	2	Year of end of overall time interval			Operational
4.176	67	1	Month of end of overall time interval			Operational
4.176	68	1	Day of end of overall time interval			Operational
4.176	69	1	Hour of end of overall time interval			Operational
4.176	70	1	Minute of end of overall time interval			Operational
4.176	71	1	Second of end of overall time interval			Operational
4.176	72	1	n - number of time range specifications describing the time intervals used to calculate the statistically processed field			Operational
4.176	73-76	4	Total number of data values missing in statistical process			Operational
4.176	77	1	Statistical process used to calculate the processed field from the field at each time increment during the time range	4.10		Operational
4.176	78	1	Type of time increment between successive fields used in the statistical processing	4.11		Operational
4.176	79	1	Indicator of unit of time for time range over which statistical processing is done	4.4		Operational
4.176	80-83	4	Length of the time range over which statistical processing is done in units defined by the previous octet			Operational
4.176	84	1	Indicator of unit of time for the increment between the successive fields used	4.4		Operational
4.176	85-88	4	Time increment between successive fields in units defined by the previous octet			Operational
4.176	89-100	12	As octets 77 to 88, next innermost step of processing			Operational
4.176	101-nn	0	Additional time range specifications included in accordance with the value of n. Contents as octets 77 to 88, repeated as necessary			Operational
4.177	10	1	Parameter category	4.1		Operational
4.177	11	1	Parameter number	4.2		Operational
4.177	12-13	2	Atmospheric chemical constituent type	4.230		Operational
4.177	14	1	Type of generating process	4.3		Operational
4.177	15	1	Background generating process identifier (defined by originating centre)			Operational
4.177	16	1	Forecast generating process identifier (defined by originating centre)			Operational
4.177	17-18	2	Hours after reference time of data cut-off			Operational
4.177	19	1	Minutes after reference time of data cut-off			Operational
4.177	20	1	Indicator of unit of time range	4.4		Operational
4.177	21-24	4	Forecast time in units defined by octet 20			Operational
4.177	25	1	Type of first fixed surface	4.5		Operational
4.177	26	1	Scale factor of first fixed surface			Operational
4.177	27-30	4	Scaled value of first fixed surface			Operational
4.177	31	1	Type of second fixed surface	4.5		Operational
4.177	32	1	Scale factor of second fixed surface			Operational
4.177	33-36	4	Scaled value of second fixed surface			Operational
4.177	37-38	2	Total number of quantile q			Operational
4.177	39-40	2	Quantile value (between 0 and q)			Operational
4.178	10	1	Parameter category	4.1		Operational
4.178	11	1	Parameter number	4.2		Operational
4.178	12-13	2	Atmospheric chemical constituent type	4.230		Operational
4.178	14	1	Type of generating process	4.3		Operational
4.178	15	1	Background generating process identifier (defined by originating centre)			Operational
4.178	16	1	Forecast generating process identifier (defined by originating centre)			Operational
4.178	17-18	2	Hours after reference time of data cut-off			Operational
4.178	19	1	Minutes after reference time of data cut-off			Operational
4.178	20	1	Indicator of unit of time range	4.4		Operational
4.178	21-24	4	Forecast time in units defined by octet 20			Operational
4.178	25	1	Type of first fixed surface	4.5		Operational
4.178	26	1	Scale factor of first fixed surface			Operational
4.178	27-30	4	Scaled value of first fixed surface			Operational
4.178	31	1	Type of second fixed surface	4.5		Operational
4.178	32	1	Scale factor of second fixed surface			Operational
4.178	33-36	4	Scaled value of second fixed surface			Operational
4.178	37-38	2	Total number of quantile q			Operational
4.178	39-40	2	Quantile value (between 0 and q)			Operational
4.178	41-42	2	Year of end of overall time interval			Operational
4.178	43	1	Month of end of overall time interval			Operational
4.178	44	1	Day of end of overall time interval			Operational
4.178	45	1	Hour of end of overall time interval			Operational
4.178	46	1	Minute of end of overall time interval			Operational
4.178	47	1	Second of end of overall time interval			Operational
4.178	48	1	n - number of time range specifications describing the time intervals used to calculate the statistically processed field			Operational
4.178	49-52	4	Total number of data values missing in statistical process			Operational
4.178	53	1	Statistical process used to calculate the processed field from the field at each time increment during the time range	4.10		Operational
4.178	54	1	Type of time increment between successive fields used in the statistical processing	4.11		Operational
4.178	55	1	Indicator of unit of time for time range over which statistical processing is done	4.4		Operational
4.178	56-59	4	Length of the time range over which statistical processing is done, in units defined by the previous octet			Operational
4.178	60	1	Indicator of unit of time for the increment between the successive fields used	4.4		Operational
4.178	61-64	4	Time increment between successive fields, in units defined by the previous octet			Operational
4.178	65-76	12	As octets 53 to 64, next innermost step of processing			Operational
4.178	77-nn	0	Additional time range specifications, included in accordance with the value of n. Contents as octets 53 to 64, repeated as necessary			Operational
4.179	10	1	Parameter category	4.1		Operational
4.179	11	1	Parameter number	4.2		Operational
4.179	12-13	2	Aerosol type	4.233		Operational
4.179	14	1	Type of interval for first and second sizes	4.91		Operational
4.179	15	1	Scale factor of first size			Operational
4.179	16-19	4	Scaled value of first size in metres			Operational
4.179	20	1	Scale factor of second size			Operational
4.179	21-24	4	Scaled value of second size in metres			Operational
4.179	25	1	Type of generating process	4.3		Operational
4.179	26	1	Background generating process identifier (defined by originating centre)			Operational
4.179	27	1	Forecast generating process identifier (defined by originating centre)			Operational
4.179	28-29	2	Hours after reference time of data cut-off			Operational
4.179	30	1	Minutes after reference time of data cut-off			Operational
4.179	31	1	Indicator of unit of time range	4.4		Operational
4.179	32-35	4	Forecast time in units defined by octet 31			Operational
4.179	36	1	Type of first fixed surface	4.5		Operational
4.179	37	1	Scale factor of first fixed surface			Operational
4.179	38-41	4	Scaled value of first fixed surface			Operational
4.179	42	1	Type of second fixed surface	4.5		Operational
4.179	43	1	Scale factor of second fixed surface			Operational
4.179	44-47	4	Scaled value of second fixed surface			Operational
4.179	48-49	2	Total number of quantile q			Operational
4.179	50-51	2	Quantile value (between 0 and q)			Operational
4.180	10	1	Parameter category	4.1		Operational
4.180	11	1	Parameter number	4.2		Operational
4.180	12-13	2	Aerosol type	CCT-14		Operational
4.180	14	1	Type of interval for first and second size	4.91		Operational
4.180	15	1	Scale factor of first size			Operational
4.180	16-19	4	Scaled value of first size in metres			Operational
4.180	20	1	Scale factor of second size			Operational
4.180	21-24	4	Scaled value of second size in metres			Operational
4.180	25	1	Type of interval for first and second wavelength	4.91		Operational
4.180	26	1	Scale factor of first wavelength			Operational
4.180	27-30	4	Scaled value of first wavelength in metres			Operational
4.180	31	1	Scale factor of second wavelength			Operational
4.180	32-35	4	Scaled value of second wavelength in metres			Operational
4.180	36	1	Type of generating process	4.3		Operational
4.180	37	1	Background generating process identifier (defined by originating centre)			Operational
4.180	38	1	Analysis or forecast generating process identifier (defined by originating centre)			Operational
4.180	39-40	2	Hours of observational data cut-off after reference time			Operational
4.180	41	1	Minutes of observational data cut-off after reference time			Operational
4.180	42	1	Indicator of unit of time range	4.4		Operational
4.180	43-46	4	Forecast time in units defined by octet 42			Operational
4.180	47	1	Type of first fixed surface	4.5		Operational
4.180	48	1	Scale factor of first fixed surface			Operational
4.180	49-52	4	Scaled value of first fixed surface			Operational
4.180	53	1	Type of second fixed surface	4.5		Operational
4.180	54	1	Scale factor of second fixed surface			Operational
4.180	55-58	4	Scaled value of second fixed surface			Operational
4.180	59-60	2	Total number of quantile q			Operational
4.180	61-62	2	Quantile value (between 0 and q)			Operational
4.181	10	1	Parameter category	4.1		Operational
4.181	11	1	Parameter number	4.2		Operational
4.181	12-13	2	Atmospheric chemical constituent type	4.230		Operational
4.181	14	1	Source or sink	4.238		Operational
4.181	15	1	Type of generating process	4.3		Operational
4.181	16	1	Background generating process identifier (defined by originating centre)			Operational
4.181	17	1	Forecast generating process identifier (defined by originating centre)			Operational
4.181	18-19	2	Hours after reference time of data cut-off			Operational
4.181	20	1	Minutes after reference time of data cut-off			Operational
4.181	21	1	Indicator of unit of time range	4.4		Operational
4.181	22-25	4	Forecast time in units defined by octet 21			Operational
4.181	26	1	Type of first fixed surface	4.5		Operational
4.181	27	1	Scale factor of first fixed surface			Operational
4.181	28-31	4	Scaled value of first fixed surface			Operational
4.181	32	1	Type of second fixed surface	4.5		Operational
4.181	33	1	Scale factor of second fixed surface			Operational
4.181	34-37	4	Scaled value of second fixed surface			Operational
4.181	38-39	2	Total number of quantile q			Operational
4.181	40-41	2	Quantile value (between 0 and q)			Operational
4.182	10	1	Parameter category	4.1		Operational
4.182	11	1	Parameter number	4.2		Operational
4.182	12-13	2	Atmospheric chemical constituent type	4.230		Operational
4.182	14	1	Source or sink	4.238		Operational
4.182	15	1	Type of generating process	4.3		Operational
4.182	16	1	Background generating process identifier (defined by originating centre)			Operational
4.182	17	1	Forecast generating process identifier (defined by originating centre)			Operational
4.182	18-19	2	Hours after reference time of data cut-off			Operational
4.182	20	1	Minutes after reference time of data cut-off			Operational
4.182	21	1	Indicator of unit of time range	4.4		Operational
4.182	22-25	4	Forecast time in units defined by octet 21			Operational
4.182	26	1	Type of first fixed surface	4.5		Operational
4.182	27	1	Scale factor of first fixed surface			Operational
4.182	28-31	4	Scaled value of first fixed surface			Operational
4.182	32	1	Type of second fixed surface	4.5		Operational
4.182	33	1	Scale factor of second fixed surface			Operational
4.182	34-37	4	Scaled value of second fixed surface			Operational
4.182	38-39	2	Total number of quantile q			Operational
4.182	40-41	2	Quantile value (between 0 and q)			Operational
4.182	42-43	2	Year of end of overall time interval			Operational
4.182	44	1	Month of end of overall time interval			Operational
4.182	45	1	Day of end of overall time interval			Operational
4.182	46	1	Hour of end of overall time interval			Operational
4.182	47	1	Minute of end of overall time interval			Operational
4.182	48	1	Second of end of overall time interval			Operational
4.182	49	1	n - number of time range specifications describing the time intervals used to calculate the statistically processed field			Operational
4.182	50-53	4	Total number of data values missing in statistical process			Operational
4.182	54	1	Statistical process used to calculate the processed field from the field at each time increment during the time range	4.10		Operational
4.182	55	1	Type of time increment between successive fields used in the statistical processing	4.11		Operational
4.182	56	1	Indicator of unit of time for time range over which statistical processing is done	4.4		Operational
4.182	57-60	4	Length of the time range over which statistical processing is done, in units defined by the previous octet			Operational
4.182	61	1	Indicator of unit of time for the increment between the successive fields used	4.4		Operational
4.182	62-65	4	Time increment between successive fields, in units defined by the previous octet			Operational
4.182	66-77	12	As octets 54 to 65, next innermost step of processing			Operational
4.182	78-nn	0	Additional time range specifications, included in accordance with the value of n. Contents as octets 54 to 65, repeated as necessary			Operational
4.183	10	1	Parameter category	4.1		Operational
4.183	11	1	Parameter number	4.2		Operational
4.183	12-13	2	Aerosol type	CCT-14		Operational
4.183	14	1	Source or sink	4.238		Operational
4.183	15	1	Type of interval for first and second size	4.91		Operational
4.183	16	1	Scale factor of first size			Operational
4.183	17-20	4	Scaled value of first size in metres			Operational
4.183	21	1	Scale factor of second size			Operational
4.183	22-25	4	Scaled value of second size in metres			Operational
4.183	26	1	Type of interval for first and second wavelength	4.91		Operational
4.183	27	1	Scale factor of first wavelength			Operational
4.183	28-31	4	Scaled value of first wavelength in metres			Operational
4.183	32	1	Scale factor of second wavelength			Operational
4.183	33-36	4	Scaled value of second wavelength in metres			Operational
4.183	37	1	Type of generating process	4.3		Operational
4.183	38	1	Background generating process identifier (defined by originating centre)			Operational
4.183	39	1	Analysis or forecast generating process identifier (defined by originating centre)			Operational
4.183	40-41	2	Hours of observational data cut-off after reference time			Operational
4.183	42	1	Minutes of observational data cut-off after reference time			Operational
4.183	43	1	Indicator of unit of time range	4.4		Operational
4.183	44-47	4	Forecast time in units defined by octet 43			Operational
4.183	48	1	Type of first fixed surface	4.5		Operational
4.183	49	1	Scale factor of first fixed surface			Operational
4.183	50-53	4	Scaled value of first fixed surface			Operational
4.183	54	1	Type of second fixed surface	4.5		Operational
4.183	55	1	Scale factor of second fixed surface			Operational
4.183	56-59	4	Scaled value of second fixed surface			Operational
4.183	60-61	2	Total number of quantile q			Operational
4.183	62-63	2	Quantile value (between 0 and q)			Operational
4.184	10	1	Parameter category	4.1		Operational
4.184	11	1	Parameter number	4.2		Operational
4.184	12-13	2	Aerosol type	4.233		Operational
4.184	14	1	Source or sink	4.238		Operational
4.184	15	1	Type of interval for first and second sizes	4.91		Operational
4.184	16	1	Scale factor of first size			Operational
4.184	17-20	4	Scaled value of first size in metres			Operational
4.184	21	1	Scale factor of second size			Operational
4.184	22-25	4	Scaled value of second size in metres			Operational
4.184	26	1	Type of generating process	4.3		Operational
4.184	27	1	Background generating process identifier (defined by originating centre)			Operational
4.184	28	1	Forecast generating process identifier (defined by originating centre)			Operational
4.184	29-30	2	Hours after reference time of data cut-off			Operational
4.184	31	1	Minutes after reference time of data cut-off			Operational
4.184	32	1	Indicator of unit of time range	4.4		Operational
4.184	33-36	4	Forecast time in units defined by octet 32			Operational
4.184	37	1	Type of first fixed surface	4.5		Operational
4.184	38	1	Scale factor of first fixed surface			Operational
4.184	39-42	4	Scaled value of first fixed surface			Operational
4.184	43	1	Type of second fixed surface	4.5		Operational
4.184	44	1	Scale factor of second fixed surface			Operational
4.184	45-48	4	Scaled value of second fixed surface			Operational
4.184	49-50	2	Total number of quantile q			Operational
4.184	51-52	2	Quantile Value (between 0 and q)			Operational
4.184	53-54	2	Year of end of overall time interval			Operational
4.184	55	1	Month of end of overall time interval			Operational
4.184	56	1	Day of end of overall time interval			Operational
4.184	57	1	Hour of end of overall time interval			Operational
4.184	58	1	Minute of end of overall time interval			Operational
4.184	59	1	Second of end of overall time interval			Operational
4.184	60	1	n - number of time range specifications describing the time intervals used to calculate the statistically processed field			Operational
4.184	61-64	4	Total number of data values missing in statistical process			Operational
4.184	65	1	Statistical process used to calculate the processed field from the field at each time increment during the time range	4.10		Operational
4.184	66	1	Type of time increment between successive fields used in the statistical processing	4.11		Operational
4.184	67	1	Indicator of unit of time for time range over which statistical processing is done	4.4		Operational
4.184	68-71	4	Length of the time range over which statistical processing is done in units defined by the previous octet			Operational
4.184	72	1	Indicator of unit of time for the increment between the successive fields used	4.4		Operational
4.184	73-76	4	Time increment between successive fields in units defined by the previous octet			Operational
4.184	77-88	12	As octets 65 to 76, next innermost step of processing			Operational
4.184	89-nn	0	Additional time range specifications included in accordance with the value of n. Contents as octets 65 to 76, repeated as necessary			Operational
4.185	10	1	Parameter category	4.1		Operational
4.185	11	1	Parameter number	4.2		Operational
4.185	12-13	2	Aerosol type	4.233		Operational
4.185	14	1	Type of interval for first and second sizes	4.91		Operational
4.185	15	1	Scale factor of first size			Operational
4.185	16-19	4	Scaled value of first size in metres			Operational
4.185	20	1	Scale factor of second size			Operational
4.185	21-24	4	Scaled value of second size in metres			Operational
4.185	25	1	Type of generating process	4.3		Operational
4.185	26	1	Background generating process identifier (defined by originating centre)			Operational
4.185	27	1	Forecast generating process identifier (defined by originating centre)			Operational
4.185	28-29	2	Hours after reference time of data cut-off			Operational
4.185	30	1	Minutes after reference time of data cut-off			Operational
4.185	31	1	Indicator of unit of time range	4.4		Operational
4.185	32-35	4	Forecast time in units defined by octet 32			Operational
4.185	36	1	Type of first fixed surface	4.5		Operational
4.185	37	1	Scale factor of first fixed surface			Operational
4.185	38-41	4	Scaled value of first fixed surface			Operational
4.185	42	1	Type of second fixed surface	4.5		Operational
4.185	43	1	Scale factor of second fixed surface			Operational
4.185	44-47	4	Scaled value of second fixed surface			Operational
4.185	48-49	2	Total number of quantile q			Operational
4.185	50-51	2	Quantile value (between 0 and q)			Operational
4.185	52-53	2	Year of end of overall time interval			Operational
4.185	54	1	Month of end of overall time interval			Operational
4.185	55	1	Day of end of overall time interval			Operational
4.185	56	1	Hour of end of overall time interval			Operational
4.185	57	1	Minute of end of overall time interval			Operational
4.185	58	1	Second of end of overall time interval			Operational
4.185	59	1	n - number of time range specifications describing the time intervals used to calculate the statistically processed field			Operational
4.185	60-63	4	Total number of data values missing in statistical process			Operational
4.185	64	1	Statistical process used to calculate the processed field from the field at each time increment during the time range	4.10		Operational
4.185	65	1	Type of time increment between successive fields used in the statistical processing	4.11		Operational
4.185	66	1	Indicator of unit of time for time range over which statistical processing is done	4.4		Operational
4.185	67-70	4	Length of the time range over which statistical processing is done in units defined by the previous octet			Operational
4.185	71	1	Indicator of unit of time for the increment between the successive fields used	4.4		Operational
4.185	72-75	4	Time increment between successive fields in units defined by the previous octet			Operational
4.185	76-87	12	As octets 64 to 75, next innermost step of processing			Operational
4.185	88-nn	0	Additional time range specifications included in accordance with the value of n. Contents as octets 64 to 75, repeated as necessary			Operational
4.186	10	1	Parameter category	4.1		Operational
4.186	11	1	Parameter number	4.2		Operational
4.186	12-13	2	Aerosol type	4.233		Operational
4.186	14	1	Type of interval for first and second sizes	4.91		Operational
4.186	15	1	Scale factor of first size			Operational
4.186	16-19	4	Scaled value of first size in metres			Operational
4.186	20	1	Scale factor of second size			Operational
4.186	21-24	4	Scaled value of second size in metres			Operational
4.186	25	1	Type of interval for first and second wavelength	4.91		Operational
4.186	26	1	Scale factor of first wavelength			Operational
4.186	27-30	4	Scaled value of first wavelength in metres			Operational
4.186	31	1	Scale factor of second wavelength			Operational
4.186	32-35	4	Scaled value of second wavelength in metres			Operational
4.186	36	1	Type of generating process	4.3		Operational
4.186	37	1	Background generating process identifier (defined by originating centre)			Operational
4.186	38	1	Forecast generating process identifier (defined by originating centre)			Operational
4.186	39-40	2	Hours after reference time of data cut-off			Operational
4.186	41	1	Minutes after reference time of data cut-off			Operational
4.186	42	1	Indicator of unit of time range	4.4		Operational
4.186	43-46	4	Forecast time in units defined by octet 42			Operational
4.186	47	1	Type of first fixed surface	4.5		Operational
4.186	48	1	Scale factor of first fixed surface			Operational
4.186	49-52	4	Scaled value of first fixed surface			Operational
4.186	53	1	Type of second fixed surface	4.5		Operational
4.186	54	1	Scale factor of second fixed surface			Operational
4.186	55-58	4	Scaled value of second fixed surface			Operational
4.186	59-60	2	Total number of quantile q			Operational
4.186	61-62	2	Quantile value (between 0 and q)			Operational
4.186	63-64	2	Year of end of overall time interval			Operational
4.186	65	1	Month of end of overall time interval			Operational
4.186	66	1	Day of end of overall time interval			Operational
4.186	67	1	Hour of end of overall time interval			Operational
4.186	68	1	Minute of end of overall time interval			Operational
4.186	69	1	Second of end of overall time interval			Operational
4.186	70	1	n - number of time range specifications describing the time intervals used to calculate the statistically processed field			Operational
4.186	71-74	4	Total number of data values missing in statistical process			Operational
4.186	75	1	Statistical process used to calculate the processed field from the field at each time increment during the time range	4.10		Operational
4.186	76	1	Type of time increment between successive fields used in the statistical processing	4.11		Operational
4.186	77	1	Indicator of unit of time for time range over which statistical processing is done	4.4		Operational
4.186	78-81	4	Length of the time range over which statistical processing is done in units defined by the previous octet			Operational
4.186	82	1	Indicator of unit of time for the increment between the successive fields used	4.4		Operational
4.186	83-86	4	Time increment between successive fields in units defined by the previous octet			Operational
4.186	87-98	12	As octets 75 to 86, next innermost step of processing			Operational
4.186	99-nn	0	Additional time range specifications included in accordance with the value of n. Contents as octets 75 to 86, repeated as necessary			Operational
4.187	10	1	Parameter category	4.1		Operational
4.187	11	1	Parameter number	4.2		Operational
4.187	12-13	2	Aerosol type	4.233		Operational
4.187	14	1	Source or sink	4.238		Operational
4.187	15	1	Type of interval for first and second sizes	4.91		Operational
4.187	16	1	Scale factor of first size			Operational
4.187	17-20	4	Scaled value of first size in metres			Operational
4.187	21	1	Scale factor of second size			Operational
4.187	22-25	4	Scaled value of second size in metres			Operational
4.187	26	1	Type of interval for first and second wavelength	4.91		Operational
4.187	27	1	Scale factor of first wavelength			Operational
4.187	28-31	4	Scaled value of first wavelength in metres			Operational
4.187	32	1	Scale factor of second wavelength			Operational
4.187	33-36	4	Scaled value of second wavelength in metres			Operational
4.187	37	1	Type of generating process	4.3		Operational
4.187	38	1	Background generating process identifier (defined by originating centre)			Operational
4.187	39	1	Forecast generating process identifier (defined by originating centre)			Operational
4.187	40-41	2	Hours after reference time of data cut-off			Operational
4.187	42	1	Minutes after reference time of data cut-off			Operational
4.187	43	1	Indicator of unit of time range	4.4		Operational
4.187	44-47	4	Forecast time in units defined by octet 43			Operational
4.187	48	1	Type of first fixed surface	4.5		Operational
4.187	49	1	Scale factor of first fixed surface			Operational
4.187	50-53	4	Scaled value of first fixed surface			Operational
4.187	54	1	Type of second fixed surface	4.5		Operational
4.187	55	1	Scale factor of second fixed surface			Operational
4.187	56-59	4	Scaled value of second fixed surface			Operational
4.187	60-61	2	Total number of quantile q			Operational
4.187	62-63	2	Quantile value (between 0 and q)			Operational
4.187	64-65	2	Year of end of overall time interval			Operational
4.187	66	1	Month of end of overall time interval			Operational
4.187	67	1	Day of end of overall time interval			Operational
4.187	68	1	Hour of end of overall time interval			Operational
4.187	69	1	Minute of end of overall time interval			Operational
4.187	70	1	Second of end of overall time interval			Operational
4.187	71	1	n - number of time range specifications describing the time intervals used to calculate the statistically processed field			Operational
4.187	72-75	4	Total number of data values missing in statistical process			Operational
4.187	76	1	Statistical process used to calculate the processed field from the field at each time increment during the time range	4.10		Operational
4.187	77	1	Type of time increment between successive fields used in the statistical processing	4.11		Operational
4.187	78	1	Indicator of unit of time for time range over which statistical processing is done	4.4		Operational
4.187	79-82	4	Length of the time range over which statistical processing is done in units defined by the previous octet			Operational
4.187	83	1	Indicator of unit of time for the increment between the successive fields used	4.4		Operational
4.187	84-87	4	Time increment between successive fields in units defined by the previous octet			Operational
4.187	88-99	12	As octets 76 to 87, next innermost step of processing			Operational
4.187	100-nn	0	Additional time range specifications included in accordance with the value of n. Contents as octets 76 to 87, repeated as necessary			Operational
4.188	10	1	Parameter category	4.1		Operational
4.188	11	1	Parameter number	4.2		Operational
4.188	12-13	2	Atmospheric chemical constituent type	4.230		Operational
4.188	14	1	Type of generating process	4.3		Operational
4.188	15	1	Background generating process identifier (defined by originating centre)			Operational
4.188	16	1	Forecast generating process identifier (defined by originating centre)			Operational
4.188	17-18	2	Hours after reference time of data cut-off			Operational
4.188	19	1	Minutes after reference time of data cut-off			Operational
4.188	20	1	Indicator of unit of time range	4.4		Operational
4.188	21-24	4	Forecast time in units defined by octet 20			Operational
4.188	25	1	Type of first fixed surface	4.5		Operational
4.188	26	1	Scale factor of first fixed surface			Operational
4.188	27-30	4	Scaled value of first fixed surface			Operational
4.188	31	1	Type of second fixed surface	4.5		Operational
4.188	32	1	Scale factor of second fixed surface			Operational
4.188	33-36	4	Scaled value of second fixed surface			Operational
4.188	37	1	Type of ensemble forecast	4.6		Operational
4.188	38-41	4	Number of forecasts in ensemble			Operational
4.188	42	1	Forecast probability number			Operational
4.188	43	1	Total number of forecast probabilities			Operational
4.188	44	1	Probability type	4.9		Operational
4.188	45	1	Scale factor of lower limit			Operational
4.188	46-49	4	Scaled value of lower limit			Operational
4.188	50	1	Scale factor of upper limit			Operational
4.188	51-54	4	Scaled value of upper limit			Operational
4.189	10	1	Parameter category	4.1		Operational
4.189	11	1	Parameter number	4.2		Operational
4.189	12-13	2	Atmospheric chemical constituent type	4.230		Operational
4.189	14	1	Type of generating process	4.3		Operational
4.189	15	1	Background generating process identifier (defined by originating centre)			Operational
4.189	16	1	Forecast generating process identifier (defined by originating centre)			Operational
4.189	17-18	2	Hours after reference time of data cut-off			Operational
4.189	19	1	Minutes after reference time of data cut-off			Operational
4.189	20	1	Indicator of unit of time range	4.4		Operational
4.189	21-24	4	Forecast time in units defined by octet 20			Operational
4.189	25	1	Type of first fixed surface	4.5		Operational
4.189	26	1	Scale factor of first fixed surface			Operational
4.189	27-30	4	Scaled value of first fixed surface			Operational
4.189	31	1	Type of second fixed surface	4.5		Operational
4.189	32	1	Scale factor of second fixed surface			Operational
4.189	33-36	4	Scaled value of second fixed surface			Operational
4.189	37	1	Type of ensemble forecast	4.6		Operational
4.189	38-41	4	Number of forecasts in ensemble			Operational
4.189	42	1	Forecast probability number			Operational
4.189	43	1	Total number of forecast probabilities			Operational
4.189	44	1	Probability type	4.9		Operational
4.189	45	1	Scale factor of lower limit			Operational
4.189	46-49	4	Scaled value of lower limit			Operational
4.189	50	1	Scale factor of upper limit			Operational
4.189	51-54	4	Scaled value of upper limit			Operational
4.189	55-56	2	Year of end of overall time interval			Operational
4.189	57	1	Month of end of overall time interval			Operational
4.189	58	1	Day of end of overall time interval			Operational
4.189	59	1	Hour of end of overall time interval			Operational
4.189	60	1	Minute of end of overall time interval			Operational
4.189	61	1	Second of end of overall time interval			Operational
4.189	62	1	n - number of time range specifications describing the time intervals used to calculate the statistically processed field			Operational
4.189	63-66	4	Total number of data values missing in statistical process			Operational
4.189	67	1	Statistical process used to calculate the processed field from the field at each time increment during the time range	4.10		Operational
4.189	68	1	Type of time increment between successive fields used in the statistical processing	4.11		Operational
4.189	69	1	Indicator of unit of time for time range over which statistical processing is done	4.4		Operational
4.189	70-73	4	Length of the time range over which statistical processing is done, in units defined by the previous octet			Operational
4.189	74	1	Indicator of unit of time for the increment between the successive fields used	4.4		Operational
4.189	75-78	4	Time increment between successive fields, in units defined by the previous octet			Operational
4.189	79-90	12	As octets 67 to 78, next innermost step of processing			Operational
4.189	91-nn	0	Additional time range specifications, included in accordance with the value of n. Contents as octets 67 to 78, repeated as necessary			Operational
4.190	10	1	Parameter category	4.1		Operational
4.190	11	1	Parameter number	4.2		Operational
4.190	12-13	2	Aerosol type	4.233		Operational
4.190	14	1	Type of interval for first and second sizes	4.91		Operational
4.190	15	1	Scale factor of first size			Operational
4.190	16-19	4	Scaled value of first size in metres			Operational
4.190	20	1	Scale factor of second size			Operational
4.190	21-24	4	Scaled value of second size in metres			Operational
4.190	25	1	Type of generating process	4.3		Operational
4.190	26	1	Background generating process identifier (defined by originating centre)			Operational
4.190	27	1	Forecast generating process identifier (defined by originating centre)			Operational
4.190	28-29	2	Hours after reference time of data cut-off			Operational
4.190	30	1	Minutes after reference time of data cut-off			Operational
4.190	31	1	Indicator of unit of time range	4.4		Operational
4.190	32-35	4	Forecast time in units defined by octet 31			Operational
4.190	36	1	Type of first fixed surface	4.5		Operational
4.190	37	1	Scale factor of first fixed surface			Operational
4.190	38-41	4	Scaled value of first fixed surface			Operational
4.190	42	1	Type of second fixed surface	4.5		Operational
4.190	43	1	Scale factor of second fixed surface			Operational
4.190	44-47	4	Scaled value of second fixed surface			Operational
4.190	48	1	Type of ensemble forecast	4.6		Operational
4.190	49-52	4	Number of forecasts in ensemble			Operational
4.190	53	1	Forecast probability number			Operational
4.190	54	1	Total number of forecast probabilities			Operational
4.190	55	1	Probability type	4.9		Operational
4.190	56	1	Scale factor of lower limit			Operational
4.190	57-60	4	Scaled value of lower limit			Operational
4.190	61	1	Scale factor of upper limit			Operational
4.190	62-65	4	Scaled value of upper limit			Operational
4.191	10	1	Parameter category	4.1		Operational
4.191	11	1	Parameter number	4.2		Operational
4.191	12-13	2	Aerosol type	CCT-14		Operational
4.191	14	1	Type of interval for first and second size	4.91		Operational
4.191	15	1	Scale factor of first size			Operational
4.191	16-19	4	Scaled value of first size in metres			Operational
4.191	20	1	Scale factor of second size			Operational
4.191	21-24	4	Scaled value of second size in metres			Operational
4.191	25	1	Type of interval for first and second wavelength	4.91		Operational
4.191	26	1	Scale factor of first wavelength			Operational
4.191	27-30	4	Scaled value of first wavelength in metres			Operational
4.191	31	1	Scale factor of second wavelength			Operational
4.191	32-35	4	Scaled value of second wavelength in metres			Operational
4.191	36	1	Type of generating process	4.3		Operational
4.191	37	1	Background generating process identifier (defined by originating centre)			Operational
4.191	38	1	Analysis or forecast generating process identifier (defined by originating centre)			Operational
4.191	39-40	2	Hours of observational data cut-off after reference time			Operational
4.191	41	1	Minutes of observational data cut-off after reference time			Operational
4.191	42	1	Indicator of unit of time range	4.4		Operational
4.191	43-46	4	Forecast time in units defined by octet 42			Operational
4.191	47	1	Type of first fixed surface	4.5		Operational
4.191	48	1	Scale factor of first fixed surface			Operational
4.191	49-52	4	Scaled value of first fixed surface			Operational
4.191	53	1	Type of second fixed surface	4.5		Operational
4.191	54	1	Scale factor of second fixed surface			Operational
4.191	55-58	4	Scaled value of second fixed surface			Operational
4.191	59	1	Type of ensemble forecast	4.6		Operational
4.191	60-63	4	Number of forecasts in ensemble			Operational
4.191	64	1	Forecast probability number			Operational
4.191	65	1	Total number of forecast probabilities			Operational
4.191	66	1	Probability type	4.9		Operational
4.191	67	1	Scale factor of lower limit			Operational
4.191	68-71	4	Scaled value of lower limit			Operational
4.191	72	1	Scale factor of upper limit			Operational
4.191	73-76	4	Scaled value of upper limit			Operational
4.192	10	1	Parameter category	4.1		Operational
4.192	11	1	Parameter number	4.2		Operational
4.192	12-13	2	Atmospheric chemical constituent type	4.230		Operational
4.192	14	1	Source or sink	4.238		Operational
4.192	15	1	Type of generating process	4.3		Operational
4.192	16	1	Background generating process identifier (defined by originating centre)			Operational
4.192	17	1	Forecast generating process identifier (defined by originating centre)			Operational
4.192	18-19	2	Hours after reference time of data cut-off			Operational
4.192	20	1	Minutes after reference time of data cut-off			Operational
4.192	21	1	Indicator of unit of time range	4.4		Operational
4.192	22-25	4	Forecast time in units defined by octet 21			Operational
4.192	26	1	Type of first fixed surface	4.5		Operational
4.192	27	1	Scale factor of first fixed surface			Operational
4.192	28-31	4	Scaled value of first fixed surface			Operational
4.192	32	1	Type of second fixed surface	4.5		Operational
4.192	33	1	Scale factor of second fixed surface			Operational
4.192	34-37	4	Scaled value of second fixed surface			Operational
4.192	38	1	Type of ensemble forecast	4.6		Operational
4.192	39-42	4	Number of forecasts in ensemble			Operational
4.192	43	1	Forecast probability number			Operational
4.192	44	1	Total number of forecast probabilities			Operational
4.192	45	1	Probability type	4.9		Operational
4.192	46	1	Scale factor of lower limit			Operational
4.192	47-50	4	Scaled value of lower limit			Operational
4.192	51	1	Scale factor of upper limit			Operational
4.192	52-55	4	Scaled value of upper limit			Operational
4.193	10	1	Parameter category	4.1		Operational
4.193	11	1	Parameter number	4.2		Operational
4.193	12-13	2	Atmospheric chemical constituent type	4.230		Operational
4.193	14	1	Source or sink	4.238		Operational
4.193	15	1	Type of generating process	4.3		Operational
4.193	16	1	Background generating process identifier (defined by originating centre)			Operational
4.193	17	1	Forecast generating process identifier (defined by originating centre)			Operational
4.193	18-19	2	Hours after reference time of data cut-off			Operational
4.193	20	1	Minutes after reference time of data cut-off			Operational
4.193	21	1	Indicator of unit of time range	4.4		Operational
4.193	22-25	4	Forecast time in units defined by octet 21			Operational
4.193	26	1	Type of first fixed surface	4.5		Operational
4.193	27	1	Scale factor of first fixed surface			Operational
4.193	28-31	4	Scaled value of first fixed surface			Operational
4.193	32	1	Type of second fixed surface	4.5		Operational
4.193	33	1	Scale factor of second fixed surface			Operational
4.193	34-37	4	Scaled value of second fixed surface			Operational
4.193	38	1	Type of ensemble forecast	4.6		Operational
4.193	39-42	4	Number of forecasts in ensemble			Operational
4.193	43	1	Forecast probability number			Operational
4.193	44	1	Total number of forecast probabilities			Operational
4.193	45	1	Probability type	4.9		Operational
4.193	46	1	Scale factor of lower limit			Operational
4.193	47-50	4	Scaled value of lower limit			Operational
4.193	51	1	Scale factor of upper limit			Operational
4.193	52-55	4	Scaled value of upper limit			Operational
4.193	56-57	2	Year of end of overall time interval			Operational
4.193	58	1	Month of end of overall time interval			Operational
4.193	59	1	Day of end of overall time interval			Operational
4.193	60	1	Hour of end of overall time interval			Operational
4.193	61	1	Minute of end of overall time interval			Operational
4.193	62	1	Second of end of overall time interval			Operational
4.193	63	1	n - number of time range specifications describing the time intervals used to calculate the statistically processed field			Operational
4.193	64-67	4	Total number of data values missing in statistical process			Operational
4.193	68	1	Statistical process used to calculate the processed field from the field at each time increment during the time range	4.10		Operational
4.193	69	1	Type of time increment between successive fields used in the statistical processing	4.11		Operational
4.193	70	1	Indicator of unit of time for time range over which statistical processing is done	4.4		Operational
4.193	71-74	4	Length of the time range over which statistical processing is done, in units defined by the previous octet			Operational
4.193	75	1	Indicator of unit of time for the increment between the successive fields used	4.4		Operational
4.193	76-79	4	Time increment between successive fields, in units defined by the previous octet			Operational
4.193	80-91	12	As octets 68 to 79, next innermost step of processing			Operational
4.193	92-nn	0	Additional time range specifications, included in accordance with the value of n. Contents as octets 68 to 79, repeated as necessary			Operational
4.194	10	1	Parameter category	4.1		Operational
4.194	11	1	Parameter number	4.2		Operational
4.194	12-13	2	Aerosol type	CCT-14		Operational
4.194	14	1	Source or sink	4.238		Operational
4.194	15	1	Type of interval for first and second size	4.91		Operational
4.194	16	1	Scale factor of first size			Operational
4.194	17-20	4	Scaled value of first size in metres			Operational
4.194	21	1	Scale factor of second size			Operational
4.194	22-25	4	Scaled value of second size in metres			Operational
4.194	26	1	Type of interval for first and second wavelength	4.91		Operational
4.194	27	1	Scale factor of first wavelength			Operational
4.194	28-31	4	Scaled value of first wavelength in metres			Operational
4.194	32	1	Scale factor of second wavelength			Operational
4.194	33-36	4	Scaled value of second wavelength in metres			Operational
4.194	37	1	Type of generating process	4.3		Operational
4.194	38	1	Background generating process identifier (defined by originating centre)			Operational
4.194	39	1	Analysis or forecast generating process identifier (defined by originating centre)			Operational
4.194	40-41	2	Hours of observational data cut-off after reference time			Operational
4.194	42	1	Minutes of observational data cut-off after reference time			Operational
4.194	43	1	Indicator of unit of time range	4.4		Operational
4.194	44-47	4	Forecast time in units defined by octet 43			Operational
4.194	48	1	Type of first fixed surface	4.5		Operational
4.194	49	1	Scale factor of first fixed surface			Operational
4.194	50-53	4	Scaled value of first fixed surface			Operational
4.194	54	1	Type of second fixed surface	4.5		Operational
4.194	55	1	Scale factor of second fixed surface			Operational
4.194	56-59	4	Scaled value of second fixed surface			Operational
4.194	60	1	Type of ensemble forecast	4.6		Operational
4.194	61-64	4	Number of forecasts in ensemble			Operational
4.194	65	1	Forecast probability number			Operational
4.194	66	1	Total number of forecast probabilities			Operational
4.194	67	1	Probability type	4.9		Operational
4.194	68	1	Scale factor of lower limit			Operational
4.194	69-72	4	Scaled value of lower limit			Operational
4.194	73	1	Scale factor of upper limit			Operational
4.194	74-77	4	Scaled value of upper limit			Operational
4.195	10	1	Parameter category	4.1		Operational
4.195	11	1	Parameter number	4.2		Operational
4.195	12-13	2	Aerosol type	4.233		Operational
4.195	14	1	Source or sink	4.238		Operational
4.195	15	1	Type of interval for first and second sizes	4.91		Operational
4.195	16	1	Scale factor of first size			Operational
4.195	17-20	4	Scaled value of first size in metres			Operational
4.195	21	1	Scale factor of second size			Operational
4.195	22-25	4	Scaled value of second size in metres			Operational
4.195	26	1	Type of generating process	4.3		Operational
4.195	27	1	Background generating process identifier (defined by originating centre)			Operational
4.195	28	1	Forecast generating process identifier (defined by originating centre)			Operational
4.195	29-30	2	Hours after reference time of data cut-off			Operational
4.195	31	1	Minutes after reference time of data cut-off			Operational
4.195	32	1	Indicator of unit of time range	4.4		Operational
4.195	33-36	4	Forecast time in units defined by octet 32			Operational
4.195	37	1	Type of first fixed surface	4.5		Operational
4.195	38	1	Scale factor of first fixed surface			Operational
4.195	39-42	4	Scaled value of first fixed surface			Operational
4.195	43	1	Type of second fixed surface	4.5		Operational
4.195	44	1	Scale factor of second fixed surface			Operational
4.195	45-48	4	Scaled value of second fixed surface			Operational
4.195	49	1	Type of ensemble forecast	4.6		Operational
4.195	50-53	4	Number of forecasts in ensemble			Operational
4.195	54	1	Forecast probability number			Operational
4.195	55	1	Total number of forecast probabilities			Operational
4.195	56	1	Probability type	4.9		Operational
4.195	57	1	Scale factor of lower limit			Operational
4.195	58-61	4	Scaled value of lower limit			Operational
4.195	62	1	Scale factor of upper limit			Operational
4.195	63-66	4	Scaled value of upper limit			Operational
4.195	67-68	2	Year of end of overall time interval			Operational
4.195	69	1	Month of end of overall time interval			Operational
4.195	70	1	Day of end of overall time interval			Operational
4.195	71	1	Hour of end of overall time interval			Operational
4.195	72	1	Minute of end of overall time interval			Operational
4.195	73	1	Second of end of overall time interval			Operational
4.195	74	1	n - number of time range specifications describing the time intervals used to calculate the statistically processed field			Operational
4.195	75-78	4	Total number of data values missing in statistical process			Operational
4.195	79	1	Statistical process used to calculate the processed field from the field at each time increment during the time range	4.10		Operational
4.195	80	1	Type of time increment between successive fields used in the statistical processing	4.11		Operational
4.195	81	1	Indicator of unit of time for time range over which statistical processing is done	4.4		Operational
4.195	82-85	4	Length of the time range over which statistical processing is done in units defined by the previous octet			Operational
4.195	86	1	Indicator of unit of time for the increment between the successive fields used	4.4		Operational
4.195	87-90	4	Time increment between successive fields in units defined by the previous octet			Operational
4.195	91-102	12	As octets 79 to 90, next innermost step of processing			Operational
4.195	103-nn	0	Additional time range specifications included in accordance with the value of n. Contents as octets 79 to 90, repeated as necessary			Operational
4.196	10	1	Parameter category	4.1		Operational
4.196	11	1	Parameter number	4.2		Operational
4.196	12-13	2	Aerosol type	4.233		Operational
4.196	14	1	Type of interval for first and second sizes	4.91		Operational
4.196	15	1	Scale factor of first size			Operational
4.196	16-19	4	Scaled value of first size in metres			Operational
4.196	20	1	Scale factor of second size			Operational
4.196	21-24	4	Scaled value of second size in metres			Operational
4.196	25	1	Type of generating process	4.3		Operational
4.196	26	1	Background generating process identifier (defined by originating centre)			Operational
4.196	27	1	Forecast generating process identifier (defined by originating centre)			Operational
4.196	28-29	2	Hours after reference time of data cut-off			Operational
4.196	30	1	Minutes after reference time of data cut-off			Operational
4.196	31	1	Indicator of unit of time range	4.4		Operational
4.196	32-35	4	Forecast time in units defined by octet 32			Operational
4.196	36	1	Type of first fixed surface	4.5		Operational
4.196	37	1	Scale factor of first fixed surface			Operational
4.196	38-41	4	Scaled value of first fixed surface			Operational
4.196	42	1	Type of second fixed surface	4.5		Operational
4.196	43	1	Scale factor of second fixed surface			Operational
4.196	44-47	4	Scaled value of second fixed surface			Operational
4.196	48	1	Type of ensemble forecast	4.6		Operational
4.196	49-52	4	Number of forecasts in ensemble			Operational
4.196	53	1	Forecast probability number			Operational
4.196	54	1	Total number of forecast probabilities			Operational
4.196	55	1	Probability type	4.9		Operational
4.196	56	1	Scale factor of lower limit			Operational
4.196	57-60	4	Scaled value of lower limit			Operational
4.196	61	1	Scale factor of upper limit			Operational
4.196	62-65	4	Scaled value of upper limit			Operational
4.196	66-67	2	Year of end of overall time interval			Operational
4.196	68	1	Month of end of overall time interval			Operational
4.196	69	1	Day of end of overall time interval			Operational
4.196	70	1	Hour of end of overall time interval			Operational
4.196	71	1	Minute of end of overall time interval			Operational
4.196	72	1	Second of end of overall time interval			Operational
4.196	73	1	n - number of time range specifications describing the time intervals used to calculate the statistically processed field			Operational
4.196	74-77	4	Total number of data values missing in statistical process			Operational
4.196	78	1	Statistical process used to calculate the processed field from the field at each time increment during the time range	4.10		Operational
4.196	79	1	Type of time increment between successive fields used in the statistical processing	4.11		Operational
4.196	80	1	Indicator of unit of time for time range over which statistical processing is done	4.4		Operational
4.196	81-84	4	Length of the time range over which statistical processing is done in units defined by the previous octet			Operational
4.196	85	1	Indicator of unit of time for the increment between the successive fields used	4.4		Operational
4.196	86-89	4	Time increment between successive fields in units defined by the previous octet			Operational
4.196	90-101	12	As octets 78 to 89, next innermost step of processing			Operational
4.196	102-nn	0	Additional time range specifications included in accordance with the value of n. Contents as octets 78 to 89, repeated as necessary			Operational
4.197	10	1	Parameter category	4.1		Operational
4.197	11	1	Parameter number	4.2		Operational
4.197	12-13	2	Aerosol type	4.233		Operational
4.197	14	1	Type of interval for first and second sizes	4.91		Operational
4.197	15	1	Scale factor of first size			Operational
4.197	16-19	4	Scaled value of first size in metres			Operational
4.197	20	1	Scale factor of second size			Operational
4.197	21-24	4	Scaled value of second size in metres			Operational
4.197	25	1	Type of interval for first and second wavelength	4.91		Operational
4.197	26	1	Scale factor of first wavelength			Operational
4.197	27-30	4	Scaled value of first wavelength in metres			Operational
4.197	31	1	Scale factor of second wavelength			Operational
4.197	32-35	4	Scaled value of second wavelength in metres			Operational
4.197	36	1	Type of generating process	4.3		Operational
4.197	37	1	Background generating process identifier (defined by originating centre)			Operational
4.197	38	1	Forecast generating process identifier (defined by originating centre)			Operational
4.197	39-40	2	Hours after reference time of data cut-off			Operational
4.197	41	1	Minutes after reference time of data cut-off			Operational
4.197	42	1	Indicator of unit of time range	4.4		Operational
4.197	43-46	4	Forecast time in units defined by octet 42			Operational
4.197	47	1	Type of first fixed surface	4.5		Operational
4.197	48	1	Scale factor of first fixed surface			Operational
4.197	49-52	4	Scaled value of first fixed surface			Operational
4.197	53	1	Type of second fixed surface	4.5		Operational
4.197	54	1	Scale factor of second fixed surface			Operational
4.197	55-58	4	Scaled value of second fixed surface			Operational
4.197	59	1	Type of ensemble forecast	4.6		Operational
4.197	60-63	4	Number of forecasts in ensemble			Operational
4.197	64	1	Forecast probability number			Operational
4.197	65	1	Total number of forecast probabilities			Operational
4.197	66	1	Probability type	4.9		Operational
4.197	67	1	Scale factor of lower limit			Operational
4.197	68-71	4	Scaled value of lower limit			Operational
4.197	72	1	Scale factor of upper limit			Operational
4.197	73-76	4	Scaled value of upper limit			Operational
4.197	77-78	2	Year of end of overall time interval			Operational
4.197	79	1	Month of end of overall time interval			Operational
4.197	80	1	Day of end of overall time interval			Operational
4.197	81	1	Hour of end of overall time interval			Operational
4.197	82	1	Minute of end of overall time interval			Operational
4.197	83	1	Second of end of overall time interval			Operational
4.197	84	1	n - number of time range specifications describing the time intervals used to calculate the statistically processed field			Operational
4.197	85-88	4	Total number of data values missing in statistical process			Operational
4.197	89	1	Statistical process used to calculate the processed field from the field at each time increment during the time range	4.10		Operational
4.197	90	1	Type of time increment between successive fields used in the statistical processing	4.11		Operational
4.197	91	1	Indicator of unit of time for time range over which statistical processing is done	4.4		Operational
4.197	92-95	4	Length of the time range over which statistical processing is done in units defined by the previous octet			Operational
4.197	96	1	Indicator of unit of time for the increment between the successive fields used	4.4		Operational
4.197	97-100	4	Time increment between successive fields in units defined by the previous octet			Operational
4.197	101-112	12	As octets 89 to 100, next innermost step of processing			Operational
4.197	113-nn	0	Additional time range specifications included in accordance with the value of n. Contents as octets 89 to 100, repeated as necessary			Operational
4.198	10	1	Parameter category	4.1		Operational
4.198	11	1	Parameter number	4.2		Operational
4.198	12-13	2	Aerosol type	4.233		Operational
4.198	14	1	Source or sink	4.238		Operational
4.198	15	1	Type of interval for first and second sizes	4.91		Operational
4.198	16	1	Scale factor of first size			Operational
4.198	17-20	4	Scaled value of first size in metres			Operational
4.198	21	1	Scale factor of second size			Operational
4.198	22-25	4	Scaled value of second size in metres			Operational
4.198	26	1	Type of interval for first and second wavelength	4.91		Operational
4.198	27	1	Scale factor of first wavelength			Operational
4.198	28-31	4	Scaled value of first wavelength in metres			Operational
4.198	32	1	Scale factor of second wavelength			Operational
4.198	33-36	4	Scaled value of second wavelength in metres			Operational
4.198	37	1	Type of generating process	4.3		Operational
4.198	38	1	Background generating process identifier (defined by originating centre)			Operational
4.198	39	1	Forecast generating process identifier (defined by originating centre)			Operational
4.198	40-41	2	Hours after reference time of data cut-off			Operational
4.198	42	1	Minutes after reference time of data cut-off			Operational
4.198	43	1	Indicator of unit of time range	4.4		Operational
4.198	44-47	4	Forecast time in units defined by octet 43			Operational
4.198	48	1	Type of first fixed surface	4.5		Operational
4.198	49	1	Scale factor of first fixed surface			Operational
4.198	50-53	4	Scaled value of first fixed surface			Operational
4.198	54	1	Type of second fixed surface	4.5		Operational
4.198	55	1	Scale factor of second fixed surface			Operational
4.198	56-59	4	Scaled value of second fixed surface			Operational
4.198	60	1	Type of ensemble forecast	4.6		Operational
4.198	61-64	4	Number of forecasts in ensemble			Operational
4.198	65	1	Forecast probability number			Operational
4.198	66	1	Total number of forecast probabilities			Operational
4.198	67	1	Probability type	4.9		Operational
4.198	68	1	Scale factor of lower limit			Operational
4.198	69-72	4	Scaled value of lower limit			Operational
4.198	73	1	Scale factor of upper limit			Operational
4.198	74-77	4	Scaled value of upper limit			Operational
4.198	78-79	2	Year of end of overall time interval			Operational
4.198	80	1	Month of end of overall time interval			Operational
4.198	81	1	Day of end of overall time interval			Operational
4.198	82	1	Hour of end of overall time interval			Operational
4.198	83	1	Minute of end of overall time interval			Operational
4.198	84	1	Second of end of overall time interval			Operational
4.198	85	1	n - number of time range specifications describing the time intervals used to calculate the statistically processed field			Operational
4.198	86-89	4	Total number of data values missing in statistical process			Operational
4.198	90	1	Statistical process used to calculate the processed field from the field at each time increment during the time range	4.10		Operational
4.198	91	1	Type of time increment between successive fields used in the statistical processing	4.11		Operational
4.198	92	1	Indicator of unit of time for time range over which statistical processing is done	4.4		Operational
4.198	93-96	4	Length of the time range over which statistical processing is done in units defined by the previous octet			Operational
4.198	97	1	Indicator of unit of time for the increment between the successive fields used	4.4		Operational
4.198	98-101	4	Time increment between successive fields in units defined by the previous octet			Operational
4.198	102-113	12	As octets 90 to 101, next innermost step of processing			Operational
4.198	114-nn	0	Additional time range specifications included in accordance with the value of n. Contents as octets 90 to 101, repeated as necessary			Operational
4.199	10	1	Parameter category	4.1		Operational
4.199	11	1	Parameter number	4.2		Operational
4.199	12-13	2	Input process identifier			Operational
4.199	14-15	2	Input originating centre	CCT-11		Operational
4.199	16	1	Type of post-processing			Operational
4.199	17	1	Type of generating process	4.3		Operational
4.199	18	1	Background generating process identifier (defined by originating centre)			Operational
4.199	19	1	Forecast generating process identifier (defined by originating centre)			Operational
4.199	20-21	2	Hours after reference time of data cut-off			Operational
4.199	22	1	Minutes after reference time of data cut-off			Operational
4.199	23	1	Indicator of unit of time range	4.4		Operational
4.199	24-27	4	Forecast time in units defined by octet 23			Operational
4.199	28	1	Type of first fixed surface	4.5		Operational
4.199	29	1	Scale factor of first fixed surface			Operational
4.199	30-33	4	Scaled value of first fixed surface			Operational
4.199	34	1	Type of second fixed surface	4.5		Operational
4.199	35	1	Scale factor of second fixed surface			Operational
4.199	36-39	4	Scaled value of second fixed surface			Operational
4.199	40	1	Derived forecast	4.7		Operational
4.199	41-44	4	Number of forecasts in ensemble			Operational
4.1	10	1	Parameter category	4.1		Operational
4.1	11	1	Parameter number	4.2		Operational
4.1	12	1	Type of generating process	4.3		Operational
4.1	13	1	Background generating process identifier (defined by originating centre)			Operational
4.1	14	1	Forecast generating process identifier (defined by originating centre)			Operational
4.1	15-16	2	Hours after reference time of data cut-off			Operational
4.1	17	1	Minutes after reference time of data cut-off			Operational
4.1	18	1	Indicator of unit of time range	4.4		Operational
4.1	19-22	4	Forecast time in units defined by octet 18			Operational
4.1	23	1	Type of first fixed surface	4.5		Operational
4.1	24	1	Scale factor of first fixed surface			Operational
4.1	25-28	4	Scaled value of first fixed surface			Operational
4.1	29	1	Type of second fixed surface	4.5		Operational
4.1	30	1	Scale factor of second fixed surface			Operational
4.1	31-34	4	Scaled value of second fixed surface			Operational
4.1	35	1	Type of ensemble forecast	4.6		Operational
4.1	36	1	Perturbation number			Operational
4.1	37	1	Number of forecasts in ensemble			Operational
4.200	10	1	Parameter category	4.1		Operational
4.200	11	1	Parameter number	4.2		Operational
4.200	12-13	2	Input process identifier			Operational
4.200	14-15	2	Input originating centre	CCT-11		Operational
4.200	16	1	Type of post-processing			Operational
4.200	17	1	Type of generating process	4.3		Operational
4.200	18	1	Background generating process identifier (defined by originating centre)			Operational
4.200	19	1	Forecast generating process identifier (defined by originating centre)			Operational
4.200	20-21	2	Hours after reference time of data cut-off			Operational
4.200	22	1	Minutes after reference time of data cut-off			Operational
4.200	23	1	Indicator of unit of time range	4.4		Operational
4.200	24-27	4	Forecast time in units defined by octet 23			Operational
4.200	28	1	Type of first fixed surface	4.5		Operational
4.200	29	1	Scale factor of first fixed surface			Operational
4.200	30-33	4	Scaled value of first fixed surface			Operational
4.200	34	1	Type of second fixed surface	4.5		Operational
4.200	35	1	Scale factor of second fixed surface			Operational
4.200	36-39	4	Scaled value of second fixed surface			Operational
4.200	40	1	Derived forecast	4.7		Operational
4.200	41-44	4	Number of forecasts in ensemble			Operational
4.200	45-46	2	Year of end of overall time interval			Operational
4.200	47	1	Month of end of overall time interval			Operational
4.200	48	1	Day of end of overall time interval			Operational
4.200	49	1	Hour of end of overall time interval			Operational
4.200	50	1	Minute of end of overall time interval			Operational
4.200	51	1	Second of end of overall time interval			Operational
4.200	52	1	n - number of time range specifications describing the time intervals used to calculate the statistically processed field			Operational
4.200	53-56	4	Total number of data values missing in statistical process			Operational
4.200	57	1	Statistical process used to calculate the processed field from the field at each time increment during the time range	4.10		Operational
4.200	58	1	Type of time increment between successive fields used in the statistical processing	4.11		Operational
4.200	59	1	Indicator of unit of time for time range over which statistical processing is done	4.4		Operational
4.200	60-63	4	Length of the time range over which statistical processing is done, in units defined by the previous octet			Operational
4.200	64	1	Indicator of unit of time for the increment between the successive fields used	4.4		Operational
4.200	65-68	4	Time increment between successive fields, in units defined by the previous octet			Operational
4.200	69-80	12	As octets 57 to 68, next innermost step of processing			Operational
4.200	81-nn	0	Additional time range specifications, included in accordance with the value of n. Contents as octets 57 to 68, repeated as necessary			Operational
4.201	10	1	Parameter category	4.1		Operational
4.201	11	1	Parameter number	4.2		Operational
4.201	12-13	2	Input process identifier			Operational
4.201	14-15	2	Input originating centre	CCT-11		Operational
4.201	16	1	Type of post-processing			Operational
4.201	17	1	Type of generating process	4.3		Operational
4.201	18	1	Background generating process identifier (defined by originating centre)			Operational
4.201	19	1	Forecast generating process identifier (defined by originating centre)			Operational
4.201	20-21	2	Hours after reference time of data cut-off			Operational
4.201	22	1	Minutes after reference time of data cut-off			Operational
4.201	23	1	Indicator of unit of time range	4.4		Operational
4.201	24-27	4	Forecast time in units defined by octet 23			Operational
4.201	28	1	Type of first fixed surface	4.5		Operational
4.201	29	1	Scale factor of first fixed surface			Operational
4.201	30-33	4	Scaled value of first fixed surface			Operational
4.201	34	1	Type of second fixed surface	4.5		Operational
4.201	35	1	Scale factor of second fixed surface			Operational
4.201	36-39	4	Scaled value of second fixed surface			Operational
4.201	40	1	Type of ensemble forecast	4.6		Operational
4.201	41-44	4	Number of forecasts in ensemble			Operational
4.201	45	1	Forecast probability number			Operational
4.201	46	1	Total number of forecast probabilities			Operational
4.201	47	1	Probability type	4.9		Operational
4.201	48	1	Scale factor of lower limit			Operational
4.201	49-52	4	Scaled value of lower limit			Operational
4.201	53	1	Scale factor of upper limit			Operational
4.201	54-57	4	Scaled value of upper limit			Operational
4.202	10	1	Parameter category	4.1		Operational
4.202	11	1	Parameter number	4.2		Operational
4.202	12-13	2	Input process identifier			Operational
4.202	14-15	2	Input originating centre	CCT-11		Operational
4.202	16	1	Type of post-processing			Operational
4.202	17	1	Type of generating process	4.3		Operational
4.202	18	1	Background generating process identifier (defined by originating centre)			Operational
4.202	19	1	Forecast generating process identifier (defined by originating centre)			Operational
4.202	20-21	2	Hours after reference time of data cut-off			Operational
4.202	22	1	Minutes after reference time of data cut-off			Operational
4.202	23	1	Indicator of unit of time range	4.4		Operational
4.202	24-27	4	Forecast time in units defined by octet 23			Operational
4.202	28	1	Type of first fixed surface	4.5		Operational
4.202	29	1	Scale factor of first fixed surface			Operational
4.202	30-33	4	Scaled value of first fixed surface			Operational
4.202	34	1	Type of second fixed surface	4.5		Operational
4.202	35	1	Scale factor of second fixed surface			Operational
4.202	36-39	4	Scaled value of second fixed surface			Operational
4.202	40	1	Type of ensemble forecast	4.6		Operational
4.202	41-44	4	Number of forecasts in ensemble			Operational
4.202	45	1	Forecast probability number			Operational
4.202	46	1	Total number of forecast probabilities			Operational
4.202	47	1	Probability type	4.9		Operational
4.202	48	1	Scale factor of lower limit			Operational
4.202	49-52	4	Scaled value of lower limit			Operational
4.202	53	1	Scale factor of upper limit			Operational
4.202	54-57	4	Scaled value of upper limit			Operational
4.202	58-59	2	Year of end of overall time interval			Operational
4.202	60	1	Month of end of overall time interval			Operational
4.202	61	1	Day of end of overall time interval			Operational
4.202	62	1	Hour of end of overall time interval			Operational
4.202	63	1	Minute of end of overall time interval			Operational
4.202	64	1	Second of end of overall time interval			Operational
4.202	65	1	n - number of time range specifications describing the time intervals used to calculate the statistically processed field			Operational
4.202	66-69	4	Total number of data values missing in statistical process			Operational
4.202	70	1	Statistical process used to calculate the processed field from the field at each time increment during the time range	4.10		Operational
4.202	71	1	Type of time increment between successive fields used in the statistical processing	4.11		Operational
4.202	72	1	Indicator of unit of time for time range over which statistical processing is done	4.4		Operational
4.202	73-76	4	Length of the time range over which statistical processing is done, in units defined by the previous octet			Operational
4.202	77	1	Indicator of unit of time for the increment between the successive fields used	4.4		Operational
4.202	78-81	4	Time increment between successive fields, in units defined by the previous octet			Operational
4.202	82-93	12	As octets 70 to 81, next innermost step of processing			Operational
4.202	94-nn	0	Additional time range specifications, included in accordance with the value of n. Contents as octets 70 to 81, repeated as necessary			Operational
4.203	10	1	Parameter category	4.1		Operational
4.203	11	1	Parameter number	4.2		Operational
4.203	12	1	Type of generating process	4.3		Operational
4.203	13	1	Observation generating process identifier (defined by originating centres)			Operational
4.203	14	1	Number of contributing spectral bands (NB)			Operational
4.203	(15+19(nb-1))-(16+19(nb-1))	2	Satellite series of band nb (code table defined by originating/generating centre)			Operational
4.203	(17+19(nb-1))-(18+19(nb-1))	2	Satellite numbers of band nb (code table defined by originating/generating centre)			Operational
4.203	(19+19(nb-1))-(20+19(nb-1))	2	Instrument types of band nb (code table defined by originating/generating centre)			Operational
4.203	(21+19(nb-1))-(22+19(nb-1))	2	Channel number			Operational
4.203	(23+19(nb-1))	1	Scale factor of central wave number of band nb			Operational
4.203	(24+19(nb-1))-(27+19(nb-1))	4	Scaled value of central wave number of band nb (units: m-1)			Operational
4.203	(28+19(nb-1))	1	Scale factor of bandwidth			Operational
4.203	(29+19(nb-1))-(32+19(nb-1))	4	Scaled value of bandwidth			Operational
4.203	(33+19(nb-1))	1	Polarization of satellite band	4.254		Operational
4.204	10	1	Parameter category	4.1		Operational
4.204	11	1	Parameter number	4.2		Operational
4.204	12	1	Type of generating process	4.3		Operational
4.204	13	1	Background generating process identifier (defined by originating centre)			Operational
4.204	14	1	Analysis or forecast generating process identifier			Operational
4.204	15-16	2	Hours of observational data cut-off after reference time			Operational
4.204	17	1	Minutes of observational data cut-off after reference time			Operational
4.204	18	1	Indicator of unit of time range	4.4		Operational
4.204	19-22	4	Forecast time in units defined by octet 18			Operational
4.204	23	1	Number of contributing spectral bands (NB)			Operational
4.204	(24+19(nb-1))-(25+19(nb-1))	0	Satellite series of band nb (Code table defined by originating/generating centre)			Operational
4.204	(26+19(nb-1))-(27+19(nb-1))	0	Satellite number of band nb (Code table defined by originating/generating centre)			Operational
4.204	(28+19(nb-1))-(29+19(nb-1))	0	Instrument types of band nb (Code table defined by originating/generating centre)			Operational
4.204	(30+19(nb-1))-(31+19(nb-1))	2	Channel number			Operational
4.204	(32+19(nb-1))	1	Scale factor of central wave number of band nb			Operational
4.204	(33+19(nb-1))-(36+19(nb-1))	4	Scaled value of central wave number of band nb (units: m-1)			Operational
4.204	(37+19(nb-1))	1	Scale factor of bandwidth			Operational
4.204	(38+19(nb-1))-(41+19(nb-1))	4	Scaled value of bandwidth			Operational
4.204	(42+19(nb-1))	1	Polarization of satellite band	4.254		Operational
4.205	10	1	Parameter category	4.1		Operational
4.205	11	1	Parameter number	4.2		Operational
4.205	12	1	Type of generating process	4.3		Operational
4.205	13	1	Background generating process identifier (defined by originating centre)			Operational
4.205	14	1	Analysis or forecast generating process identifier			Operational
4.205	15-16	2	Hours of observational data cut-off after reference time			Operational
4.205	17	1	Minutes of observational data cut-off after reference time			Operational
4.205	18	1	Indicator of unit of time range	4.4		Operational
4.205	19-22	4	Forecast time in units defined by octet 18			Operational
4.205	23	1	Number of contributing spectral bands (NB)			Operational
4.205	(24+19(nb-1))-(25+19(nb-1))	2	Satellite series of band nb (code table defined by originating/generating centre)			Operational
4.205	(26+19(nb-1))-(27+19(nb-1))	2	Satellite number of band nb (code table defined by originating/generating centre)			Operational
4.205	(28+19(nb-1))-(29+19(nb-1))	2	Instrument types of band nb (code table defined by originating/generating centre)			Operational
4.205	(30+19(nb-1))-(31+19(nb-1))	2	Channel number			Operational
4.205	(32+19(nb-1))	1	Scale factor of central wave number of band nb			Operational
4.205	(33+19(nb-1))-(36+19(nb-1))	4	Scaled value of central wave number of band nb (units: m-1)			Operational
4.205	(37+19(nb-1))	1	Scale factor of bandwidth			Operational
4.205	(38+19(nb-1))-(41+19(nb-1))	4	Scaled value of bandwidth			Operational
4.205	(42+19(nb-1))	1	Polarization of satellite band	4.254		Operational
4.205	(43+19(nb-1))	1	Type of ensemble forecast	4.6		Operational
4.205	(44+19(nb-1))-(47+19(nb-1))	4	Perturbation number			Operational
4.205	(48+19(nb-1))-(51+19(nb-1))	4	Number of forecasts in ensemble			Operational
4.206	10	1	Parameter category	4.1		Operational
4.206	11	1	Parameter number	4.2		Operational
4.206	12	1	Type of generating process	4.3		Operational
4.206	13	1	Background generating process identifier (defined by originating centre)			Operational
4.206	14	1	Analysis or forecast generating process identifier			Operational
4.206	15-16	2	Hours of observational data cut-off after reference time			Operational
4.206	17	1	Minutes of observational data cut-off after reference time			Operational
4.206	18	1	Indicator of unit of time range	4.4		Operational
4.206	19-22	4	Forecast time in units defined by octet 18			Operational
4.206	23	1	Number of contributing spectral bands (NB)			Operational
4.206	(24+19(nb-1))-(25+19(nb-1))	2	Satellite series of band nb (code table defined by originating/generating centre)			Operational
4.206	(26+19(nb-1))-(27+19(nb-1))	2	Satellite number of band nb (code table defined by originating/generating centre)			Operational
4.206	(28+19(nb-1))-(29+19(nb-1))	2	Instrument types of band nb (code table defined by originating/generating centre)			Operational
4.206	(30+19(nb-1))-(31+19(nb-1))	2	Channel Number			Operational
4.206	(32+19(nb-1))	1	Scale factor of central wave number of band nb			Operational
4.206	(33+19(nb-1))-(36+19(nb-1))	4	Scaled value of central wave number of band nb (units: m-1)			Operational
4.206	(37+19(nb-1))	1	Scale factor of bandwidth			Operational
4.206	(38+19(nb-1))-(41+19(nb-1))	4	Scaled value of bandwidth (units: m-1)			Operational
4.206	(42+19(nb-1))	1	Polarization of satellite band	4.254		Operational
4.206	(43+19(nb-1))	1	Type of ensemble forecast	4.6		Operational
4.206	(44+19(nb-1))-(47+19(nb-1))	4	Perturbation number			Operational
4.206	(48+19(nb-1))-(51+19(nb-1))	4	Number of forecasts in ensemble			Operational
4.206	(52+19(nb-1))-(53+19(nb-1))	2	Year of end of overall time interval			Operational
4.206	(54+19(nb-1))	1	Month of end of overall time interval			Operational
4.206	(55+19(nb-1))	1	Day of end of overall time interval			Operational
4.206	(56+19(nb-1))	1	Hour of end of overall time interval			Operational
4.206	(57+11(nb-1))	1	Minute of end of overall time interval			Operational
4.206	(58+19(nb-1))	1	Second of end of overall time interval			Operational
4.206	(59+19(nb-1))	1	n - number of time range specifications describing the time intervals used to calculate the statistically processed field			Operational
4.206	(60+19(nb-1))-(63+19(nb-1))	4	Total number of data values missing in statistical process			Operational
4.206	(64+19(nb-1)+12(i-1))	1	Statistical process used to calculate the processed field from the field at each time increment during the time range	4.10		Operational
4.206	(65+19(nb-1)+12(i-1))	1	Type of time increment between successive fields used in the statistical processing	4.11		Operational
4.206	(66+19(nb-1)+12(i-1))	1	Indicator of unit of time for time range over which statistical processing is done	4.4		Operational
4.206	(67+19(nb-1)+12(i-1))-(70+19(nb-1)+12(i-1))	4	Length of the time range over which statistical processing is done, in units defined by the previous octet			Operational
4.206	(71+19(nb-1)+12(i-1))	1	Indicator of unit of time for the increment between the successive fields used	4.4		Operational
4.206	(72+19(nb-1)+12(i-1))-(75+19(nb-1)+12(i-1))	4	Time increment between successive fields, in units defined by the previous octet			Operational
4.207	10	1	Parameter category	4.1		Operational
4.207	11	1	Parameter number	4.2		Operational
4.207	12	1	Type of generating process	4.3		Operational
4.207	13	1	Observation generating process identifier (defined by originating centres)			Operational
4.207	14	1	Quality value associated with parameter	4.16		Operational
4.207	15	1	Number of contributing spectral bands (NB)			Operational
4.207	(16+19(nb-1))-(17+19(nb-1))	2	Satellite series of band nb (code table defined by originating/generating centre)			Operational
4.207	(18+19(nb-1))-(19+19(nb-1))	2	Satellite numbers of band nb (code table defined by originating/generating centre)			Operational
4.207	(20+19(nb-1))-(21+19(nb-1))	2	Instrument types of band nb (code table defined by originating/generating centre)			Operational
4.207	(22+19(nb-1))-(23+19(nb-1))	2	Channel number			Operational
4.207	(24+19(nb-1))	1	Scale factor of central wave number of band nb			Operational
4.207	(25+19(nb-1))-(28+19(nb-1))	4	Scaled value of central wave number of band nb (units: m-1)			Operational
4.207	(29+19(nb-1))	1	Scale factor of bandwidth			Operational
4.207	(30+19(nb-1))-(33+19(nb-1))	4	Scaled value of bandwidth (units:m-1)			Operational
4.207	(34+19(nb-1))	1	Polarization of satellite band	4.254		Operational
4.20	10	1	Parameter category	4.1		Operational
4.20	11	1	Parameter number	4.2		Operational
4.20	12	1	Type of generating process	4.3		Operational
4.20	13	1	Number of radar sites used			Operational
4.20	14	1	Indicator of unit of time range			Operational
4.20	15-18	4	Site latitude (in 10-6 degree)			Operational
4.20	19-22	4	Site longitude (in 10-6 degree)			Operational
4.20	23-24	2	Site elevation (metres)			Operational
4.20	25-28	4	Site ID (alphanumeric)			Operational
4.20	29-30	2	Site ID (numeric)			Operational
4.20	31	1	Operating mode	4.12		Operational
4.20	32	1	Reflectivity calibration constant (tenths of dB)			Operational
4.20	33	1	Quality control indicator	4.13		Operational
4.20	34	1	Clutter filter indicator	4.14		Operational
4.20	35	1	Constant antenna elevation angle (tenths of degree true)			Operational
4.20	36-37	2	Accumulation interval (minutes)			Operational
4.20	38	1	Reference reflectivity for echo top (dB)			Operational
4.20	39-41	3	Range bin spacing (metres)			Operational
4.20	42-43	2	Radial angular spacing (tenths of degree true)			Operational
4.254	10	1	Parameter category	4.1		Operational
4.254	11	1	Parameter number	4.2		Operational
4.254	12-15	4	Number of characters			Operational
4.2	10	1	Parameter category	4.1		Operational
4.2	11	1	Parameter number	4.2		Operational
4.2	12	1	Type of generating process	4.3		Operational
4.2	13	1	Background generating process identifier (defined by originating centre)			Operational
4.2	14	1	Forecast generating process identifier (defined by originating centre)			Operational
4.2	15-16	2	Hours after reference time of data cut-off			Operational
4.2	17	1	Minutes after reference time of data cut-off			Operational
4.2	18	1	Indicator of unit of time range	4.4		Operational
4.2	19-22	4	Forecast time in units defined by octet 18			Operational
4.2	23	1	Type of first fixed surface	4.5		Operational
4.2	24	1	Scale factor of first fixed surface			Operational
4.2	25-28	4	Scaled value of first fixed surface			Operational
4.2	29	1	Type of second fixed surface	4.5		Operational
4.2	30	1	Scale factor of second fixed surface			Operational
4.2	31-34	4	Scaled value of second fixed surface			Operational
4.2	35	1	Derived forecast	4.7		Operational
4.2	36	1	Number of forecasts in ensemble			Operational
4.30	10	1	Parameter category	4.1		Deprecated
4.30	11	1	Parameter number	4.2		Deprecated
4.30	12	1	Type of generating process	4.3		Deprecated
4.30	13	1	Observation generating process identifier (defined by originating centres)			Deprecated
4.30	14	1	Number of contributing spectral bands (NB)			Deprecated
4.30	(15+10(nb-1))-(16+10(nb-1))	0	Satellite series of band nb (code table defined by originating/generating centre)			Deprecated
4.30	(17+10(nb-1))-(18+10(nb-1))	0	Satellite numbers of band nb (code table defined by originating/generating centre)			Deprecated
4.30	(19+10(nb-1))	0	Instrument types of band nb (code table defined by originating/generating centre)			Deprecated
4.30	(20+10(nb-1))	0	Scale factor of central wave number of band nb			Deprecated
4.30	(21+10(nb-1))-(24+10(nb-1))	0	Scaled value of central wave number of band nb (units: m-1)			Deprecated
4.31	10	1	Parameter category	4.1		Operational
4.31	11	1	Parameter number	4.2		Operational
4.31	12	1	Type of generating process	4.3		Operational
4.31	13	1	Observation generating process identifier (defined by originating centres)			Operational
4.31	14	1	Number of contributing spectral bands (NB)			Operational
4.31	(15+11(nb-1))-(16+11(nb-1))	0	Satellite series of band nb (code table defined by originating/generating centre)			Operational
4.31	(17+11(nb-1))-(18+11(nb-1))	0	Satellite numbers of band nb (code table defined by originating/generating centre)			Operational
4.31	(19+11(nb-1))-(20+11(nb-1))	0	Instrument types of band nb (code table defined by originating/generating centre)			Operational
4.31	(21+11(nb-1))	0	Scale factor of central wave number of band nb			Operational
4.31	(22+11(nb-1))-(25+11(nb-1))	0	Scaled value of central wave number of band nb (units: m-1)			Operational
4.32	10	1	Parameter category	4.1		Operational
4.32	11	1	Parameter number	4.2		Operational
4.32	12	1	Type of generating process	4.3		Operational
4.32	13	1	Background generating process identifier (defined by originating centre)			Operational
4.32	14	1	Analysis or forecast generating process identifier			Operational
4.32	15-16	2	Hours of observational data cut-off after reference time			Operational
4.32	17	1	Minutes of observational data cut-off after reference time			Operational
4.32	18	1	Indicator of unit of time range	4.4		Operational
4.32	19-22	4	Forecast time in units defined by octet 18			Operational
4.32	23	1	Number of contributing spectral bands (NB)			Operational
4.32	(24+11(nb-1))-(25+11(nb-1))	0	Satellite series of band nb (Code table defined by originating/generating centre)			Operational
4.32	(26+11(nb-1))-(27+11(nb-1))	0	Satellite number of band nb (Code table defined by originating/generating centre)			Operational
4.32	(28+11(nb-1))-(29+11(nb-1))	0	Instrument types of band nb (Code table defined by originating/generating centre)			Operational
4.32	(30 +11(nb-1))	0	Scale factor of central wave number of band nb			Operational
4.32	(31+11(nb-1))-(34+11(nb-1))	0	Scaled value of central wave number of band nb (units: m-1)			Operational
4.33	10	1	Parameter category	4.1		Operational
4.33	11	1	Parameter number	4.2		Operational
4.33	12	1	Type of generating process	4.3		Operational
4.33	13	1	Background generating process identifier (defined by originating centre)			Operational
4.33	14	1	Analysis or forecast generating process identifier			Operational
4.33	15-16	2	Hours of observational data cut-off after reference time			Operational
4.33	17	1	Minutes of observational data cut-off after reference time			Operational
4.33	18	1	Indicator of unit of time range	4.4		Operational
4.33	19-22	4	Forecast time in units defined by octet 18			Operational
4.33	23	1	Number of contributing spectral bands (NB)			Operational
4.33	(24+11(nb-1))-(25+11(nb-1))	0	Satellite series of band nb (code table defined by originating/generating centre)			Operational
4.33	(26+11(nb-1))-(27+11(nb-1))	0	Satellite number of band nb (code table defined by originating/generating centre)			Operational
4.33	(28+11(nb-1))-(29+11(nb-1))	0	Instrument types of band nb (code table defined by originating/generating centre)			Operational
4.33	(30+11(nb-1))	0	Scale factor of central wave number of band nb			Operational
4.33	(31+11(nb-1))-(34+11(nb-1))	0	Scaled value of central wave number of band nb (units: m-1)			Operational
4.33	(24+11NB)	0	Type of ensemble forecast	4.6		Operational
4.33	(24+11NB+1)	0	Perturbation number			Operational
4.33	(24+11NB+2)	0	Number of forecasts in ensemble			Operational
4.34	10	1	Parameter category	4.1		Operational
4.34	11	1	Parameter number	4.2		Operational
4.34	12	1	Type of generating process	4.3		Operational
4.34	13	1	Background generating process identifier (defined by originating centre)			Operational
4.34	14	1	Analysis or forecast generating process identifier			Operational
4.34	15-16	2	Hours of observational data cut-off after reference time			Operational
4.34	17	1	Minutes of observational data cut-off after reference time			Operational
4.34	18	1	Indicator of unit of time range	4.4		Operational
4.34	19-22	4	Forecast time in units defined by octet 18			Operational
4.34	23	1	Number of contributing spectral bands (NB)			Operational
4.34	(24+11(nb-1))-(25+11(nb-1))	0	Satellite series of band nb (code table defined by originating/generating centre)			Operational
4.34	(26+11(nb-1))-(27+11(nb-1))	0	Satellite number of band nb (code table defined by originating/generating centre)			Operational
4.34	(28+11(nb-1))-(29+11(nb-1))	0	Instrument types of band nb (code table defined by originating/generating centre)			Operational
4.34	(30+11(nb-1))	0	Scale factor of central wave number of band nb			Operational
4.34	(31+11(nb-1))-(34+11(nb-1))	0	Scaled value of central wave number of band nb (units: m-1)			Operational
4.34	(24+11NB)	0	Type of ensemble forecast	4.6		Operational
4.34	(25+11NB)	0	Perturbation number			Operational
4.34	(26+11NB)	0	Number of forecasts in ensemble			Operational
4.34	(27+11NB)-(28+11NB)	0	Year of end of overall time interval			Operational
4.34	(29+11NB)	0	Month of end of overall time interval			Operational
4.34	(30+11NB)	0	Day of end of overall time interval			Operational
4.34	(31+11NB)	0	Hour of end of overall time interval			Operational
4.34	(32+11NB)	0	Minute of end of overall time interval			Operational
4.34	(33+11NB)	0	Second of end of overall time interval			Operational
4.34	(34+11NB)	0	n - number of time range specifications describing the time intervals used to calculate the statistically processed field			Operational
4.34	(35+11NB)-(38+11NB)	0	Total number of data values missing in statistical process			Operational
4.34	(39+11NB+12(i-1))	0	Statistical process used to calculate the processed field from the field at each time increment during the time range	4.10		Operational
4.34	(40+11NB+12(i-1))	0	Type of time increment between successive fields used in the statistical processing	4.11		Operational
4.34	(41+11NB+12(i-1))	0	Indicator of unit of time for time range over which statistical processing is done	4.4		Operational
4.34	(42+11NB+12(i-1))-(45+11NB+12(i-1))	0	Length of the time range over which statistical processing is done, in units defined by the previous octet			Operational
4.34	(46+11NB+12(i-1))	0	Indicator of unit of time for the increment between the successive fields used	4.4		Operational
4.34	(47+11NB+12(i-1))-(50+11NB+12(i-1))	0	Time increment between successive fields, in units defined by the previous octet			Operational
4.35	10	1	Parameter category	4.1		Operational
4.35	11	1	Parameter number	4.2		Operational
4.35	12	1	Type of generating process	4.3		Operational
4.35	13	1	Observation generating process identifier (defined by originating centres)			Operational
4.35	14	1	Quality value associated with parameter	4.16		Operational
4.35	15	1	Number of contributing spectral bands (NB)			Operational
4.35	(16+11(nb-1))-(17+11(nb-1))	0	Satellite series of band nb (code table defined by originating/generating centre)			Operational
4.35	(18+11(nb-1))-(19+11(nb-1))	0	Satellite numbers of band nb (code table defined by originating/generating centre)			Operational
4.35	(20+11(nb-1))-(21+11(nb-1))	0	Instrument types of band nb (code table defined by originating/generating centre)			Operational
4.35	(22+11(nb-1))	0	Scale factor of central wave number of band nb			Operational
4.35	(23+11(nb-1))-(26+11(nb-1))	0	Scaled value of central wave number of band nb (units: m-1)			Operational
4.3	10	1	Parameter category	4.1		Operational
4.3	11	1	Parameter number	4.2		Operational
4.3	12	1	Type of generating process	4.3		Operational
4.3	13	1	Background generating process identifier (defined by originating centre)			Operational
4.3	14	1	Forecast generating process identifier (defined by originating centre)			Operational
4.3	15-16	2	Hours after reference time of data cut-off			Operational
4.3	17	1	Minutes after reference time of data cut-off			Operational
4.3	18	1	Indicator of unit of time range	4.4		Operational
4.3	19-22	4	Forecast time in units defined by octet 18			Operational
4.3	23	1	Type of first fixed surface	4.5		Operational
4.3	24	1	Scale factor of first fixed surface			Operational
4.3	25-28	4	Scaled value of first fixed surface			Operational
4.3	29	1	Type of second fixed surface	4.5		Operational
4.3	30	1	Scale factor of second fixed surface			Operational
4.3	31-34	4	Scaled value of second fixed surface			Operational
4.3	35	1	Derived forecast	4.7		Operational
4.3	36	1	Number of forecasts in the ensemble (N)			Operational
4.3	37	1	Cluster identifier			Operational
4.3	38	1	Number of cluster to which the high-resolution control belongs			Operational
4.3	39	1	Number of cluster to which the low-resolution control belongs			Operational
4.3	40	1	Total number of clusters			Operational
4.3	41	1	Clustering method	4.8		Operational
4.3	42-45	4	Northern latitude of cluster domain			Operational
4.3	46-49	4	Southern latitude of cluster domain			Operational
4.3	50-53	4	Eastern longitude of cluster domain			Operational
4.3	54-57	4	Western longitude of cluster domain			Operational
4.3	58	1	Nc - number of forecasts in the cluster			Operational
4.3	59	1	Scale factor of standard deviation in the cluster			Operational
4.3	60-63	4	Scaled value of standard deviation in the cluster			Operational
4.3	64	1	Scale factor of distance of the cluster from ensemble mean			Operational
4.3	65-68	4	Scaled value of distance of the cluster from ensemble mean			Operational
4.3	69-(68+Nc)	0	List of Nc ensemble forecast numbers (Nc is given in octet 58)			Operational
4.40	10	1	Parameter category	4.1		Operational
4.40	11	1	Parameter number	4.2		Operational
4.40	12-13	2	Atmospheric chemical constituent type	4.230		Operational
4.40	14	1	Type of generating process	4.3		Operational
4.40	15	1	Background generating process identifier (defined by originating centre)			Operational
4.40	16	1	Analysis or forecast generating process identifier (defined by originating centre)			Operational
4.40	17-18	2	Hours of observational data cut-off after reference time			Operational
4.40	19	1	Minutes of observational data cut-off after reference time			Operational
4.40	20	1	Indicator of unit of time range	4.4		Operational
4.40	21-24	4	Forecast time in units defined by octet 20			Operational
4.40	25	1	Type of first fixed surface	4.5		Operational
4.40	26	1	Scale factor of first fixed surface			Operational
4.40	27-30	4	Scaled value of first fixed surface			Operational
4.40	31	1	Type of second fixed surface	4.5		Operational
4.40	32	1	Scale factor of second fixed surface			Operational
4.40	33-36	4	Scaled value of second fixed surface			Operational
4.41	10	1	Parameter category	4.1		Operational
4.41	11	1	Parameter number	4.2		Operational
4.41	12-13	2	Atmospheric chemical constituent type	4.230		Operational
4.41	14	1	Type of generating process	4.3		Operational
4.41	15	1	Background generating process identifier (defined by originating centre)			Operational
4.41	16	1	Forecast generating process identifier (defined by originating centre)			Operational
4.41	17-18	2	Hours after reference time of data cut-off			Operational
4.41	19	1	Minutes after reference time of data cut-off			Operational
4.41	20	1	Indicator of unit of time range	4.4		Operational
4.41	21-24	4	Forecast time in units defined by octet 20			Operational
4.41	25	1	Type of first fixed surface	4.5		Operational
4.41	26	1	Scale factor of first fixed surface			Operational
4.41	27-30	4	Scaled value of first fixed surface			Operational
4.41	31	1	Type of second fixed surface	4.5		Operational
4.41	32	1	Scale factor of second fixed surface			Operational
4.41	33-36	4	Scaled value of second fixed surface			Operational
4.41	37	1	Type of ensemble forecast	4.6		Operational
4.41	38	1	Perturbation number			Operational
4.41	39	1	Number of forecasts in ensemble			Operational
4.42	10	1	Parameter category	4.1		Operational
4.42	11	1	Parameter number	4.2		Operational
4.42	12-13	2	Atmospheric chemical constituent type	4.230		Operational
4.42	14	1	Type of generating process	4.3		Operational
4.42	15	1	Background generating process identifier (defined by originating centre)			Operational
4.42	16	1	Analysis or forecast generating process identifier (defined by originating centre)			Operational
4.42	17-18	2	Hours after reference time of data cut-off			Operational
4.42	19	1	Minutes after reference time of data cut-off			Operational
4.42	20	1	Indicator of unit of time range	4.4		Operational
4.42	21-24	4	Forecast time in units defined by octet 20			Operational
4.42	25	1	Type of first fixed surface	4.5		Operational
4.42	26	1	Scale factor of first fixed surface			Operational
4.42	27-30	4	Scaled value of first fixed surface			Operational
4.42	31	1	Type of second fixed surface	4.5		Operational
4.42	32	1	Scale factor of second fixed surface			Operational
4.42	33-36	4	Scaled value of second fixed surface			Operational
4.42	37-38	2	Year			Operational
4.42	39	1	Month			Operational
4.42	40	1	Day			Operational
4.42	41	1	Hour			Operational
4.42	42	1	Minute			Operational
4.42	43	1	Second			Operational
4.42	44	1	n - number of time range specifications describing the time intervals used to calculate the statistically processed field			Operational
4.42	45-48	4	Total number of data values missing in statistical process			Operational
4.42	49	1	Statistical process used to calculate the processed field from the field at each time increment during the time range	4.10		Operational
4.42	50	1	Type of time increment between successive fields used in the statistical processing	4.11		Operational
4.42	51	1	Indicator of unit of time for time range over which statistical processing is done	4.4		Operational
4.42	52-55	4	Length of the time range over which statistical processing is done, in units defined by the previous octet			Operational
4.42	56	1	Indicator of unit of time for the increment between the successive fields used	4.4		Operational
4.42	57-60	4	Time increment between successive fields, in units defined by the previous octet			Operational
4.42	61-72	12	As octets 49 to 60, next innermost step of processing			Operational
4.42	73-nn	0	Additional time range specifications, included in accordance with the value of n. Contents as octets 49 to 60, repeated as necessary			Operational
4.43	10	1	Parameter category	4.1		Operational
4.43	11	1	Parameter number	4.2		Operational
4.43	12-13	2	Atmospheric chemical constituent type	4.230		Operational
4.43	14	1	Type of generating process	4.3		Operational
4.43	15	1	Background generating process identifier (defined by originating centre)			Operational
4.43	16	1	Forecast generating process identifier (defined by originating centre)			Operational
4.43	17-18	2	Hours after reference time of data cut-off			Operational
4.43	19	1	Minutes after reference time of data cut-off			Operational
4.43	20	1	Indicator of unit of time range	4.4		Operational
4.43	21-24	4	Forecast time in units defined by octet 20			Operational
4.43	25	1	Type of first fixed surface	4.5		Operational
4.43	26	1	Scale factor of first fixed surface			Operational
4.43	27-30	4	Scaled value of first fixed surface			Operational
4.43	31	1	Type of second fixed surface	4.5		Operational
4.43	32	1	Scale factor of second fixed surface			Operational
4.43	33-36	4	Scaled value of second fixed surface			Operational
4.43	37	1	Type of ensemble forecast	4.6		Operational
4.43	38	1	Perturbation number			Operational
4.43	39	1	Number of forecasts in ensemble			Operational
4.43	40-41	2	Year of end of overall time interval			Operational
4.43	42	1	Month of end of overall time interval			Operational
4.43	43	1	Day of end of overall time interval			Operational
4.43	44	1	Hour of end of overall time interval			Operational
4.43	45	1	Minute of end of overall time interval			Operational
4.43	46	1	Second of end of overall time interval			Operational
4.43	47	1	n - number of time range specifications describing the time intervals used to calculate the statistically processed field			Operational
4.43	48-51	4	Total number of data values missing in statistical process			Operational
4.43	52	1	Statistical process used to calculate the processed field from the field at each time increment during the time range	4.10		Operational
4.43	53	1	Type of time increment between successive fields used in the statistical processing	4.11		Operational
4.43	54	1	Indicator of unit of time for time range over which statistical processing is done	4.4		Operational
4.43	55-58	4	Length of the time range over which statistical processing is done, in units defined by the previous octet			Operational
4.43	59	1	Indicator of unit of time for the increment between the successive fields used	4.4		Operational
4.43	60-63	4	Time increment between successive fields, in units defined by the previous octet			Operational
4.43	64-75	12	As octets 52 to 63, next innermost step of processing			Operational
4.43	76-nn	0	Additional time range specifications, included in accordance with the value of n. Contents as octets 52 to 63, repeated as necessary			Operational
4.44	10	1	Parameter category	4.1		Deprecated
4.44	11	1	Parameter number	4.2		Deprecated
4.44	12-13	2	Aerosol type	4.233		Deprecated
4.44	14	1	Type of interval for first and second sizes	4.91		Deprecated
4.44	15	1	Scale factor of first size			Deprecated
4.44	16-19	4	Scaled value of first size in metres			Deprecated
4.44	20	1	Scale factor of second size			Deprecated
4.44	21-24	4	Scaled value of second size in metres			Deprecated
4.44	25	1	Type of generating process	4.3		Deprecated
4.44	26	1	Background generating process identifier (defined by originating centre)			Deprecated
4.44	27	1	Analysis or forecast generating process identifier (defined by originating centre)			Deprecated
4.44	28-29	2	Hours of observational data cut-off after reference time			Deprecated
4.44	30	1	Minutes of observational data cut-off after reference time			Deprecated
4.44	31	1	Indicator of unit of time range	4.4		Deprecated
4.44	32-33	2	Forecast time in units defined by octet 31			Deprecated
4.44	34	1	Type of first fixed surface	4.5		Deprecated
4.44	35	1	Scale factor of first fixed surface			Deprecated
4.44	36-39	4	Scaled value of first fixed surface			Deprecated
4.44	40	1	Type of second fixed surface	4.5		Deprecated
4.44	41	1	Scale factor of second fixed surface			Deprecated
4.44	42-45	4	Scaled value of second fixed surface			Deprecated
4.45	10	1	Parameter category	4.1		Operational
4.45	11	1	Parameter number	4.2		Operational
4.45	12-13	2	Aerosol type	4.233		Operational
4.45	14	1	Type of interval for first and second sizes	4.91		Operational
4.45	15	1	Scale factor of first size			Operational
4.45	16-19	4	Scaled value of first size in metres			Operational
4.45	20	1	Scale factor of second size			Operational
4.45	21-24	4	Scaled value of second size in metres			Operational
4.45	25	1	Type of generating process	4.3		Operational
4.45	26	1	Background generating process identifier (defined by originating centre)			Operational
4.45	27	1	Forecast generating process identifier (defined by originating centre)			Operational
4.45	28-29	2	Hours after reference time of data cut-off			Operational
4.45	30	1	Minutes after reference time of data cut-off			Operational
4.45	31	1	Indicator of unit of time range	4.4		Operational
4.45	32-35	4	Forecast time in units defined by octet 31			Operational
4.45	36	1	Type of first fixed surface	4.5		Operational
4.45	37	1	Scale factor of first fixed surface			Operational
4.45	38-41	4	Scaled value of first fixed surface			Operational
4.45	42	1	Type of second fixed surface	4.5		Operational
4.45	43	1	Scale factor of second fixed surface			Operational
4.45	44-47	4	Scaled value of second fixed surface			Operational
4.45	48	1	Type of ensemble forecast	4.6		Operational
4.45	49	1	Perturbation number			Operational
4.45	50	1	Number of forecasts in ensemble			Operational
4.46	10	1	Parameter category	4.1		Operational
4.46	11	1	Parameter number	4.2		Operational
4.46	12-13	2	Aerosol type	4.233		Operational
4.46	14	1	Type of interval for first and second sizes	4.91		Operational
4.46	15	1	Scale factor of first size			Operational
4.46	16-19	4	Scaled value of first size in metres			Operational
4.46	20	1	Scale factor of second size			Operational
4.46	21-24	4	Scaled value of second size in metres			Operational
4.46	25	1	Type of generating process	4.3		Operational
4.46	26	1	Background generating process identifier (defined by originating centre)			Operational
4.46	27	1	Analysis or forecast generating process identifier (defined by originating centre)			Operational
4.46	28-29	2	Hours after reference time of data cut-off			Operational
4.46	30	1	Minutes after reference time of data cut-off			Operational
4.46	31	1	Indicator of unit of time range	4.4		Operational
4.46	32-35	4	Forecast time in units defined by octet 31			Operational
4.46	36	1	Type of first fixed surface	4.5		Operational
4.46	37	1	Scale factor of first fixed surface			Operational
4.46	38-41	4	Scaled value of first fixed surface			Operational
4.46	42	1	Type of second fixed surface	4.5		Operational
4.46	43	1	Scale factor of second fixed surface			Operational
4.46	44-47	4	Scaled value of second fixed surface			Operational
4.46	48-49	2	Year - Time of end of overall time interval			Operational
4.46	50	1	Month - Time of end of overall time interval			Operational
4.46	51	1	Day - Time of end of overall time interval			Operational
4.46	52	1	Hour - Time of end of overall time interval			Operational
4.46	53	1	Minute - Time of end of overall time interval			Operational
4.46	54	1	Second - Time of end of overall time interval			Operational
4.46	55	1	n - number of time range specifications describing the time intervals used to calculate the statistically processed field			Operational
4.46	56-59	4	Total number of data values missing in statistical process			Operational
4.46	60	1	Statistical process used to calculate the processed field from the field at each time increment during the time range	4.10		Operational
4.46	61	1	Type of time increment between successive fields used in the statistical processing	4.11		Operational
4.46	62	1	Indicator of unit of time for time range over which statistical processing is done	4.4		Operational
4.46	63-66	4	Length of the time range over which statistical processing is done, in units defined by the previous octet			Operational
4.46	67	1	Indicator of unit of time for the increment between the successive fields used	4.4		Operational
4.46	68-71	4	Time increment between successive fields, in units defined by the previous octet			Operational
4.46	72-83	12	As octets 60 to 71, next innermost step of processing			Operational
4.46	84-nn	0	Additional time range specifications, included in accordance with the value of n. Contents as octets 60 to 71, repeated as necessary			Operational
4.47	10	1	Parameter category	4.1		Operational
4.47	11	1	Parameter number	4.2		Operational
4.47	12	1	Type of generating process	4.3		Operational
4.47	13-14	2	Aerosol type	4.233		Operational
4.47	15	1	Type of interval for first and second sizes	4.91		Operational
4.47	16	1	Scale factor of first size			Operational
4.47	17-20	4	Scaled value of first size in metres			Operational
4.47	21	1	Scale factor of second size			Operational
4.47	22-25	4	Scaled value of second size in metres			Operational
4.47	26	1	Background generating process identifier (defined by originating centre)			Operational
4.47	27	1	Forecast generating process identifier (defined by originating centre)			Operational
4.47	28-29	2	Hours after reference time of data cut-off			Operational
4.47	30	1	Minutes after reference time of data cut-off			Operational
4.47	31	1	Indicator of unit of time range	4.4		Operational
4.47	32-35	4	Forecast time in units defined by octet 31			Operational
4.47	36	1	Type of first fixed surface	4.5		Operational
4.47	37	1	Scale factor of first fixed surface			Operational
4.47	38-41	4	Scaled value of first fixed surface			Operational
4.47	42	1	Type of second fixed surface	4.5		Operational
4.47	43	1	Scale factor of second fixed surface			Operational
4.47	44-47	4	Scaled value of second fixed surface			Operational
4.47	48	1	Type of ensemble forecast	4.6		Operational
4.47	49	1	Perturbation number			Operational
4.47	50	1	Number of forecasts in ensemble			Operational
4.47	51-52	2	Year of end of overall time interval			Operational
4.47	53	1	Month of end of overall time interval			Operational
4.47	54	1	Day of end of overall time interval			Operational
4.47	55	1	Hour of end of overall time interval			Operational
4.47	56	1	Minute of end of overall time interval			Operational
4.47	57	1	Second of end of overall time interval			Operational
4.47	58	1	n - number of time range specifications describing the time intervals used to calculate the statistically processed field			Operational
4.47	59-62	4	Total number of data values missing in statistical process			Operational
4.47	63	1	Statistical process used to calculate the processed field from the field at each time increment during the time range	4.10		Operational
4.47	64	1	Type of time increment between successive fields used in the statistical processing	4.11		Operational
4.47	65	1	Indicator of unit of time for time range over which statistical processing is done	4.4		Operational
4.47	66-69	4	Length of the time range over which statistical processing is done, in units defined by the previous octet			Operational
4.47	70	1	Indicator of unit of time for the increment between the successive fields used	4.4		Operational
4.47	71-74	4	Time increment between successive fields, in units defined by the previous octet			Operational
4.47	75-86	12	As octets 63 to 74, next innermost step of processing			Operational
4.47	87-nn	0	Additional time range specifications, included in accordance with the value of n. Contents as octets 63 to 74, repeated as necessary			Operational
4.48	10	1	Parameter category	4.1		Operational
4.48	11	1	Parameter number	4.2		Operational
4.48	12-13	2	Aerosol type	CCT-14		Operational
4.48	14	1	Type of interval for first and second size	4.91		Operational
4.48	15	1	Scale factor of first size			Operational
4.48	16-19	4	Scaled value of first size in metres			Operational
4.48	20	1	Scale factor of second size			Operational
4.48	21-24	4	Scaled value of second size in metres			Operational
4.48	25	1	Type of interval for first and second wavelength	4.91		Operational
4.48	26	1	Scale factor of first wavelength			Operational
4.48	27-30	4	Scaled value of first wavelength in metres			Operational
4.48	31	1	Scale factor of second wavelength			Operational
4.48	32-35	4	Scaled value of second wavelength in metres			Operational
4.48	36	1	Type of generating process	4.3		Operational
4.48	37	1	Background generating process identifier (defined by originating centre)			Operational
4.48	38	1	Analysis or forecast generating process identifier (defined by originating centre)			Operational
4.48	39-40	2	Hours of observational data cut-off after reference time			Operational
4.48	41	1	Minutes of observational data cut-off after reference time			Operational
4.48	42	1	Indicator of unit of time range	4.4		Operational
4.48	43-46	4	Forecast time in units defined by octet 42			Operational
4.48	47	1	Type of first fixed surface	4.5		Operational
4.48	48	1	Scale factor of first fixed surface			Operational
4.48	49-52	4	Scaled value of first fixed surface			Operational
4.48	53	1	Type of second fixed surface	4.5		Operational
4.48	54	1	Scale factor of second fixed surface			Operational
4.48	55-58	4	Scaled value of second fixed surface			Operational
4.49	10	1	Parameter category	4.1		Operational
4.49	11	1	Parameter number	4.2		Operational
4.49	12-13	2	Aerosol type	CCT-14		Operational
4.49	14	1	Type of interval for first and second size	4.91		Operational
4.49	15	1	Scale factor of first size			Operational
4.49	16-19	4	Scaled value of first size in metres			Operational
4.49	20	1	Scale factor of second size			Operational
4.49	21-24	4	Scaled value of second size in metres			Operational
4.49	25	1	Type of interval for first and second wavelength	4.91		Operational
4.49	26	1	Scale factor of first wavelength			Operational
4.49	27-30	4	Scaled value of first wavelength in metres			Operational
4.49	31	1	Scale factor of second wavelength			Operational
4.49	32-35	4	Scaled value of second wavelength in metres			Operational
4.49	36	1	Type of generating process	4.3		Operational
4.49	37	1	Background generating process identifier (defined by originating centre)			Operational
4.49	38	1	Analysis or forecast generating process identifier (defined by originating centre)			Operational
4.49	39-40	2	Hours of observational data cut-off after reference time			Operational
4.49	41	1	Minutes of observational data cut-off after reference time			Operational
4.49	42	1	Indicator of unit of time range	4.4		Operational
4.49	43-46	4	Forecast time in units defined by octet 42			Operational
4.49	47	1	Type of first fixed surface	4.5		Operational
4.49	48	1	Scale factor of first fixed surface			Operational
4.49	49-52	4	Scaled value of first fixed surface			Operational
4.49	53	1	Type of second fixed surface	4.5		Operational
4.49	54	1	Scale factor of second fixed surface			Operational
4.49	55-58	4	Scaled value of second fixed surface			Operational
4.49	59	1	Type of ensemble forecast	4.6		Operational
4.49	60	1	Perturbation number			Operational
4.49	61	1	Number of forecasts in ensemble			Operational
4.4	10	1	Parameter category	4.1		Operational
4.4	11	1	Parameter number	4.2		Operational
4.4	12	1	Type of generating process	4.3		Operational
4.4	13	1	Background generating process identifier (defined by originating centre)			Operational
4.4	14	1	Forecast generating process identifier (defined by originating centre)			Operational
4.4	15-16	2	Hours after reference time of data cut-off			Operational
4.4	17	1	Minutes after reference time of data cut-off			Operational
4.4	18	1	Indicator of unit of time range	4.4		Operational
4.4	19-22	4	Forecast time in units defined by octet 18			Operational
4.4	23	1	Type of first fixed surface	4.5		Operational
4.4	24	1	Scale factor of first fixed surface			Operational
4.4	25-28	4	Scaled value of first fixed surface			Operational
4.4	29	1	Type of second fixed surface	4.5		Operational
4.4	30	1	Scale factor of second fixed surface			Operational
4.4	31-34	4	Scaled value of second fixed surface			Operational
4.4	35	1	Derived forecast	4.7		Operational
4.4	36	1	Number of forecasts in the ensemble (N)			Operational
4.4	37	1	Cluster identifier			Operational
4.4	38	1	Number of cluster to which the high-resolution control belongs			Operational
4.4	39	1	Number of cluster to which the low-resolution control belongs			Operational
4.4	40	1	Total number of clusters			Operational
4.4	41	1	Clustering method	4.8		Operational
4.4	42-45	4	Latitude of central point in cluster domain			Operational
4.4	46-49	4	Longitude of central point in cluster domain			Operational
4.4	50-53	4	Radius of cluster domain			Operational
4.4	54	1	Nc - number of forecasts in the cluster			Operational
4.4	55	1	Scale factor of standard deviation in the cluster			Operational
4.4	56-59	4	Scaled value of standard deviation in the cluster			Operational
4.4	60	1	Scale factor of distance of the cluster from ensemble mean			Operational
4.4	61-64	4	Scaled value of distance of the cluster from ensemble mean			Operational
4.4	65-(64+Nc)	0	List of Nc ensemble forecast numbers (Nc is given in octet 54)			Operational
4.50	10	1	Parameter category	4.1		Operational
4.50	11	1	Parameter number	4.2		Operational
4.50	12-13	2	Aerosol type	4.233		Operational
4.50	14	1	Type of interval for first and second sizes	4.91		Operational
4.50	15	1	Scale factor of first size			Operational
4.50	16-19	4	Scaled value of first size in metres			Operational
4.50	20	1	Scale factor of second size			Operational
4.50	21-24	4	Scaled value of second size in metres			Operational
4.50	25	1	Type of generating process	4.3		Operational
4.50	26	1	Background generating process identifier (defined by originating centre)			Operational
4.50	27	1	Analysis or forecast generating process identifier (defined by originating centre)			Operational
4.50	28-29	2	Hours of observational data cut-off after reference time			Operational
4.50	30	1	Minutes of observational data cut-off after reference time			Operational
4.50	31	1	Indicator of unit of time range	4.4		Operational
4.50	32-35	4	Forecast time in units defined by octet 31			Operational
4.50	36	1	Type of first fixed surface	4.5		Operational
4.50	37	1	Scale factor of first fixed surface			Operational
4.50	38-41	4	Scaled value of first fixed surface			Operational
4.50	42	1	Type of second fixed surface	4.5		Operational
4.50	43	1	Scale factor of second fixed surface			Operational
4.50	44-47	4	Scaled value of second fixed surface			Operational
4.51	10	1	Parameter category	4.1		Operational
4.51	11	1	Parameter number	4.2		Operational
4.51	12	1	Type of generating process	4.3		Operational
4.51	13	1	Background generating process identifier (defined by originating centre)			Operational
4.51	14	1	Forecast generating process identifier (defined by originating centre)			Operational
4.51	15-16	2	Hours after reference time of data cut-off			Operational
4.51	17	1	Minutes after reference time of data cut-off			Operational
4.51	18	1	Indicator of unit of time range	4.4		Operational
4.51	19-22	4	Forecast time in units defined by octet 18			Operational
4.51	23	1	Type of first fixed surface	4.5		Operational
4.51	24	1	Scale factor of first fixed surface			Operational
4.51	25-28	4	Scaled value of first fixed surface			Operational
4.51	29	1	Type of second fixed surface	4.5		Operational
4.51	30	1	Scale factor of second fixed surface			Operational
4.51	31-34	4	Scaled value of second fixed surface			Operational
4.51	35	1	NC - number of categories			Operational
4.51	(36+12(i-1))	0	Code figure			Operational
4.51	(37+12(i-1))	0	Type of interval for first and second limits	4.91		Operational
4.51	(38+12(i-1))	0	Scale factor of first limit			Operational
4.51	(39+12(i-1))-(42+12(i-1))	0	Scaled value of first limit			Operational
4.51	(43+12(i-1))	0	Scale factor of second limit			Operational
4.51	(44+12(i-1))-(47+12(i-1))	0	Scaled value of second limit			Operational
4.53	10	1	Parameter category	4.1		Operational
4.53	11	1	Parameter number	4.2		Operational
4.53	12	1	Partition Table Number (PTN)			Operational
4.53	13	1	Number of Partitions (NP)			Operational
4.53	14-(14+2NP-1)	0	Partition set (list all partition numbers in the partition)	4.PTN		Operational
4.53	(14+2NP)-(15+2NP)	0	Partition number (PN)	4.PTN		Operational
4.53	(16+2NP)	0	Type of generating process	4.3		Operational
4.53	(17+2NP)	0	Background generating process identifier (defined by originating centre)			Operational
4.53	(18+2NP)	0	Analysis or forecast generating process identifier (defined by originating centre)			Operational
4.53	(19+2NP)-(20+2NP)	0	Hours of observational data cut-off after reference time			Operational
4.53	(21+2NP)	0	Minutes of observational data cut-off after reference time			Operational
4.53	(22+2NP)	0	Indicator of unit of time range	4.4		Operational
4.53	(23+2NP)-(26+2NP)	0	Forecast time in units defined by previous octet			Operational
4.53	(27+2NP)	0	Type of first fixed surface	4.5		Operational
4.53	(28+2NP)	0	Scale factor of first fixed surface			Operational
4.53	(29+2NP)-(32+2NP)	0	Scaled value of first fixed surface			Operational
4.53	(33+2NP)	0	Type of second fixed surface	4.5		Operational
4.53	(34+2NP)	0	Scale factor of second fixed surface			Operational
4.53	(35+2NP)-(38+2NP)	0	Scaled value of second fixed surface			Operational
4.54	10	1	Parameter category	4.1		Operational
4.54	11	1	Parameter number	4.2		Operational
4.54	12	1	Partition Table Number (PTN)			Operational
4.54	13	1	Number of Partitions (NP)			Operational
4.54	14-(14+2NP-1)	0	Partition set (list all partition numbers in the partition)	4.PTN		Operational
4.54	(14+2NP)-(15+2NP)	0	Partition number (PN)	4.PTN		Operational
4.54	(16+2NP)	0	Type of generating process	4.3		Operational
4.54	(17+2NP)	0	Background generating process identifier (defined by originating centre)			Operational
4.54	(18+2NP)	0	Analysis or forecast generating process identifier (defined by originating centre)			Operational
4.54	(19+2NP)-(20+2NP)	0	Hours of observational data cut-off after reference time			Operational
4.54	(21+2NP)	0	Minutes of observational data cut-off after reference time			Operational
4.54	(22+2NP)	0	Indicator of unit of time range	4.4		Operational
4.54	(23+2NP)-(26+2NP)	0	Forecast time in units defined by octet (22+2NP)			Operational
4.54	(27+2NP)	0	Type of first fixed surface	4.5		Operational
4.54	(28+2NP)	0	Scale factor of first fixed surface			Operational
4.54	(29+2NP)-(32+2NP)	0	Scaled value of first fixed surface			Operational
4.54	(33+2NP)	0	Type of second fixed surface	4.5		Operational
4.54	(34+2NP)	0	Scale factor of second fixed surface			Operational
4.54	(35+2NP)-(38+2NP)	0	Scaled value of second fixed surface			Operational
4.54	(39+2NP)	0	Type of ensemble forecast	4.6		Operational
4.54	(40+2NP)	0	Perturbation number			Operational
4.54	(41+2NP)	0	Number of forecasts in ensemble			Operational
4.55	10	1	Parameter category	4.1		Operational
4.55	11	1	Parameter number	4.2		Operational
4.55	12	1	Tile classification	4.242		Operational
4.55	13	1	Total number (NT) of tile/attribute pairs			Operational
4.55	14	1	Number of used spatial tiles (NUT)			Operational
4.55	15	1	Tile index (ITN = {1,…, NUT})			Operational
4.55	16	1	Number of used tile attributes (NAT) for tile ITN			Operational
4.55	17	1	Attribute of tile (A = {A(1),…, A(NAT(ITN))})	4.241		Operational
4.55	18	1	Type of generating process	4.3		Operational
4.55	19	1	Background generating process identifier (defined by originating centre)			Operational
4.55	20	1	Analysis or forecast generating process identifier (defined by originating centre)			Operational
4.55	21-22	2	Hours of observational data cut-off after reference time			Operational
4.55	23	1	Minutes of observational data cut-off after reference time			Operational
4.55	24	1	Indicator of unit of time range	4.4		Operational
4.55	25-28	4	Forecast time in units defined by octet 24			Operational
4.55	29	1	Type of first fixed surface	4.5		Operational
4.55	30	1	Scale factor of first fixed surface			Operational
4.55	31-34	4	Scaled value of first fixed surface			Operational
4.55	35	1	Type of second fixed surface	4.5		Operational
4.55	36	1	Scale factor of second fixed surface			Operational
4.55	37-40	4	Scaled value of second fixed surface			Operational
4.56	10	1	Parameter category	4.1		Deprecated
4.56	11	1	Parameter number	4.2		Deprecated
4.56	12	1	Tile classification	4.242		Deprecated
4.56	13	1	Total number (NT) of tile/attribute pairs			Deprecated
4.56	14	1	Number of used spatial tiles (NUT)			Deprecated
4.56	15	1	Tile index (ITN = {1,…, NUT})			Deprecated
4.56	16	1	Number of used tile attributes (NAT) for tile ITN			Deprecated
4.56	17	1	Attribute of tile (A = {A(1),…, A(NAT(ITN))})	4.241		Deprecated
4.56	18	1	Type of generating process	4.3		Deprecated
4.56	19	1	Background generating process identifier (defined by originating centre)			Deprecated
4.56	20	1	Analysis or forecast generating process identifier (defined by originating centre)			Deprecated
4.56	21-22	2	Hours of observational data cut-off after reference time			Deprecated
4.56	23	1	Minutes of observational data cut-off after reference time			Deprecated
4.56	24	1	Indicator of unit of time range	4.4		Deprecated
4.56	25-28	4	Forecast time in units defined by octet 24			Deprecated
4.56	29	1	Type of first fixed surface	4.5		Deprecated
4.56	30	1	Scale factor of first fixed surface			Deprecated
4.56	31-34	4	Scaled value of first fixed surface			Deprecated
4.56	35	1	Type of second fixed surface	4.5		Deprecated
4.56	36	1	Scale factor of second fixed surface			Deprecated
4.56	37-40	4	Scaled value of second fixed surface			Deprecated
4.56	41	1	Perturbation number			Deprecated
4.56	42	1	Number of forecasts in ensemble			Deprecated
4.57	10	1	Parameter category	4.1		Operational
4.57	11	1	Parameter number	4.2		Operational
4.57	12-13	2	Atmospheric chemical constituent type	4.230		Operational
4.57	14-15	2	Number of modes (N) of distribution			Operational
4.57	16-17	2	Mode number (l)			Operational
4.57	18-19	2	Type of distribution function	4.240		Operational
4.57	20	1	Number of following function parameters (Np), defined by type given in octets 18-19 (Type of distribution function)			Operational
4.57	21+5(n-1)	0	List of scale factor of fixed distribution function parameter (p1-pNp), defined by type of distribution in octets 18-19			Operational
4.57	(22+5(n-1))-(25+5(n-1))	0	List of scaled value of fixed distribution function parameter (p1-pNp), defined by type of distribution in octets 18-19			Operational
4.57	21+5Np	0	Type of generating process	4.3		Operational
4.57	22+5Np	0	Background generating process identifier (defined by originating centre)			Operational
4.57	23+5Np	0	Analysis or forecast generating process identifier (defined by originating centre)			Operational
4.57	(24+5Np)-(25+5Np)	0	Hours of observational data cut-off after reference time			Operational
4.57	26+5Np	0	Minutes of observational data cut-off after reference time			Operational
4.57	27+5Np	0	Indicator of unit of time range	4.4		Operational
4.57	(28+5Np)-(31+5Np)	0	Forecast time in units defined by the previous octet			Operational
4.57	32+5Np	0	Type of first fixed surface	4.5		Operational
4.57	33+5Np	0	Scale factor of first fixed surface			Operational
4.57	(34+5Np)-(37+5Np)	0	Scaled value of first fixed surface			Operational
4.57	38+5Np	0	Type of second fixed surface	4.5		Operational
4.57	39+5Np	0	Scale factor of second fixed surface			Operational
4.57	(40+5Np)-(43+5Np)	0	Scaled value of second fixed surface			Operational
4.58	10	1	Parameter category	4.1		Operational
4.58	11	1	Parameter number	4.2		Operational
4.58	12-13	2	Atmospheric chemical constituent type	4.230		Operational
4.58	14-15	2	Number of modes (N) of distribution			Operational
4.58	16-17	2	Mode number (l)			Operational
4.58	18-19	2	Type of distribution function	4.240		Operational
4.58	20	1	Number of following function parameters (Np), defined by type given in octets 18-19 (Type of distribution function)			Operational
4.58	21+5(n-1)	0	List of scale factor of fixed distribution function parameter (p1-pNp), defined by type of distribution in octets 18-19			Operational
4.58	(22+5(n-1))-(25+5(n-1))	0	List of scaled value of fixed distribution function parameter (p1-pNp), defined by type of distribution in octets 18-19			Operational
4.58	21+5Np	0	Type of generating process	4.3		Operational
4.58	22+5Np	0	Background generating process identifier (defined by originating centre)			Operational
4.58	23+5Np	0	Analysis or forecast generating process identifier (defined by originating centre)			Operational
4.58	(24+5Np)-(25+5Np)	0	Hours of observational data cut-off after reference time			Operational
4.58	26+5Np	0	Minutes of observational data cut-off after reference time			Operational
4.58	27+5Np	0	Indicator of unit of time range	4.4		Operational
4.58	(28+5Np)-(31+5Np)	0	Forecast time in units defined by the previous octet			Operational
4.58	32+5Np	0	Type of first fixed surface	4.5		Operational
4.58	33+5Np	0	Scale factor of first fixed surface			Operational
4.58	(34+5Np)-(37+5Np)	0	Scaled value of first fixed surface			Operational
4.58	38+5Np	0	Type of second fixed surface	4.5		Operational
4.58	39+5Np	0	Scale factor of second fixed surface			Operational
4.58	(40+5Np)-(43+5Np)	0	Scaled value of second fixed surface			Operational
4.58	44+5Np	0	Type of ensemble forecast	4.6		Operational
4.58	45+5Np	0	Perturbation number			Operational
4.58	46+5Np	0	Number of forecasts in ensemble			Operational
4.59	10	1	Parameter category	4.1		Operational
4.59	11	1	Parameter number	4.2		Operational
4.59	12	1	Tile classification	4.242		Operational
4.59	13	1	Total number (NT) of tile/attribute pairs			Operational
4.59	14	1	Number of used spatial tiles (NUT)			Operational
4.59	15	1	Tile index (ITN = {1,…, NUT})			Operational
4.59	16	1	Number of used tile attributes (NAT) for tile ITN			Operational
4.59	17	1	Attribute of tile (see Code table 4.241)) (A = {A(1),…, A(NAT(ITN))})	4.241		Operational
4.59	18	1	Type of generating process	4.3		Operational
4.59	19	1	Background generating process identifier (defined by originating centre)			Operational
4.59	20	1	Analysis or forecast generating process identifier (defined by originating centre)			Operational
4.59	21-22	2	Hours of observational data cut-off after reference time			Operational
4.59	23	1	Minutes of observational data cut-off after reference time			Operational
4.59	24	1	Indicator of unit of time range	4.4		Operational
4.59	25-28	4	Forecast time in units defined by octet 24			Operational
4.59	29	1	Type of first fixed surface	4.5		Operational
4.59	30	1	Scale factor of first fixed surface			Operational
4.59	31-34	4	Scaled value of first fixed surface			Operational
4.59	35	1	Type of second fixed surface	4.5		Operational
4.59	36	1	Scale factor of second fixed surface			Operational
4.59	37-40	4	Scaled value of second fixed surface			Operational
4.59	41	1	Type of ensemble forecast	4.6		Operational
4.59	42	1	Perturbation number			Operational
4.59	43	1	Number of forecasts in ensemble			Operational
4.5	10	1	Parameter category	4.1		Operational
4.5	11	1	Parameter number	4.2		Operational
4.5	12	1	Type of generating process	4.3		Operational
4.5	13	1	Background generating process identifier (defined by originating centre)			Operational
4.5	14	1	Forecast generating process identifier (defined by originating centre)			Operational
4.5	15-16	2	Hours after reference time of data cut-off			Operational
4.5	17	1	Minutes after reference time of data cut-off			Operational
4.5	18	1	Indicator of unit of time range	4.4		Operational
4.5	19-22	4	Forecast time in units defined by octet 18			Operational
4.5	23	1	Type of first fixed surface	4.5		Operational
4.5	24	1	Scale factor of first fixed surface			Operational
4.5	25-28	4	Scaled value of first fixed surface			Operational
4.5	29	1	Type of second fixed surface	4.5		Operational
4.5	30	1	Scale factor of second fixed surface			Operational
4.5	31-34	4	Scaled value of second fixed surface			Operational
4.5	35	1	Forecast probability number			Operational
4.5	36	1	Total number of forecast probabilities			Operational
4.5	37	1	Probability type	4.9		Operational
4.5	38	1	Scale factor of lower limit			Operational
4.5	39-42	4	Scaled value of lower limit			Operational
4.5	43	1	Scale factor of upper limit			Operational
4.5	44-47	4	Scaled value of upper limit			Operational
4.60	10	1	Parameter category	4.1		Operational
4.60	11	1	Parameter number	4.2		Operational
4.60	12	1	Type of generating process	4.3		Operational
4.60	13	1	Background generating process identifier (defined by originating centre)			Operational
4.60	14	1	Analysis or forecast generating process identifier (defined by originating centre)			Operational
4.60	15-16	2	Hours of observational data cut-off after reference time			Operational
4.60	17	1	Minutes of observational data cut-off after reference time			Operational
4.60	18	1	Indicator of unit of time range	4.4		Operational
4.60	19-22	4	Forecast time in units defined by octet 18			Operational
4.60	23	1	Type of first fixed surface	4.5		Operational
4.60	24	1	Scale factor of first fixed surface			Operational
4.60	25-28	4	Scaled value of first fixed surface			Operational
4.60	29	1	Type of second fixed surface	4.5		Operational
4.60	30	1	Scale factor of second fixed surface			Operational
4.60	31-34	4	Scaled value of second fixed surface			Operational
4.60	35	1	Type of ensemble forecast	4.6		Operational
4.60	36	1	Perturbation number			Operational
4.60	37	1	Number of forecasts in ensemble			Operational
4.60	38-39	2	Year of model version date			Operational
4.60	40	1	Month of model version date			Operational
4.60	41	1	Day of model version date			Operational
4.60	42	1	Hour of model version date			Operational
4.60	43	1	Minute of model version date			Operational
4.60	44	1	Second of model version date			Operational
4.61	10	1	Parameter category	4.1		Operational
4.61	11	1	Parameter number	4.2		Operational
4.61	12	1	Type of generating process	4.3		Operational
4.61	13	1	Background generating process identifier (defined by originating centre)			Operational
4.61	14	1	Forecast generating process identifier (defined by originating centre)			Operational
4.61	15-16	2	Hours after reference time of data cut-off			Operational
4.61	17	1	Minutes after reference time of data cut-off			Operational
4.61	18	1	Indicator of unit of time range	4.4		Operational
4.61	19-22	4	Forecast time in units defined by octet 18			Operational
4.61	23	1	Type of first fixed surface	4.5		Operational
4.61	24	1	Scale factor of first fixed surface			Operational
4.61	25-28	4	Scaled value of first fixed surface			Operational
4.61	29	1	Type of second fixed surface	4.5		Operational
4.61	30	1	Scale factor of second fixed surface			Operational
4.61	31-34	4	Scaled value of second fixed surface			Operational
4.61	35	1	Type of ensemble forecast	4.6		Operational
4.61	36	1	Perturbation number			Operational
4.61	37	1	Number of forecasts in ensemble			Operational
4.61	38-39	2	Year of model version date			Operational
4.61	40	1	Month of model version date			Operational
4.61	41	1	Day of model version date			Operational
4.61	42	1	Hour of model version date			Operational
4.61	43	1	Minute of model version date			Operational
4.61	44	1	Second of model version date			Operational
4.61	45-46	2	Year of end of overall time interval			Operational
4.61	47	1	Month of end of overall time interval			Operational
4.61	48	1	Day of end of overall time interval			Operational
4.61	49	1	Hour of end of overall time interval			Operational
4.61	50	1	Minute of end of overall time interval			Operational
4.61	51	1	Second of end of overall time interval			Operational
4.61	52	1	n - number of time range specifications describing the time intervals used to calculate the statistically processed field			Operational
4.61	53-56	4	Total number of data values missing in statistical process			Operational
4.61	57	1	Statistical process used to calculate the processed field from the field at each time increment during the time range	4.10		Operational
4.61	58	1	Type of time increment between successive fields used in the statistical processing	4.11		Operational
4.61	59	1	Indicator of unit of time for time range over which statistical processing is done	4.4		Operational
4.61	60-63	4	Length of the time range over which statistical processing is done, in units defined by the previous octet			Operational
4.61	64	1	Indicator of unit of time for the increment between the successive fields used	4.4		Operational
4.61	65-68	4	Time increment between successive fields, in units defined by the previous octet			Operational
4.61	69-80	12	As octets 57 to 68, next innermost step of processing			Operational
4.61	81-nn	0	Additional time range specifications, included in accordance with the value of n. Contents as octets 57 to 68, repeated as necessary			Operational
4.62	10	1	Parameter category	4.1		Operational
4.62	11	1	Parameter number	4.2		Operational
4.62	12	1	Tile classification	4.242		Operational
4.62	13	1	Total number (NT) of tile/attribute pairs			Operational
4.62	14	1	Number of used spatial tiles (NUT)			Operational
4.62	15	1	Tile index (ITN = {1,…, NUT})			Operational
4.62	16	1	Number of used tile attributes (NAT) for tile ITN			Operational
4.62	17	1	Attribute of tile (A = {A(1),…, A(NAT(ITN))})	4.241		Operational
4.62	18	1	Type of generating process	4.3		Operational
4.62	19	1	Background generating process identifier (defined by originating centre)			Operational
4.62	20	1	Analysis or forecast generating process identifier (defined by originating centre)			Operational
4.62	21-22	2	Hours of observational data cut-off after reference time			Operational
4.62	23	1	Minutes of observational data cut-off after reference time			Operational
4.62	24	1	Indicator of unit of time range	4.4		Operational
4.62	25-28	4	Forecast time in units defined by octet 24			Operational
4.62	29	1	Type of first fixed surface	4.5		Operational
4.62	30	1	Scale factor of first fixed surface			Operational
4.62	31-34	4	Scaled value of first fixed surface			Operational
4.62	35	1	Type of second fixed surface	4.5		Operational
4.62	36	1	Scale factor of second fixed surface			Operational
4.62	37-40	4	Scaled value of second fixed surface			Operational
4.62	41-42	2	Year - Time of end of overall time interval			Operational
4.62	43	1	Month - Time of end of overall time interval			Operational
4.62	44	1	Day - Time of end of overall time interval			Operational
4.62	45	1	Hour - Time of end of overall time interval			Operational
4.62	46	1	Minute - Time of end of overall time interval			Operational
4.62	47	1	Second - Time of end of overall time interval			Operational
4.62	48	1	n - number of time range specifications describing the time intervals used to calculate the statistically processed field			Operational
4.62	49-52	4	Total number of data values missing in statistical process			Operational
4.62	53	1	Statistical process used to calculate the processed field from the field at each time increment during the time range	4.10		Operational
4.62	54	1	Type of time increment between successive fields used in the statistical processing	4.11		Operational
4.62	55	1	Indicator of unit of time for time range over which statistical processing is done	4.4		Operational
4.62	56-59	4	Length of the time range over which statistical processing is done, in units defined by the previous octet			Operational
4.62	60	1	Indicator of unit of time for the increment between the successive fields used	4.4		Operational
4.62	61-64	4	Time increment between successive fields, in units defined by the previous octet			Operational
4.62	65-76	12	As octets 53 to 64, next innermost step of processing			Operational
4.62	77-nn	0	Additional time range specifications, included in accordance with the value of n. Contents as octets 53 to 64, repeated as necessary			Operational
4.63	10	1	Parameter category	4.1		Operational
4.63	11	1	Parameter number	4.2		Operational
4.63	12	1	Tile classification	4.242		Operational
4.63	13	1	Total number (NT) of tile/attribute pairs			Operational
4.63	14	1	Number of used spatial tiles (NUT)			Operational
4.63	15	1	Tile index (ITN = {1,…, NUT})			Operational
4.63	16	1	Number of used tile attributes (NAT) for tile ITN			Operational
4.63	17	1	Attribute of tile (A = {A(1),…, A(NAT(ITN))})	4.241		Operational
4.63	18	1	Type of generating process	4.3		Operational
4.63	19	1	Background generating process identifier (defined by originating centre)			Operational
4.63	20	1	Analysis or forecast generating process identifier (defined by originating centre)			Operational
4.63	21-22	2	Hours of observational data cut-off after reference time			Operational
4.63	23	1	Minutes of observational data cut-off after reference time			Operational
4.63	24	1	Indicator of unit of time range	4.4		Operational
4.63	25-28	4	Forecast time in units defined by octet 24			Operational
4.63	29	1	Type of first fixed surface	4.5		Operational
4.63	30	1	Scale factor of first fixed surface			Operational
4.63	31-34	4	Scaled value of first fixed surface			Operational
4.63	35	1	Type of second fixed surface	4.5		Operational
4.63	36	1	Scale factor of second fixed surface			Operational
4.63	37-40	4	Scaled value of second fixed surface			Operational
4.63	41	1	Type of ensemble forecast	4.6		Operational
4.63	42	1	Perturbation number			Operational
4.63	43	1	Number of forecasts in ensemble			Operational
4.63	44-45	2	Year - Time of end of overall time interval			Operational
4.63	46	1	Month - Time of end of overall time interval			Operational
4.63	47	1	Day - Time of end of overall time interval			Operational
4.63	48	1	Hour - Time of end of overall time interval			Operational
4.63	49	1	Minute - Time of end of overall time interval			Operational
4.63	50	1	Second - Time of end of overall time interval			Operational
4.63	51	1	n - number of time range specifications describing the time intervals used to calculate the statistically processed field			Operational
4.63	52-55	4	Total number of data values missing in statistical process			Operational
4.63	56	1	Statistical process used to calculate the processed field from the field at each time increment during the time range	4.10		Operational
4.63	57	1	Type of time increment between successive fields used in the statistical processing	4.11		Operational
4.63	58	1	Indicator of unit of time for time range over which statistical processing is done	4.4		Operational
4.63	59-62	4	Length of the time range over which statistical processing is done, in units defined by the previous octet			Operational
4.63	63	1	Indicator of unit of time for the increment between the successive fields used	4.4		Operational
4.63	64-67	4	Time increment between successive fields, in units defined by the previous octet			Operational
4.63	68-79	12	As octets 56 to 67, next innermost step of processing			Operational
4.63	80-nn	0	80-nn Additional time range specifications, included in accordance with the value of n. Contents as octets 56 to 67, repeated as necessary			Operational
4.67	10	1	Parameter category	4.1		Operational
4.67	11	1	Parameter number	4.2		Operational
4.67	12-13	2	Atmospheric chemical constituent type	4.230		Operational
4.67	14-15	2	Number of modes (N) of distribution			Operational
4.67	16-17	2	Mode number (l)			Operational
4.67	18-19	2	Type of distribution function	4.240		Operational
4.67	20	1	Number of following function parameters (Np), defined by type given in octets 18-19 (Type of distribution function)			Operational
4.67	21+5(n-1)	0	List of scale factor of fixed distribution function parameter (p1-pNp), defined by type of distribution in octets 18-19			Operational
4.67	(22+5(n-1))-(25+5(n-1))	0	List of scaled value of fixed distribution function parameter (p1-pNp), defined by type of distribution in octets 18-19			Operational
4.67	21+5Np	0	Type of generating process	4.3		Operational
4.67	22+5Np	0	Background generating process identifier (defined by originating centre)			Operational
4.67	23+5Np	0	Analysis or forecast generating process identifier (defined by originating centre)			Operational
4.67	(24+5Np)-(25+5Np)	0	Hours of observational data cut-off after reference time			Operational
4.67	26+5Np	0	Minutes of observational data cut-off after reference time			Operational
4.67	27+5Np	0	Indicator of unit of time range	4.4		Operational
4.67	(28+5Np)-(31+5Np)	0	Forecast time in units defined by the previous octet			Operational
4.67	32+5Np	0	Type of first fixed surface	4.5		Operational
4.67	33+5Np	0	Scale factor of first fixed surface			Operational
4.67	(34+5Np)-(37+5Np)	0	Scaled value of first fixed surface			Operational
4.67	38+5Np	0	Type of second fixed surface	4.5		Operational
4.67	39+5Np	0	Scale factor of second fixed surface			Operational
4.67	(40+5Np)-(43+5Np)	0	Scaled value of second fixed surface			Operational
4.67	(44+5Np)-(45+5Np)	0	Year - Time of end of overall time interval			Operational
4.67	(46+5Np)	0	Month - Time of end of overall time interval			Operational
4.67	(47+5Np)	0	Day - Time of end of overall time interval			Operational
4.67	(48+5Np)	0	Hour - Time of end of overall time interval			Operational
4.67	(49+5Np)	0	Minute - Time of end of overall time interval			Operational
4.67	(50+5Np)	0	Second - Time of end of overall time interval			Operational
4.67	(51+5Np)	0	n - number of time range specifications describing the time intervals used to calculate the statistically processed field			Operational
4.67	(52+5Np)-(55+5Np)	0	Total number of data values missing in statistical process			Operational
4.67	(56+5Np)	0	Statistical process used to calculate the processed field from the field at each time increment during the time range	4.10		Operational
4.67	(57+5Np)	0	Type of time increment between successive fields used in the statistical processing	4.11		Operational
4.67	(58+5Np)	0	Indicator of unit of time for time range over which statistical processing is done	4.4		Operational
4.67	(59+5Np)-(62+5Np)	0	Length of the time range over which statistical processing is done, in units defined by the previous octet			Operational
4.67	(63+5Np)	0	Indicator of unit of time for the increment between the successive fields used	4.4		Operational
4.67	(64+5Np)-(67+5Np)	0	Time increment between successive fields, in units defined by the previous octet			Operational
4.67	(68+5Np)-(79+5Np)	0	As octets (56+5Np) to (67+5Np), next innermost step of processing			Operational
4.67	(80+5Np)-nn	0	Additional time range specifications, included in accordance with the value of n. Contents as octets (56+5Np) to (67+5Np), repeated as necessary			Operational
4.68	10	1	Parameter category	4.1		Operational
4.68	11	1	Parameter number	4.2		Operational
4.68	12-13	2	Atmospheric chemical constituent type	4.230		Operational
4.68	14-15	2	Number of modes (N) of distribution			Operational
4.68	16-17	2	Mode number (l)			Operational
4.68	18-19	2	Type of distribution function	4.240		Operational
4.68	20	1	Number of following function parameters (Np), defined by type given in octets 18-19 (Type of distribution function)			Operational
4.68	21+5(n-1)	0	List of scale factor of fixed distribution function parameter (p1-pNp), defined by type of distribution in octets 18-19			Operational
4.68	(22+5(n-1))-(25+5(n-1))	0	List of scaled value of fixed distribution function parameter (p1-pNp), defined by type of distribution in octets 18-19			Operational
4.68	21+5Np	0	Type of generating process	4.3		Operational
4.68	22+5Np	0	Background generating process identifier (defined by originating centre)			Operational
4.68	23+5Np	0	Analysis or forecast generating process identifier (defined by originating centre)			Operational
4.68	(24+5Np)-(25+5Np)	0	Hours of observational data cut-off after reference time			Operational
4.68	26+5Np	0	Minutes of observational data cut-off after reference time			Operational
4.68	27+5Np	0	Indicator of unit of time range	4.4		Operational
4.68	(28+5Np)-(31+5Np)	0	Forecast time in units defined by the previous octet			Operational
4.68	32+5Np	0	Type of first fixed surface	4.5		Operational
4.68	33+5Np	0	Scale factor of first fixed surface			Operational
4.68	(34+5Np)-(37+5Np)	0	Scaled value of first fixed surface			Operational
4.68	38+5Np	0	Type of second fixed surface	4.5		Operational
4.68	39+5Np	0	Scale factor of second fixed surface			Operational
4.68	(40+5Np)-(43+5Np)	0	Scaled value of second fixed surface			Operational
4.68	44+5Np	0	Type of ensemble forecast	4.6		Operational
4.68	45+5Np	0	Perturbation number			Operational
4.68	46+5Np	0	Number of forecasts in ensemble			Operational
4.68	(47+5Np)-(48+5Np)	0	Year - Time of end of overall time interval			Operational
4.68	(49+5Np)	0	Month - Time of end of overall time interval			Operational
4.68	(50+5Np)	0	Day - Time of end of overall time interval			Operational
4.68	(51+5Np)	0	Hour - Time of end of overall time interval			Operational
4.68	(52+5Np)	0	Minute - Time of end of overall time interval			Operational
4.68	(53+5Np)	0	Second - Time of end of overall time interval			Operational
4.68	(54+5Np)	0	n - number of time range specifications describing the time intervals used to calculate the statistically processed field			Operational
4.68	(55+5Np)-(58+5Np)	0	Total number of data values missing in statistical process			Operational
4.68	(59+5Np)	0	Statistical process used to calculate the processed field from the field at each time increment during the time range	4.10		Operational
4.68	(60+5Np)	0	Type of time increment between successive fields used in the statistical processing	4.11		Operational
4.68	(61+5Np)	0	Indicator of unit of time for time range over which statistical processing is done	4.4		Operational
4.68	(62+5Np)-(65+5Np)	0	Length of the time range over which statistical processing is done, in units defined by the previous octet			Operational
4.68	(66+5Np)	0	Indicator of unit of time for the increment between the successive fields used	4.4		Operational
4.68	(67+5Np)-(70+5Np)	0	Time increment between successive fields, in units defined by the previous octet			Operational
4.68	(71+5Np)-(82+5Np)	0	As octets (59+5Np) to (70+5Np), next innermost step of processing			Operational
4.68	(83+5Np)-nn	0	Additional time range specifications, included in accordance with the value of n. Contents as octets (59+5Np) to (70+5Np), repeated as necessary			Operational
4.6	10	1	Parameter category	4.1		Operational
4.6	11	1	Parameter number	4.2		Operational
4.6	12	1	Type of generating process	4.3		Operational
4.6	13	1	Background generating process identifier (defined by originating centre)			Operational
4.6	14	1	Forecast generating process identifier (defined by originating centre)			Operational
4.6	15-16	2	Hours after reference time of data cut-off			Operational
4.6	17	1	Minutes after reference time of data cut-off			Operational
4.6	18	1	Indicator of unit of time range	4.4		Operational
4.6	19-22	4	Forecast time in units defined by octet 18			Operational
4.6	23	1	Type of first fixed surface	4.5		Operational
4.6	24	1	Scale factor of first fixed surface			Operational
4.6	25-28	4	Scaled value of first fixed surface			Operational
4.6	29	1	Type of second fixed surface	4.5		Operational
4.6	30	1	Scale factor of second fixed surface			Operational
4.6	31-34	4	Scaled value of second fixed surface			Operational
4.6	35	1	Percentile value (from 100% to 0%)			Operational
4.70	10	1	Parameter category	4.1		Operational
4.70	11	1	Parameter number	4.2		Operational
4.70	12-13	2	Input process identifier			Operational
4.70	14-15	2	Input originating centre	CCT-11		Operational
4.70	16	1	Type of post-processing			Operational
4.70	17	1	Type of generating process	4.3		Operational
4.70	18	1	Background generating process identifier (defined by originating centre)			Operational
4.70	19	1	Analysis or forecast generating process identifier (defined by originating centre)			Operational
4.70	20-21	2	Hours of observational data cut-off after reference time			Operational
4.70	22	1	Minutes of observational data cut-off after reference time			Operational
4.70	23	1	Indicator of unit of time range	4.4		Operational
4.70	24-27	4	Forecast time in units defined by octet 23			Operational
4.70	28	1	Type of first fixed surface	4.5		Operational
4.70	29	1	Scale factor of first fixed surface			Operational
4.70	30-33	4	Scaled value of first fixed surface			Operational
4.70	34	1	Type of second fixed surface	4.5		Operational
4.70	35	1	Scale factor of second fixed surface			Operational
4.70	36-39	4	Scaled value of second fixed surface			Operational
4.71	10	1	Parameter category	4.1		Operational
4.71	11	1	Parameter number	4.2		Operational
4.71	12-13	2	Input process identifier			Operational
4.71	14-15	2	Input originating centre	CCT-11		Operational
4.71	16	1	Type of post-processing			Operational
4.71	17	1	Type of generating process	4.3		Operational
4.71	18	1	Background generating process identifier (defined by originating centre)			Operational
4.71	19	1	Forecast generating process identifier (defined by originating centre)			Operational
4.71	20-21	2	Hours after reference time of data cut-off			Operational
4.71	22	1	Minutes after reference time of data cut-off			Operational
4.71	23	1	Indicator of unit of time range	4.4		Operational
4.71	24-27	4	Forecast time in units defined by octet 23			Operational
4.71	28	1	Type of first fixed surface	4.5		Operational
4.71	29	1	Scale factor of first fixed surface			Operational
4.71	30-33	4	Scaled value of first fixed surface			Operational
4.71	34	1	Type of second fixed surface	4.5		Operational
4.71	35	1	Scale factor of second fixed surface			Operational
4.71	36-39	4	Scaled value of second fixed surface			Operational
4.71	40	1	Type of ensemble forecast	4.6		Operational
4.71	41	1	Perturbation number			Operational
4.71	42	1	Number of forecasts in ensemble			Operational
4.72	10	1	Parameter category	4.1		Operational
4.72	11	1	Parameter number	4.2		Operational
4.72	12-13	2	Input process identifier			Operational
4.72	14-15	2	Input originating centre	CCT-11		Operational
4.72	16	1	Type of post-processing			Operational
4.72	17	1	Type of generating process	4.3		Operational
4.72	18	1	Background generating process identifier (defined by originating centre)			Operational
4.72	19	1	Analysis or forecast generating process identifier (defined by originating centre)			Operational
4.72	20-21	2	Hours after reference time of data cut-off			Operational
4.72	22	1	Minutes after reference time of data cut-off			Operational
4.72	23	1	Indicator of unit of time range	4.4		Operational
4.72	24-27	4	Forecast time in units defined by octet 23			Operational
4.72	28	1	Type of first fixed surface	4.5		Operational
4.72	29	1	Scale factor of first fixed surface			Operational
4.72	30-33	4	Scaled value of first fixed surface			Operational
4.72	34	1	Type of second fixed surface	4.5		Operational
4.72	35	1	Scale factor of second fixed surface			Operational
4.72	36-39	4	Scaled value of second fixed surface			Operational
4.72	40-41	2	Year - Time of end of overall time interval			Operational
4.72	42	1	Month - Time of end of overall time interval			Operational
4.72	43	1	Day - Time of end of overall time interval			Operational
4.72	44	1	Hour - Time of end of overall time interval			Operational
4.72	45	1	Minute - Time of end of overall time interval			Operational
4.72	46	1	Second - Time of end of overall time interval			Operational
4.72	47	1	n - number of time range specifications describing the time intervals used to calculate the statistically processed field			Operational
4.72	48-51	4	Total number of data values missing in statistical process			Operational
4.72	52	1	Statistical process used to calculate the processed field from the field at each time increment during the time range	4.10		Operational
4.72	53	1	Type of time increment between successive fields used in the statistical processing	4.11		Operational
4.72	54	1	Indicator of unit of time for time range over which statistical processing is done	4.4		Operational
4.72	55-58	4	Length of the time range over which statistical processing is done, in units defined by the previous octet			Operational
4.72	59	1	Indicator of unit of time for the increment between the successive fields used	4.4		Operational
4.72	60-63	4	Time increment between successive fields, in units defined by the previous octet			Operational
4.72	64-75	12	As octets 52 to 63, next innermost step of processing			Operational
4.72	76-nn	0	Additional time range specifications, included in accordance with the value of n. Contents as octets 52 to 63, repeated as necessary			Operational
4.73	10	1	Parameter category	4.1		Operational
4.73	11	1	Parameter number	4.2		Operational
4.73	12-13	2	Input process identifier			Operational
4.73	14-15	2	Input originating centre	CCT-11		Operational
4.73	16	1	Type of post-processing			Operational
4.73	17	1	Type of generating process	4.3		Operational
4.73	18	1	Background generating process identifier (defined by originating centre)			Operational
4.73	19	1	Forecast generating process identifier (defined by originating centre)			Operational
4.73	20-21	2	Hours after reference time of data cut-off			Operational
4.73	22	1	Minutes after reference time of data cut-off			Operational
4.73	23	1	Indicator of unit of time range	4.4		Operational
4.73	24-27	4	Forecast time in units defined by octet 23			Operational
4.73	28	1	Type of first fixed surface	4.5		Operational
4.73	29	1	Scale factor of first fixed surface			Operational
4.73	30-33	4	Scaled value of first fixed surface			Operational
4.73	34	1	Type of second fixed surface	4.5		Operational
4.73	35	1	Scale factor of second fixed surface			Operational
4.73	36-39	4	Scaled value of second fixed surface			Operational
4.73	40	1	Type of ensemble forecast	4.6		Operational
4.73	41	1	Perturbation number			Operational
4.73	42	1	Number of forecasts in ensemble			Operational
4.73	43-44	2	Year of end of overall time interval			Operational
4.73	45	1	Month of end of overall time interval			Operational
4.73	46	1	Day of end of overall time interval			Operational
4.73	47	1	Hour of end of overall time interval			Operational
4.73	48	1	Minute of end of overall time interval			Operational
4.73	49	1	Second of end of overall time interval			Operational
4.73	50	1	n - number of time range specifications describing the time intervals used to calculate the statistically processed field			Operational
4.73	51-54	4	Total number of data values missing in statistical process			Operational
4.73	55	1	Statistical process used to calculate the processed field from the field at each time increment during the time range	4.10		Operational
4.73	56	1	Type of time increment between successive fields used in the statistical processing	4.11		Operational
4.73	57	1	Indicator of unit of time for time range over which statistical processing is done	4.4		Operational
4.73	58-61	4	Length of the time range over which statistical processing is done, in units defined by the previous octet			Operational
4.73	62	1	Indicator of unit of time for the increment between the successive fields used	4.4		Operational
4.73	63-66	4	Time increment between successive fields, in units defined by the previous octet			Operational
4.73	67-78	12	As octets 55 to 66, next innermost step of processing			Operational
4.73	79-nn	0	Additional time range specifications, included in accordance with the value of n. Contents as octets 55 to 66, repeated as necessary			Operational
4.76	10	1	Parameter category	4.1		Operational
4.76	11	1	Parameter number	4.2		Operational
4.76	12-13	2	Atmospheric chemical constituent type	4.230		Operational
4.76	14	1	Source or sink	4.238		Operational
4.76	15	1	Type of generating process	4.3		Operational
4.76	16	1	Background generating process identifier (defined by originating centre)			Operational
4.76	17	1	Analysis or forecast generating process identifier (defined by originating centre)			Operational
4.76	18-19	2	Hours of observational data cut-off after reference time			Operational
4.76	20	1	Minutes of observational data cut-off after reference time			Operational
4.76	21	1	Indicator of unit of time range	4.4		Operational
4.76	22-25	4	Forecast time in units defined by octet 21			Operational
4.76	26	1	Type of first fixed surface	4.5		Operational
4.76	27	1	Scale factor of first fixed surface			Operational
4.76	28-31	4	Scaled value of first fixed surface			Operational
4.76	32	1	Type of second fixed surface	4.5		Operational
4.76	33	1	Scale factor of second fixed surface			Operational
4.76	34-37	4	Scaled value of second fixed surface			Operational
4.77	10	1	Parameter category	4.1		Operational
4.77	11	1	Parameter number	4.2		Operational
4.77	12-13	2	Atmospheric chemical constituent type	4.230		Operational
4.77	14	1	Source or sink	4.238		Operational
4.77	15	1	Type of generating process	4.3		Operational
4.77	16	1	Background generating process identifier (defined by originating centre)			Operational
4.77	17	1	Forecast generating process identifier (defined by originating centre)			Operational
4.77	18-19	2	Hours after reference time of data cut-off			Operational
4.77	20	1	Minutes after reference time of data cut-off			Operational
4.77	21	1	Indicator of unit of time range	4.4		Operational
4.77	22-25	4	Forecast time in units defined by octet 21			Operational
4.77	26	1	Type of first fixed surface	4.5		Operational
4.77	27	1	Scale factor of first fixed surface			Operational
4.77	28-31	4	Scaled value of first fixed surface			Operational
4.77	32	1	Type of second fixed surface	4.5		Operational
4.77	33	1	Scale factor of second fixed surface			Operational
4.77	34-37	4	Scaled value of second fixed surface			Operational
4.77	38	1	Type of ensemble forecast	4.6		Operational
4.77	39	1	Perturbation number			Operational
4.77	40	1	Number of forecasts in ensemble			Operational
4.78	10	1	Parameter category (see Code table 4.1)	4.1		Operational
4.78	11	1	Parameter number (see Code table 4.2)	4.2		Operational
4.78	12-13	2	Atmospheric chemical constituent type (see Code table 4.230)	4.230		Operational
4.78	14	1	Source or sink (see Code table 4.238)	4.238		Operational
4.78	15	1	Type of generating process (see Code table 4.3)	4.3		Operational
4.78	16	1	Background generating process identifier (defined by originating centre)			Operational
4.78	17	1	Analysis or forecast generating process identifier (defined by originating centre)			Operational
4.78	18-19	2	Hours after reference time of data cut-off			Operational
4.78	20	1	Minutes after reference time of data cut-off			Operational
4.78	21	1	Indicator of unit of time range (see Code table 4.4)	4.4		Operational
4.78	22-25	4	Forecast time in units defined by octet 21			Operational
4.78	26	1	Type of first fixed surface (see Code table 4.5)	4.5		Operational
4.78	27	1	Scale factor of first fixed surface			Operational
4.78	28-31	4	Scaled value of first fixed surface			Operational
4.78	32	1	Type of second fixed surface (see Code table 4.5)	4.5		Operational
4.78	33	1	Scale factor of second fixed surface			Operational
4.78	34-37	4	Scaled value of second fixed surface			Operational
4.78	38-39	2	Year			Operational
4.78	40	1	Month			Operational
4.78	41	1	Day			Operational
4.78	42	1	Hour			Operational
4.78	43	1	Minute			Operational
4.78	44	1	Second			Operational
4.78	45	1	n - number of time range specifications describing the time intervals used to calculate the statistically processed field			Operational
4.78	46-49	4	Total number of data values missing in statistical process			Operational
4.78	50	1	Statistical process used to calculate the processed field from the field at each time increment during the time range	4.1		Operational
4.78	51	1	Type of time increment between successive fields used in the statistical processing	4.11		Operational
4.78	52	1	Indicator of unit of time for time range over which statistical processing is done	4.4		Operational
4.78	53-56	4	Length of the time range over which statistical processing is done, in units defined by the previous octet			Operational
4.78	57	1	Indicator of unit of time for the increment between the successive fields used	4.4		Operational
4.78	58-61	4	Time increment between successive fields, in units defined by the previous octet			Operational
4.78	62-73	12	As octets 50 to 61, next innermost step of processing			Operational
4.78	74-nn	0	Additional time range specifications, included in accordance with the value of n. Contents as octets 50 to 61, repeated as necessary			Operational
4.79	10	1	Parameter category	4.1		Operational
4.79	11	1	Parameter number	4.2		Operational
4.79	12-13	2	Atmospheric chemical constituent type	4.230		Operational
4.79	14	1	Source or sink	4.238		Operational
4.79	15	1	Type of generating process	4.3		Operational
4.79	16	1	Background generating process identifier (defined by originating centre)			Operational
4.79	17	1	Forecast generating process identifier (defined by originating centre)			Operational
4.79	18-19	2	Hours after reference time of data cut-off			Operational
4.79	20	1	Minutes after reference time of data cut-off			Operational
4.79	21	1	Indicator of unit of time range	4.4		Operational
4.79	22-25	4	Forecast time in units defined by octet 21			Operational
4.79	26	1	Type of first fixed surface	4.5		Operational
4.79	27	1	Scale factor of first fixed surface			Operational
4.79	28-31	4	Scaled value of first fixed surface			Operational
4.79	32	1	Type of second fixed surface	4.5		Operational
4.79	33	1	Scale factor of second fixed surface			Operational
4.79	34-37	4	Scaled value of second fixed surface			Operational
4.79	38	1	Type of ensemble forecast	4.6		Operational
4.79	39	1	Perturbation number			Operational
4.79	40	1	Number of forecasts in ensemble			Operational
4.79	41-42	2	Year of end of overall time interval			Operational
4.79	43	1	Month of end of overall time interval			Operational
4.79	44	1	Day of end of overall time interval			Operational
4.79	45	1	Hour of end of overall time interval			Operational
4.79	46	1	Minute of end of overall time interval			Operational
4.79	47	1	Second of end of overall time interval			Operational
4.79	48	1	n - number of time range specifications describing the time intervals used to calculate the statistically processed field			Operational
4.79	49-52	4	Total number of data values missing in statistical process			Operational
4.79	53	1	Statistical process used to calculate the processed field from the field at each time increment during the time range	4.10		Operational
4.79	54	1	Type of time increment between successive fields used in the statistical processing	4.11		Operational
4.79	55	1	Indicator of unit of time for time range over which statistical processing is done	4.4		Operational
4.79	56-59	4	Length of the time range over which statistical processing is done, in units defined by the previous octet			Operational
4.79	60	1	Indicator of unit of time for the increment between the successive fields used	4.4		Operational
4.79	61-64	4	Time increment between successive fields, in units defined by the previous octet			Operational
4.79	65-76	12	As octets 53 to 64, next innermost step of processing			Operational
4.79	77-nn	0	Additional time range specifications, included in accordance with the value of n. Contents as octets 53 to 64, repeated as necessary			Operational
4.7	10	1	Parameter category	4.1		Operational
4.7	11	1	Parameter number	4.2		Operational
4.7	12	1	Type of generating process	4.3		Operational
4.7	13	1	Background generating process identifier (defined by originating centre)			Operational
4.7	14	1	Analysis or forecast generating process identifier (defined by originating centre)			Operational
4.7	15-16	2	Hours after reference time of data cut-off			Operational
4.7	17	1	Minutes after reference time of data cut-off			Operational
4.7	18	1	Indicator of unit of time range	4.4		Operational
4.7	19-22	4	Forecast time in units defined by octet 18			Operational
4.7	23	1	Type of first fixed surface	4.5		Operational
4.7	24	1	Scale factor of first fixed surface			Operational
4.7	25-28	4	Scaled value of first fixed surface			Operational
4.7	29	1	Type of second fixed surface	4.5		Operational
4.7	30	1	Scale factor of second fixed surface			Operational
4.7	31-34	4	Scaled value of second fixed surface			Operational
4.80	10	1	Parameter category	4.1		Operational
4.80	11	1	Parameter number	4.2		Operational
4.80	12-13	2	Aerosol type	CCT-14		Operational
4.80	14	1	Source or sink	4.238		Operational
4.80	15	1	Type of interval for first and second size	4.91		Operational
4.80	16	1	Scale factor of first size			Operational
4.80	17-20	4	Scaled value of first size in metres			Operational
4.80	21	1	Scale factor of second size			Operational
4.80	22-25	4	Scaled value of second size in metres			Operational
4.80	26	1	Type of interval for first and second wavelength	4.91		Operational
4.80	27	1	Scale factor of first wavelength			Operational
4.80	28-31	4	Scaled value of first wavelength in metres			Operational
4.80	32	1	Scale factor of second wavelength			Operational
4.80	33-36	4	Scaled value of second wavelength in metres			Operational
4.80	37	1	Type of generating process	4.3		Operational
4.80	38	1	Background generating process identifier (defined by originating centre)			Operational
4.80	39	1	Analysis or forecast generating process identifier (defined by originating centre)			Operational
4.80	40-41	2	Hours of observational data cut-off after reference time			Operational
4.80	42	1	Minutes of observational data cut-off after reference time			Operational
4.80	43	1	Indicator of unit of time range	4.4		Operational
4.80	44-47	4	Forecast time in units defined by octet 43			Operational
4.80	48	1	Type of first fixed surface	4.5		Operational
4.80	49	1	Scale factor of first fixed surface			Operational
4.80	50-53	4	Scaled value of first fixed surface			Operational
4.80	54	1	Type of second fixed surface	4.5		Operational
4.80	55	1	Scale factor of second fixed surface			Operational
4.80	56-59	4	Scaled value of second fixed surface			Operational
4.81	10	1	Parameter category	4.1		Operational
4.81	11	1	Parameter number	4.2		Operational
4.81	12-13	2	Aerosol type	CCT-14		Operational
4.81	14	1	Source or sink	4.238		Operational
4.81	15	1	Type of interval for first and second size	4.91		Operational
4.81	16	1	Scale factor of first size			Operational
4.81	17-20	4	Scaled value of first size in metres			Operational
4.81	21	1	Scale factor of second size			Operational
4.81	22-25	4	Scaled value of second size in metres			Operational
4.81	26	1	Type of interval for first and second wavelength	4.91		Operational
4.81	27	1	Scale factor of first wavelength			Operational
4.81	28-31	4	Scaled value of first wavelength in metres			Operational
4.81	32	1	Scale factor of second wavelength			Operational
4.81	33-36	4	Scaled value of second wavelength in metres			Operational
4.81	37	1	Type of generating process	4.3		Operational
4.81	38	1	Background generating process identifier (defined by originating centre)			Operational
4.81	39	1	Analysis or forecast generating process identifier (defined by originating centre)			Operational
4.81	40-41	2	Hours of observational data cut-off after reference time			Operational
4.81	42	1	Minutes of observational data cut-off after reference time			Operational
4.81	43	1	Indicator of unit of time range	4.4		Operational
4.81	44-47	4	Forecast time in units defined by octet 43			Operational
4.81	48	1	Type of first fixed surface	4.5		Operational
4.81	49	1	Scale factor of first fixed surface			Operational
4.81	50-53	4	Scaled value of first fixed surface			Operational
4.81	54	1	Type of second fixed surface	4.5		Operational
4.81	55	1	Scale factor of second fixed surface			Operational
4.81	56-59	4	Scaled value of second fixed surface			Operational
4.81	60	1	Type of ensemble forecast	4.6		Operational
4.81	61	1	Perturbation number			Operational
4.81	62	1	Number of forecasts in ensemble			Operational
4.82	10	1	Parameter category	4.1		Operational
4.82	11	1	Parameter number	4.2		Operational
4.82	12-13	2	Aerosol type	4.233		Operational
4.82	14	1	Source or sink	2.238		Operational
4.82	15	1	Type of interval for first and second sizes	4.91		Operational
4.82	16	1	Scale factor of first size			Operational
4.82	17-20	4	Scaled value of first size in metres			Operational
4.82	21	1	Scale factor of second size			Operational
4.82	22-25	4	Scaled value of second size in metres			Operational
4.82	26	1	Type of generating process	4.3		Operational
4.82	27	1	Background generating process identifier (defined by originating centre)			Operational
4.82	28	1	Analysis or forecast generating process identifier (defined by originating centre)			Operational
4.82	29-30	2	Hours after reference time of data cut-off			Operational
4.82	31	1	Minutes after reference time of data cut-off			Operational
4.82	32	1	Indicator of unit of time range	4.4		Operational
4.82	33-36	4	Forecast time in units defined by octet 32			Operational
4.82	37	1	Type of first fixed surface	4.5		Operational
4.82	38	1	Scale factor of first fixed surface			Operational
4.82	39-42	4	Scaled value of first fixed surface			Operational
4.82	43	1	Type of second fixed surface	4.5		Operational
4.82	44	1	Scale factor of second fixed surface			Operational
4.82	45-48	4	Scaled value of second fixed surface			Operational
4.82	49-50	2	Year			Operational
4.82	51	1	Month			Operational
4.82	52	1	Day			Operational
4.82	53	1	Hour			Operational
4.82	54	1	Minute			Operational
4.82	55	1	Second			Operational
4.82	56	1	n - number of time range specifications describing the time intervals used to calculate the statistically processed field			Operational
4.82	57-60	4	Total number of data values missing in statistical process			Operational
4.82	61	1	Statistical process used to calculate the processed field from the field at each time increment during the time range	4.10		Operational
4.82	62	1	Type of time increment between successive fields used in the statistical processing	4.11		Operational
4.82	63	1	Indicator of unit of time for time range over which statistical processing is done	4.4		Operational
4.82	64-67	4	Length of the time range over which statistical processing is done, in units defined by the previous octet			Operational
4.82	68	1	Indicator of unit of time for the increment between the successive fields used	4.4		Operational
4.82	69-72	4	Time increment between successive fields, in units defined by the previous octet			Operational
4.82	73-84	12	As octets 61 to 72, next innermost step of processing			Operational
4.82	85-nn	0	Additional time range specifications, included in accordance with the value of n. Contents as octets 61 to 72, repeated as necessary			Operational
4.83	10	1	Parameter category	4.1		Operational
4.83	11	1	Parameter number	4.2		Operational
4.83	12	1	Type of generating process	4.3		Operational
4.83	13-14	2	Aerosol type	4.233		Operational
4.83	15	1	Source or sink	4.238		Operational
4.83	16	1	Type of interval for first and second sizes	4.91		Operational
4.83	17	1	Scale factor of first size			Operational
4.83	18-21	4	Scaled value of first size in metres			Operational
4.83	22	1	Scale factor of second size			Operational
4.83	23-26	4	Scaled value of second size in metres			Operational
4.83	27	1	Background generating process identifier (defined by originating centre)			Operational
4.83	28	1	Forecast generating process identifier (defined by originating centre)			Operational
4.83	29-30	2	Hours after reference time of data cut-off			Operational
4.83	31	1	Minutes after reference time of data cut-off			Operational
4.83	32	1	Indicator of unit of time range	4.4		Operational
4.83	33-36	4	Forecast time in units defined by octet 32			Operational
4.83	37	1	Type of first fixed surface	4.5		Operational
4.83	38	1	Scale factor of first fixed surface			Operational
4.83	39-42	4	Scaled value of first fixed surface			Operational
4.83	43	1	Type of second fixed surface	4.5		Operational
4.83	44	1	Scale factor of second fixed surface			Operational
4.83	45-48	4	Scaled value of second fixed surface			Operational
4.83	49	1	Type of ensemble forecast	4.6		Operational
4.83	50	1	Perturbation number			Operational
4.83	51	1	Number of forecasts in ensemble			Operational
4.83	52-53	2	Year of end of overall time interval			Operational
4.83	54	1	Month of end of overall time interval			Operational
4.83	55	1	Day of end of overall time interval			Operational
4.83	56	1	Hour of end of overall time interval			Operational
4.83	57	1	Minute of end of overall time interval			Operational
4.83	58	1	Second of end of overall time interval			Operational
4.83	59	1	n - number of time range specifications describing the time intervals used to calculate the statistically processed field			Operational
4.83	60-63	4	Total number of data values missing in statistical process			Operational
4.83	64	1	Statistical process used to calculate the processed field from the field at each time increment during the time range	4.10		Operational
4.83	65	1	Type of time increment between successive fields used in the statistical processing	4.11		Operational
4.83	66	1	Indicator of unit of time for time range over which statistical processing is done	4.4		Operational
4.83	67-70	4	Length of the time range over which statistical processing is done, in units defined by the previous octet			Operational
4.83	71	1	Indicator of unit of time for the increment between the successive fields used	4.4		Operational
4.83	72-75	4	Time increment between successive fields, in units defined by the previous octet			Operational
4.83	76-87	12	As octets 64 to 75, next innermost step of processing			Operational
4.83	88-nn	0	Additional time range specifications, included in accordance with the value of n. Contents as octets 64 to 75, repeated as necessary			Operational
4.84	10	1	Parameter category	4.1		Operational
4.84	11	1	Parameter number	4.2		Operational
4.84	12-13	2	Aerosol type	4.233		Operational
4.84	14	1	Source or sink	4.238		Operational
4.84	15	1	Type of interval for first and second sizes	4.91		Operational
4.84	16	1	Scale factor of first size			Operational
4.84	17-20	4	Scaled value of first size in metres			Operational
4.84	21	1	Scale factor of second size			Operational
4.84	22-25	4	Scaled value of second size in metres			Operational
4.84	26	1	Type of generating process	4.3		Operational
4.84	27	1	Background generating process identifier (defined by originating centre)			Operational
4.84	28	1	Forecast generating process identifier (defined by originating centre)			Operational
4.84	29-30	2	Hours after reference time of data cut-off			Operational
4.84	31	1	Minutes after reference time of data cut-off			Operational
4.84	32	1	Indicator of unit of time range	4.4		Operational
4.84	33-36	4	Forecast time in units defined by octet 32			Operational
4.84	37	1	Type of first fixed surface	4.5		Operational
4.84	38	1	Scale factor of first fixed surface			Operational
4.84	39-42	4	Scaled value of first fixed surface			Operational
4.84	43	1	Type of second fixed surface	4.5		Operational
4.84	44	1	Scale factor of second fixed surface			Operational
4.84	45-48	4	Scaled value of second fixed surface			Operational
4.84	49	1	Type of ensemble forecast	4.6		Operational
4.84	50	1	Perturbation number			Operational
4.84	51	1	Number of forecasts in ensemble			Operational
4.84	52-53	2	Year of end of overall time interval			Operational
4.84	54	1	Month of end of overall time interval			Operational
4.84	55	1	Day of end of overall time interval			Operational
4.84	56	1	Hour of end of overall time interval			Operational
4.84	57	1	Minute of end of overall time interval			Operational
4.84	58	1	Second of end of overall time interval			Operational
4.84	59	1	n - number of time range specifications describing the time intervals used to calculate the statistically processed field			Operational
4.84	60-63	4	Total number of data values missing in statistical process			Operational
4.84	64	1	Statistical process used to calculate the processed field from the field at each time increment during the time range	4.10		Operational
4.84	65	1	Type of time increment between successive fields used in the statistical processing	4.11		Operational
4.84	66	1	Indicator of unit of time for time range over which statistical processing is done	4.4		Operational
4.84	67-70	4	Length of the time range over which statistical processing is done in units defined by the previous octet			Operational
4.84	71	1	Indicator of unit of time for the increment between the successive fields used	4.4		Operational
4.84	72-75	4	Time increment between successive fields in units defined by the previous octet			Operational
4.84	76-87	12	As octets 64 to 75, next innermost step of processing			Operational
4.84	88-nn	0	Additional time range specifications included in accordance with the value of n. Contents as octets 64 to 75, repeated as necessary			Operational
4.85	10	1	Parameter category	4.1		Operational
4.85	11	1	Parameter number	4.2		Operational
4.85	12-13	2	Aerosol type	4.233		Operational
4.85	14	1	Type of interval for first and second sizes	4.91		Operational
4.85	15	1	Scale factor of first size			Operational
4.85	16-19	4	Scaled value of first size in metres			Operational
4.85	20	1	Scale factor of second size			Operational
4.85	21-24	4	Scaled value of second size in metres			Operational
4.85	25	1	Type of generating process	4.3		Operational
4.85	26	1	Background generating process identifier (defined by originating centre)			Operational
4.85	27	1	Forecast generating process identifier (defined by originating centre)			Operational
4.85	28-29	2	Hours after reference time of data cut-off			Operational
4.85	30	1	Minutes after reference time of data cut-off			Operational
4.85	31	1	Indicator of unit of time range	4.4		Operational
4.85	32-35	4	Forecast time in units defined by octet 31			Operational
4.85	36	1	Type of first fixed surface	4.5		Operational
4.85	37	1	Scale factor of first fixed surface			Operational
4.85	38-41	4	Scaled value of first fixed surface			Operational
4.85	42	1	Type of second fixed surface	4.5		Operational
4.85	43	1	Scale factor of second fixed surface			Operational
4.85	44-47	4	Scaled value of second fixed surface			Operational
4.85	48	1	Type of ensemble forecast	4.6		Operational
4.85	49	1	Perturbation number			Operational
4.85	50	1	Number of forecasts in ensemble			Operational
4.85	51-52	2	Year of end of overall time interval			Operational
4.85	53	1	Month of end of overall time interval			Operational
4.85	54	1	Day of end of overall time interval			Operational
4.85	55	1	Hour of end of overall time interval			Operational
4.85	56	1	Minute of end of overall time interval			Operational
4.85	57	1	Second of end of overall time interval			Operational
4.85	58	1	n - number of time range specifications describing the time intervals used to calculate the statistically processed field			Operational
4.85	59-62	4	Total number of data values missing in statistical process			Operational
4.85	63	1	Statistical process used to calculate the processed field from the field at each time increment during the time range	4.10		Operational
4.85	64	1	Type of time increment between successive fields used in the statistical processing	4.11		Operational
4.85	65	1	Indicator of unit of time for time range over which statistical processing is done	4.4		Operational
4.85	66-69	4	Length of the time range over which statistical processing is done, in units defined by the previous octet			Operational
4.85	70	1	Indicator of unit of time for the increment between the successive fields used	4.4		Operational
4.85	71-74	4	Time increment between successive fields, in units defined by the previous octet			Operational
4.85	75-86	12	As octets 63 to 74, next innermost step of processing			Operational
4.85	87-nn	0	Additional time range specifications, included in accordance with the value of n. Contents as octets 63 to 74, repeated as necessary			Operational
4.86	10	1	Parameter category	4.1		Operational
4.86	11	1	Parameter number	4.2		Operational
4.86	12	1	Type of generating process	4.3		Operational
4.86	13	1	Background generating process identifier (defined by originating centre)			Operational
4.86	14	1	Forecast generating process identifier (defined by originating centre)			Operational
4.86	15-16	2	Hours after reference time of data cut-off			Operational
4.86	17	1	Minutes after reference time of data cut-off			Operational
4.86	18	1	Indicator of unit of time range	4.4		Operational
4.86	19-22	4	Forecast time in units defined by octet 18			Operational
4.86	23	1	Type of first fixed surface	4.5		Operational
4.86	24	1	Scale factor of first fixed surface			Operational
4.86	25-28	4	Scaled value of first fixed surface			Operational
4.86	29	1	Type of second fixed surface	4.5		Operational
4.86	30	1	Scale factor of second fixed surface			Operational
4.86	31-34	4	Scaled value of second fixed surface			Operational
4.86	35-36	2	Total number of quantile q			Operational
4.86	37-38	2	Quantile value (between 0 and q)			Operational
4.87	10	1	Parameter category	4.1		Operational
4.87	11	1	Parameter number	4.2		Operational
4.87	12	1	Type of generating process	4.3		Operational
4.87	13	1	Background generating process identifier (defined by originating centre)			Operational
4.87	14	1	Forecast generating process identifier (defined by originating centre)			Operational
4.87	15-16	2	Hours after reference time of data cut-off			Operational
4.87	17	1	Minutes after reference time for data cut-off			Operational
4.87	18	1	Indicator of unit of time range	4.4		Operational
4.87	19-22	4	Forecast time in units defined by previous octet			Operational
4.87	23	1	Type of first fixed surface	4.5		Operational
4.87	24	1	Scale factor of first fixed surface			Operational
4.87	25-28	4	Scaled value of first fixed surface			Operational
4.87	29	1	Type of second fixed surface	4.5		Operational
4.87	30	1	Scale factor of second fixed surface			Operational
4.87	31-34	4	Scaled value of second fixed surface			Operational
4.87	35-36	2	Total number of quantiles q			Operational
4.87	37-38	2	Quantile value (between 0 and q)			Operational
4.87	39-40	2	Year of end of overall time interval			Operational
4.87	41	1	Month of end of overall time interval			Operational
4.87	42	1	Day of end of overall time interval			Operational
4.87	43	1	Hour of end of overall time interval			Operational
4.87	44	1	Minute of end of overall time interval			Operational
4.87	45	1	Second of end of overall time interval			Operational
4.87	46	1	n - number of time range specifications describing the time intervals used to calculate the statistically processed field			Operational
4.87	47-50	4	Total number of data values missing in the statistical process			Operational
4.87	51-62	12	Specification of the outermost (or only) time range over which statistical processing is done			Operational
4.87	51	1	Statistical process used to calculate the processed field from the field at each time increment during the time range	4.10		Operational
4.87	52	1	Type of time increment between successive fields used in the statistical processing	4.11		Operational
4.87	53	1	Indicator of unit of time for time range over which statistical processing is done	4.4		Operational
4.87	54-57	4	Length of the time range over which statistical processing is done in units defined by the previous octet			Operational
4.87	58	1	Indicator of unit of time for the increment between the successive fields used	4.4		Operational
4.87	59-62	4	Time increment between successive fields in units defined by the previous octet			Operational
4.87	63-74	12	As octets 51-62, next innermost step of processing			Operational
4.87	75-nn	0	Additional time range specifications, included in accordance with the value of n. Contents as octets 51 to 62, repeated as necessary.			Operational
4.88	10	1	Parameter category	4.1		Operational
4.88	11	1	Parameter number	4.2		Operational
4.88	12	1	Type of generating process	4.3		Operational
4.88	13	1	Background generating process identifier (defined by originating centre)			Operational
4.88	14	1	Analysis or forecast generating process identifier (defined by originating centre)			Operational
4.88	15	1	Type of first fixed surface	4.5		Operational
4.88	16	1	Scale factor of first fixed surface			Operational
4.88	17-20	4	Scaled value of first fixed surface			Operational
4.88	21	1	Type of second fixed surface	4.5		Operational
4.88	22	1	Scale factor of second fixed surface			Operational
4.88	23-26	4	Scaled value of second fixed surface			Operational
4.88	27	1	Method used to derive the data field values at the local time specified in section 1	4.248		Operational
4.88	28	1	n - number of analyses or forecasts used to create the composite data field at the local time specified in section 1 (n >= 1)			Operational
4.88	29-30	2	Year of the analysis or forecast used in the processing			Operational
4.88	31	1	Month of the analysis or forecast used in the processing			Operational
4.88	32	1	Day of the analysis or forecast used in the processing			Operational
4.88	33	1	Hour of the analysis or forecast used in the processing			Operational
4.88	34	1	Minute of the analysis or forecast used in the processing			Operational
4.88	35	1	Second of the analysis or forecast used in the processing			Operational
4.88	36	1	Indicator of units of forecast time	4.4		Operational
4.88	37-40	4	Forecast time			Operational
4.88	41	1	Number of time increments of the forecast used in the processing			Operational
4.88	42	1	Indicator of units of time for the time increments			Operational
4.88	43-46	4	Time increments between successive forecast times			Operational
4.88	47-nn	0	(n-1) repetitions of sequence of octets 29-46 describing the next analyses or forecasts used in the processing			Operational
4.89	10	1	Parameter category	4.1		Operational
4.89	11	1	Parameter number	4.2		Operational
4.89	12-13	2	Input process identifier			Operational
4.89	14-15	2	Input originating centre	CCT-11		Operational
4.89	16	1	Type of post-processing			Operational
4.89	17	1	Type of generating process	4.3		Operational
4.89	18	1	Background generating process identifier (defined by originating centre)			Operational
4.89	19	1	Forecast generating process identifier (defined by originating centre)			Operational
4.89	20-21	2	Hours after reference time of data cut-off			Operational
4.89	22	1	Minutes after reference time of data cut-off			Operational
4.89	23	1	Indicator of unit of time range	4.4		Operational
4.89	24-27	4	Forecast time in units defined by octet 23			Operational
4.89	28	1	Type of first fixed surface	4.5		Operational
4.89	29	1	Scale factor of first fixed surface			Operational
4.89	30-33	4	Scaled value of first fixed surface			Operational
4.89	34	1	Type of second fixed surface	4.5		Operational
4.89	35	1	Scale factor of second fixed surface			Operational
4.89	36-39	4	Scaled value of second fixed surface			Operational
4.89	40-41	2	Total number of quantiles (q)			Operational
4.89	42-43	2	Quantile value (between 0 and q)			Operational
4.8	10	1	Parameter category	4.1		Operational
4.8	11	1	Parameter number	4.2		Operational
4.8	12	1	Type of generating process	4.3		Operational
4.8	13	1	Background generating process identifier (defined by originating centre)			Operational
4.8	14	1	Analysis or forecast generating process identifier (defined by originating centre)			Operational
4.8	15-16	2	Hours after reference time of data cut-off			Operational
4.8	17	1	Minutes after reference time of data cut-off			Operational
4.8	18	1	Indicator of unit of time range	4.4		Operational
4.8	19-22	4	Forecast time in units defined by octet 18			Operational
4.8	23	1	Type of first fixed surface	4.5		Operational
4.8	24	1	Scale factor of first fixed surface			Operational
4.8	25-28	4	Scaled value of first fixed surface			Operational
4.8	29	1	Type of second fixed surface	4.5		Operational
4.8	30	1	Scale factor of second fixed surface			Operational
4.8	31-34	4	Scaled value of second fixed surface			Operational
4.8	35-36	2	Year - time of end of overall time interval			Operational
4.8	37	1	Month - time of end of overall time interval			Operational
4.8	38	1	Day - time of end of overall time interval			Operational
4.8	39	1	Hour - time of end of overall time interval			Operational
4.8	40	1	Minute - time of end of overall time interval			Operational
4.8	41	1	Second - time of end of overall time interval			Operational
4.8	42	1	n - number of time range specifications describing the time intervals used to calculate the statistically processed field			Operational
4.8	43-46	4	Total number of data values missing in statistical process			Operational
4.8	47	1	Statistical process used to calculate the processed field from the field at each time increment during the time range	4.1		Operational
4.8	48	1	Type of time increment between successive fields used in the statistical processing	4.11		Operational
4.8	49	1	Indicator of unit of time for time range over which statistical processing is done	4.4		Operational
4.8	50-53	4	Length of the time range over which statistical processing is done, in units defined by the previous octet			Operational
4.8	54	1	Indicator of unit of time for the increment between the successive fields used	4.4		Operational
4.8	55-58	4	Time increment between successive fields, in units defined by the previous octet			Operational
4.8	59-70	12	As octets 47 to 58, next innermost step of processing			Operational
4.8	71-nn	0	Additional time range specifications, included in accordance with the value of n. Contents as octets 47 to 58, repeated as necessary			Operational
4.90	10	1	Parameter category	4.1		Operational
4.90	11	1	Parameter number	4.2		Operational
4.90	12-13	2	Input process identifier			Operational
4.90	14-15	2	Input originating centre	CCT-11		Operational
4.90	16	1	Type of post-processing			Operational
4.90	17	1	Type of generating process	4.3		Operational
4.90	18	1	Background generating process identifier (defined by originating centre)			Operational
4.90	19	1	Forecast generating process identifier (defined by originating centre)			Operational
4.90	20-21	2	Hours after reference time of data cut-off			Operational
4.90	22	1	Minutes after reference time for data cut-off			Operational
4.90	23	1	Indicator of unit of time range	4.4		Operational
4.90	24-27	4	Forecast time in units defined by previous octet			Operational
4.90	28	1	Type of first fixed surface	4.5		Operational
4.90	29	1	Scale factor of first fixed surface			Operational
4.90	30-33	4	Scaled value of first fixed surface			Operational
4.90	34	1	Type of second fixed surface	4.5		Operational
4.90	35	1	Scale factor of second fixed surface			Operational
4.90	36-39	4	Scaled value of second fixed surface			Operational
4.90	40-41	2	Total number of quantiles (q)			Operational
4.90	42-43	2	Quantile value (between 0 and q)			Operational
4.90	44-45	2	Year of end of overall time interval			Operational
4.90	46	1	Month of end of overall time interval			Operational
4.90	47	1	Day of end of overall time interval			Operational
4.90	48	1	Hour of end of overall time interval			Operational
4.90	49	1	Minute of end of overall time interval			Operational
4.90	50	1	Second of end of overall time interval			Operational
4.90	51	1	n - number of time range specifications describing the time intervals used to calculate the statistically processed field			Operational
4.90	52-55	4	Total number of data values missing in the statistical process			Operational
4.90	56	1	Statistical process used to calculate the processed field from the field at each time increment during the time range	4.10		Operational
4.90	57	1	Type of time increment between successive fields used in the statistical processing	4.11		Operational
4.90	58	1	Indicator of unit of time for time range over which statistical processing is done	4.4		Operational
4.90	59-62	4	Length of the time range over which statistical processing is done in units defined by the previous octet			Operational
4.90	63	1	Indicator of unit of time for the increment between the successive fields used	4.4		Operational
4.90	64-67	4	Time increment between successive fields in units defined by the previous octet			Operational
4.90	68-79	12	As octets 56-67, next innermost step of processing			Operational
4.90	80-nn	0	Additional time range specifications, included in accordance with the value of n. Contents as octets 56 to 67, repeated as necessary.			Operational
4.91	10	1	Parameter category	4.1		Operational
4.91	11	1	Parameter number	4.2		Operational
4.91	12	1	Type of generating process	4.3		Operational
4.91	13	1	Background generating process identifier (defined by originating centre)			Operational
4.91	14	1	Forecast generating process identifier (defined by originating centre)			Operational
4.91	15-16	2	Hours after reference time of data cut-off			Operational
4.91	17	1	Minutes after reference time of data cut-off			Operational
4.91	18	1	Indicator of unit of time range	4.4		Operational
4.91	19-22	4	Forecast time in units defined by octet 18			Operational
4.91	23	1	Type of first fixed surface	4.5		Operational
4.91	24	1	Scale factor of first fixed surface			Operational
4.91	25-28	4	Scaled value of first fixed surface			Operational
4.91	29	1	Type of second fixed surface	4.5		Operational
4.91	30	1	Scale factor of second fixed surface			Operational
4.91	31-34	4	Scaled value of second fixed surface			Operational
4.91	35	1	NC - number of categories			Operational
4.91	(36+12(i-1))	0	Code figure			Operational
4.91	(37+12(i-1))	0	Type of interval for first and second limits	4.91		Operational
4.91	(38+12(i-1))	0	Scale factor of first limit			Operational
4.91	(39+12(i-1))-(42+12(i-1))	0	Scaled value of first limit			Operational
4.91	(43+12(i-1))	0	Scale factor of second limit			Operational
4.91	(44+12(i-1))-(47+12(i-1))	0	Scaled value of second limit			Operational
4.91	(48+12(NC-1))-(49+12(NC-1))	0	Year of end of overall time interval			Operational
4.91	(50+12(NC-1))	0	Month of end of overall time interval			Operational
4.91	(51+12(NC-1))	0	Day of end of overall time interval			Operational
4.91	(52+12(NC-1))	0	Hour of end of overall time interval			Operational
4.91	(53+12(NC-1))	0	Minute of end of overall time interval			Operational
4.91	(54+12(NC-1))	0	Second of end of overall time interval			Operational
4.91	(55+12(NC-1))	0	n - number of time range specifications describing the time intervals used to calculate the statistically processed field			Operational
4.91	(56+12(NC-1))-(59+12(NC-1))	0	Total number of data values missing in statistical process			Operational
4.91	(60+12(NC-1))	0	Statistical process used to calculate the processed field from the field at each time increment during the time range	4.10		Operational
4.91	(61+12(NC-1))	0	Type of time increment between successive fields used in the statistical processing	4.11		Operational
4.91	(62+12(NC-1))	0	Indicator of unit of time for time range over which statistical processing is done	4.4		Operational
4.91	(63+12(NC-1))-(66+12(NC-1))	0	Length of the time range over which statistical processing is done, in units defined by the previous octet			Operational
4.91	(67+12(NC-1))	0	Indicator of unit of time for the increment between the successive fields used	4.4		Operational
4.91	(68+12(NC-1))-(71+12(NC-1))	0	Time increment between successive fields, in units defined by the previous octet			Operational
4.91	(72+12(NC-1))-(83+12(NC-1))	0	As octets (60+12(NC-1)) to (71+12(NC-1)), next innermost step of processing			Operational
4.91	(84+12(NC-1))-nn	0	Additional time range specifications, included in accordance with the value of n. Contents as octets (60+12(NC -1)) to (71+12(NC -1)), repeated as necessary			Operational
4.92	10	1	Parameter category	4.1		Operational
4.92	11	1	Parameter number	4.2		Operational
4.92	12	1	Type of generating process	4.3		Operational
4.92	13	1	Background generating process identifier (defined by originating centre)			Operational
4.92	14	1	Forecast generating process identifier (defined by originating centre)			Operational
4.92	15	1	Type of first fixed surface	4.5		Operational
4.92	16	1	Scale factor of first fixed surface			Operational
4.92	17-20	4	Scaled value of first fixed surface			Operational
4.92	21	1	Type of second fixed surface	4.5		Operational
4.92	22	1	Scale factor of second fixed surface			Operational
4.92	23-26	4	Scaled value of second fixed surface			Operational
4.92	27	1	Type of ensemble forecast	4.6		Operational
4.92	28	1	Perturbation number			Operational
4.92	29	1	Number of forecasts in ensemble			Operational
4.92	30	1	Method used to derive the data field values at the local time specified in section 1	4.248		Operational
4.92	31	1	n - number of forecasts used to create the composite data field at the local time specified in section 1 (n >= 1)			Operational
4.92	32-33	2	Year of the forecast used in the processing			Operational
4.92	34	1	Month of the forecast used in the processing			Operational
4.92	35	1	Day of the forecast used in the processing			Operational
4.92	36	1	Hour of the forecast used in the processing			Operational
4.92	37	1	Minute of the forecast used in the processing			Operational
4.92	38	1	Second of the forecast used in the processing			Operational
4.92	39	1	Indicator of units of forecast time	4.4		Operational
4.92	40-43	4	Forecast time			Operational
4.92	44	1	Number of time increments of the forecast used in the processing			Operational
4.92	45	1	Indicator of units of time for the time increments	4.4		Operational
4.92	46-49	4	Time increments between successive forecast times			Operational
4.92	50-nn	0	(n-1) repetitions of sequence of octets 32-49 describing the next analyses or forecasts used in the processing			Operational
4.93	10	1	Parameter category	4.1		Operational
4.93	11	1	Parameter number	4.2		Operational
4.93	12-13	2	Input process identifier			Operational
4.93	14-15	2	Input originating centre	CCT-11		Operational
4.93	16	1	Type of post-processing			Operational
4.93	17	1	Type of generating process	4.3		Operational
4.93	18	1	Background generating process identifier (defined by originating centre)			Operational
4.93	19	1	Analysis or forecast generating process identifier (defined by originating centre)			Operational
4.93	20	1	Type of first fixed surface	4.5		Operational
4.93	21	1	Scale factor of first fixed surface			Operational
4.93	22-25	4	Scaled value of first fixed surface			Operational
4.93	26	1	Type of second fixed surface	4.5		Operational
4.93	27	1	Scale factor of second fixed surface			Operational
4.93	28-31	4	Scaled value of second fixed surface			Operational
4.93	32	1	Method used to derive the data field values at the local time specified in section 1	4.248		Operational
4.93	33	1	n - number of analyses or forecasts used to create the composite data field at the local time specified in section 1 (n >= 1)			Operational
4.93	34-35	2	Year of the analysis or forecast used in the processing			Operational
4.93	36	1	Month of the analysis or forecast used in the processing			Operational
4.93	37	1	Day of the analysis or forecast used in the processing			Operational
4.93	38	1	Hour of the analysis or forecast used in the processing			Operational
4.93	39	1	Minute of the analysis or forecast used in the processing			Operational
4.93	40	1	Second of the analysis or forecast used in the processing			Operational
4.93	41	1	Indicator of units of forecast time	4.4		Operational
4.93	42-45	4	Forecast time			Operational
4.93	46	1	Number of time increments of the forecast used in the processing			Operational
4.93	47	1	Indicator of units of time for the time increments	4.4		Operational
4.93	48-51	4	Time increments between successive forecast times			Operational
4.93	52-nn	0	(n-1) repetitions of sequence of octets 34-51 describing the next analyses or forecasts used in the processing			Operational
4.94	10	1	Parameter category	4.1		Operational
4.94	11	1	Parameter number	4.2		Operational
4.94	12-13	2	Input process identifier			Operational
4.94	14-15	2	Input originating centre	CCT-11		Operational
4.94	16	1	Type of post-processing			Operational
4.94	17	1	Type of generating process	4.3		Operational
4.94	18	1	Background generating process identifier (defined by originating centre)			Operational
4.94	19	1	Analysis or forecast generating process identifier (defined by originating centre)			Operational
4.94	20	1	Type of first fixed surface	4.5		Operational
4.94	21	1	Scale factor of first fixed surface			Operational
4.94	22-25	4	Scaled value of first fixed surface			Operational
4.94	26	1	Type of second fixed surface	4.5		Operational
4.94	27	1	Scale factor of second fixed surface			Operational
4.94	28-31	4	Scaled value of second fixed surface			Operational
4.94	32	1	Type of ensemble forecast	4.6		Operational
4.94	33	1	Perturbation number			Operational
4.94	34	1	Number of forecasts in ensemble			Operational
4.94	35	1	Method used to derive the data field values at the local time specified in section 1	4.248		Operational
4.94	36	1	n - number of analyses or forecasts used to create the composite data field at the local time specified in section 1 (n >= 1)			Operational
4.94	37-38	2	Year of the analysis or forecast used in the processing			Operational
4.94	39	1	Month of the analysis or forecast used in the processing			Operational
4.94	40	1	Day of the analysis or forecast used in the processing			Operational
4.94	41	1	Hour of the analysis or forecast used in the processing			Operational
4.94	42	1	Minute of the analysis or forecast used in the processing			Operational
4.94	43	1	Second of the analysis or forecast used in the processing			Operational
4.94	44	1	Indicator of units of forecast time (set to missing if analysis)	4.4		Operational
4.94	45-48	4	Forecast time			Operational
4.94	49	1	Number of time increments of the forecast used in the processing			Operational
4.94	50	1	Indicator of units of time for the time increments	4.4		Operational
4.94	51-54	4	Time increments between successive forecast times			Operational
4.94	55-nn	0	(n-1) repetitions of sequence of octets 37-54 describing the next analyses or forecasts used in the processing			Operational
4.95	10	1	Parameter category	4.1		Operational
4.95	11	1	Parameter number	4.2		Operational
4.95	12	1	Type of generating process	4.3		Operational
4.95	13	1	Background generating process identifier (defined by originating centre)			Operational
4.95	14	1	Analysis or forecast generating process identifier (defined by originating centre)			Operational
4.95	15	1	Type of first fixed surface	4.5		Operational
4.95	16	1	Scale factor of first fixed surface			Operational
4.95	17-20	4	Scaled value of first fixed surface			Operational
4.95	21	1	Type of second fixed surface	4.5		Operational
4.95	22	1	Scale factor of second fixed surface			Operational
4.95	23-26	4	Scaled value of second fixed surface			Operational
4.95	27	1	Statistical process used to calculate the fields that will be used in the local time processing	4.10		Operational
4.95	28	1	Indicator of unit of time range over which statistical processing is done	4.4		Operational
4.95	29-32	4	Length of the time range over which statistical processing is done in units defined by the previous octet			Operational
4.95	33	1	Number of statistically processed fields used in the local time composite field			Operational
4.95	34	1	Method used to derive the data field values at the local time specified in section 1	4.248		Operational
4.95	35	1	n - number of analyses or forecasts used to create the composite data field at the local time specified in section 1 (n >= 1)			Operational
4.95	36-37	2	Year of the analysis or forecast used in the processing			Operational
4.95	38	1	Month of the analysis or forecast used in the processing			Operational
4.95	39	1	Day of the analysis or forecast used in the processing			Operational
4.95	40	1	Hour of the analysis or forecast used in the processing			Operational
4.95	41	1	Minute of the analysis or forecast used in the processing			Operational
4.95	42	1	Second of the analysis or forecast used in the processing			Operational
4.95	43	1	Indicator of units of forecast time	4.4		Operational
4.95	44-47	4	Forecast time			Operational
4.95	48	1	Number of time increments of the forecast used in the processing			Operational
4.95	49	1	Indicator of units of time for the time increments	4.4		Operational
4.95	50-53	4	Time increments between successive forecast times			Operational
4.95	54-nn	0	(n-1) repetitions of sequence of octets 36-53 describing the next analyses or forecasts used in the processing			Operational
4.96	10	1	Parameter category	4.1		Operational
4.96	11	1	Parameter number	4.2		Operational
4.96	12	1	Type of generating process	4.3		Operational
4.96	13	1	Background generating process identifier (defined by originating centre)			Operational
4.96	14	1	Forecast generating process identifier (defined by originating centre)			Operational
4.96	15	1	Type of first fixed surface	4.5		Operational
4.96	16	1	Scale factor of first fixed surface			Operational
4.96	17-20	4	Scaled value of first fixed surface			Operational
4.96	21	1	Type of second fixed surface	4.5		Operational
4.96	22	1	Scale factor of second fixed surface			Operational
4.96	23-26	4	Scaled value of second fixed surface			Operational
4.96	27	1	Type of ensemble forecast	4.6		Operational
4.96	28	1	Perturbation number			Operational
4.96	29	1	Number of forecasts in ensemble			Operational
4.96	30	1	Statistical process used to calculate the fields that will be used in the local time processing	4.10		Operational
4.96	31	1	Indicator of unit of time range over which statistical processing is done	4.4		Operational
4.96	32-35	4	Length of the time range over which statistical processing is done in units defined by the previous octet			Operational
4.96	36	1	Number of statistically processed fields used in the local time composite field			Operational
4.96	37	1	Method used to derive the data field values at the local time specified in section 1	4.248		Operational
4.96	38	1	n - number of forecasts used to create the composite data field at the local time specified in section 1 (n >= 1)			Operational
4.96	39-40	2	Year of the forecast used in the processing			Operational
4.96	41	1	Month of the forecast used in the processing			Operational
4.96	42	1	Day of the forecast used in the processing			Operational
4.96	43	1	Hour of the forecast used in the processing			Operational
4.96	44	1	Minute of the forecast used in the processing			Operational
4.96	45	1	Second of the forecast used in the processing			Operational
4.96	46	1	Indicator of units of forecast time	4.4		Operational
4.96	47-50	4	Forecast time			Operational
4.96	51	1	Number of time increments of the forecast used in the processing			Operational
4.96	52	1	Indicator of units of time for the time increments	4.4		Operational
4.96	53-56	4	Time increments between successive forecast times			Operational
4.96	57-nn	0	(n-1) repetitions of sequence of octets 39-56 describing the next analyses or forecasts used in the processing			Operational
4.97	10	1	Parameter category	4.1		Operational
4.97	11	1	Parameter number	4.2		Operational
4.97	12-13	2	Input process identifier			Operational
4.97	14-15	2	Input originating centre	CCT-11		Operational
4.97	16	1	Type of post-processing			Operational
4.97	17	1	Type of generating process	4.3		Operational
4.97	18	1	Background generating process identifier (defined by originating centre)			Operational
4.97	19	1	Analysis or forecast generating process identifier (defined by originating centre)			Operational
4.97	20	1	Type of first fixed surface	4.5		Operational
4.97	21	1	Scale factor of first fixed surface			Operational
4.97	22-25	4	Scaled value of first fixed surface			Operational
4.97	26	1	Type of second fixed surface	4.5		Operational
4.97	27	1	Scale factor of second fixed surface			Operational
4.97	28-31	4	Scaled value of second fixed surface			Operational
4.97	32	1	Statistical process used to calculate the fields that will be used in the local time processing	4.10		Operational
4.97	33	1	Indicator of unit of time range over which statistical processing is done	4.4		Operational
4.97	34-37	4	Length of the time range over which statistical processing is done in units defined by the previous octet			Operational
4.97	38	1	Number of statistically processed fields used in the local time composite field			Operational
4.97	39	1	Method used to derive the data field values at the local time specified in section 1	4.248		Operational
4.97	40	1	n - number of analyses or forecasts used to create the composite data field at the local time specified in section 1 (n >= 1)			Operational
4.97	41-42	2	Year of the analysis or forecast used in the processing			Operational
4.97	43	1	Month of the analysis or forecast used in the processing			Operational
4.97	44	1	Day of the analysis or forecast used in the processing			Operational
4.97	45	1	Hour of the analysis or forecast used in the processing			Operational
4.97	46	1	Minute of the analysis or forecast used in the processing			Operational
4.97	47	1	Second of the analysis or forecast used in the processing			Operational
4.97	48	1	Indicator of units of forecast time (set to missing if analysis)	4.4		Operational
4.97	49-52	4	Forecast time			Operational
4.97	53	1	Number of time increments of the forecast used in the processing			Operational
4.97	54	1	Indicator of units of time for the time increments	4.4		Operational
4.97	55-58	4	Time increments between successive forecast times			Operational
4.97	59-nn	0	(n-1) repetitions of sequence of octets 41-58 describing the next analyses or forecasts used in the processing			Operational
4.98	10	1	Parameter category	4.1		Operational
4.98	11	1	Parameter number	4.2		Operational
4.98	12-13	2	Input process identifier			Operational
4.98	14-15	2	Input originating centre	CCT-11		Operational
4.98	16	1	Type of post-processing			Operational
4.98	17	1	Type of generating process	4.3		Operational
4.98	18	1	Background generating process identifier (defined by originating centre)			Operational
4.98	19	1	Forecast generating process identifier (defined by originating centre)			Operational
4.98	20	1	Type of first fixed surface	4.5		Operational
4.98	21	1	Scale factor of first fixed surface			Operational
4.98	22-25	4	Scaled value of first fixed surface			Operational
4.98	26	1	Type of second fixed surface	4.5		Operational
4.98	27	1	Scale factor of second fixed surface			Operational
4.98	28-31	4	Scaled value of second fixed surface			Operational
4.98	32	1	Type of ensemble forecast	4.6		Operational
4.98	33	1	Perturbation number			Operational
4.98	34	1	Number of forecasts in ensemble			Operational
4.98	35	1	Statistical process used to calculate the fields that will be used in the local time processing	4.10		Operational
4.98	36	1	Indicator of unit of time range over which statistical processing is done	4.4		Operational
4.98	37-40	4	Length of the time range over which statistical processing is done in units defined by the previous octet			Operational
4.98	41	1	Number of statistically processed fields used in the local time composite field			Operational
4.98	42	1	Method used to derive the data field values at the local time specified in section 1	4.248		Operational
4.98	43	1	n - number of forecasts used to create the composite data field at the local time specified in section 1 (n >= 1)			Operational
4.98	44-45	2	Year of the forecast used in the processing			Operational
4.98	46	1	Month of the forecast used in the processing			Operational
4.98	47	1	Day of the forecast used in the processing			Operational
4.98	48	1	Hour of the forecast used in the processing			Operational
4.98	49	1	Minute of the forecast used in the processing			Operational
4.98	50	1	Second of the forecast used in the processing			Operational
4.98	51	1	Indicator of units of forecast time	4.4		Operational
4.98	52-55	4	Forecast time			Operational
4.98	56	1	Number of time increments of the forecast used in the processing			Operational
4.98	57	1	Indicator of units of time for the time increments	4.4		Operational
4.98	58-61	4	Time increments between successive forecast times			Operational
4.98	62-nn	0	(n-1) repetitions of sequence of octets 44-61 describing the next analyses or forecasts used in the processing			Operational
4.99	10	1	Parameter category	4.1		Operational
4.99	11	1	Parameter number	4.2		Operational
4.99	12-13	2	Wave direction number			Operational
4.99	14-15	2	Number of wave directions (ND)			Operational
4.99	16-17	2	Wave frequency number			Operational
4.99	18-19	2	Number of wave frequencies (NF)			Operational
4.99	20	1	Type of generating process	4.3		Operational
4.99	21	1	Background generating process identifier (defined by originating centre)			Operational
4.99	22	1	Analysis or forecast generating process identifier (defined by originating centre)			Operational
4.99	23-24	2	Hours of observational data cut-off after reference time			Operational
4.99	25	1	Minutes of observational data cut-off after reference time			Operational
4.99	26	1	Indicator of unit of time range	4.4		Operational
4.99	27-30	4	Forecast time in units defined by previous octet			Operational
4.99	31	1	Scale factor of wave directions			Operational
4.99	(32+(ND-1)*4)-(35+(ND-1)*4)	0	Scaled values of wave directions			Operational
4.99	36+(ND-1)*4	0	Scale factor of wave frequencies			Operational
4.99	(37+(ND-1)*4+(NF-1)*4)-(40+(ND-1)*4+(NF-1)*4)	0	Scaled values of wave frequencies			Operational
4.9	10	1	Parameter category	4.1		Operational
4.9	11	1	Parameter number	4.2		Operational
4.9	12	1	Type of generating process	4.3		Operational
4.9	13	1	Background generating process identifier (defined by originating centre)			Operational
4.9	14	1	Forecast generating process identifier (defined by originating centre)			Operational
4.9	15-16	2	Hours after reference time of data cut-off			Operational
4.9	17	1	Minutes after reference time of data cut-off			Operational
4.9	18	1	Indicator of unit of time range	4.4		Operational
4.9	19-22	4	Forecast time in units defined by octet 18			Operational
4.9	23	1	Type of first fixed surface	4.5		Operational
4.9	24	1	Scale factor of first fixed surface			Operational
4.9	25-28	4	Scaled value of first fixed surface			Operational
4.9	29	1	Type of second fixed surface	4.5		Operational
4.9	30	1	Scale factor of second fixed surface			Operational
4.9	31-34	4	Scaled value of second fixed surface			Operational
4.9	35	1	Forecast probability number			Operational
4.9	36	1	Total number of forecast probabilities			Operational
4.9	37	1	Probability type	4.9		Operational
4.9	38	1	Scale factor of lower limit			Operational
4.9	39-42	4	Scaled value of lower limit			Operational
4.9	43	1	Scale factor of upper limit			Operational
4.9	44-47	4	Scaled value of upper limit			Operational
4.9	48-49	2	Year of end of overall time interval			Operational
4.9	50	1	Month of end of overall time interval			Operational
4.9	51	1	Day of end of overall time interval			Operational
4.9	52	1	Hour of end of overall time interval			Operational
4.9	53	1	Minute of end of overall time interval			Operational
4.9	54	1	Second of end of overall time interval			Operational
4.9	55	1	n - number of time range specifications describing the time intervals used to calculate the statistically processed field			Operational
4.9	56-59	4	Total number of data values missing in the statistical process			Operational
4.9	60	1	Statistical process used to calculate the processed field from the field at each time increment during the time range	4.10		Operational
4.9	61	1	Type of time increment between successive fields used in the statistical processing	4.11		Operational
4.9	62	1	Indicator of unit of time for time range over which statistical processing is done	4.4		Operational
4.9	63-66	4	Length of the time range over which statistical processing is done, in units defined by the previous octet			Operational
4.9	67	1	Indicator of unit of time for the increment between the successive fields used	4.4		Operational
4.9	68-71	4	Time increment between successive fields, in units defined by the previous octet			Operational
4.9	72-83	12	As octets 60 to 71, next innermost step of processing			Operational
4.9	84-nn	0	Additional time range specifications, included in accordance with the value of n. Contents as octets 60 to 71, repeated as necessary			Operational
5.0	12-15	4	Reference value (R) (IEEE 32-bit floating-point value)			Operational
5.0	16-17	2	Binary scale factor (E)			Operational
5.0	18-19	2	Decimal scale factor (D)			Operational
5.0	20	1	Number of bits used for each packed value for simple packing, or for each group reference value for complex packing or spatial differencing			Operational
5.0	21	1	Type of original field values	5.1		Operational
5.1	12-21	10	Same as data representation template 5.0			Experimental
5.1	22	1	0, no matrix bit maps present; 1-matrix bit maps present			Experimental
5.1	23-26	4	Number of data values encoded in Section 7			Experimental
5.1	27-28	2	NR - first dimension (rows) of each matrix			Experimental
5.1	29-30	2	NC - second dimension (columns) of each matrix			Experimental
5.1	31	1	First dimension coordinate value definition	5.2		Experimental
5.1	32	1	NC1 - number of coefficients or values used to specify first dimension coordinate function			Experimental
5.1	33	1	Second dimension coordinate value definition	5.2		Experimental
5.1	34	1	NC2 - number of coefficients or values used to specify second dimension coordinate function			Experimental
5.1	35	1	First dimension physical significance	5.3		Experimental
5.1	36	1	Second dimension physical significance	5.3		Experimental
5.1	37-(36+NC1x4)	0	Coefficients to define first dimension coordinate values in functional form, or the explicit coordinate values (IEEE 32-bit floating-point value)			Experimental
5.1	(37+NC1x4)-(36+4(NC1+NC2))	0	Coefficients to define second dimension coordinate values in functional form, or the explicit coordinate values (IEEE 32-bit floating-point value)			Experimental
5.200	12	1	Number of bits used for each packed value in the run length packing with level value			Operational
5.200	13-14	2	MV - maximum value within the levels that are used in the packing			Operational
5.200	15-16	2	MVL - maximum value of level (predefined)			Operational
5.200	17	1	Decimal scale factor of representative value of each level			Operational
5.200	18-(19+2(lv-1))	0	List of MVL scaled representative values of each level from lv=1 to MVL			Operational
5.2	12-21	10	Same as data representation template 5.0			Operational
5.2	22	1	Group splitting method used	5.4		Operational
5.2	23	1	Missing value management used	5.5		Operational
5.2	24-27	4	Primary missing value substitute			Operational
5.2	28-31	4	Secondary missing value substitute			Operational
5.2	32-35	4	NG - number of groups of data values into which field is split			Operational
5.2	36	1	Reference for group widths			Operational
5.2	37	1	Number of bits used for the group widths (after the reference value in octet 36 has been removed)			Operational
5.2	38-41	4	Reference for group lengths			Operational
5.2	42	1	Length increment for the group lengths			Operational
5.2	43-46	4	True length of last group			Operational
5.2	47	1	Number of bits used for the scaled group lengths (after subtraction of the reference value given in octets 38-41 and division by the length increment given in octet 42)			Operational
5.3	12-47	36	Same as data representation template 5.2			Operational
5.3	48	1	Order of spatial differencing	5.6		Operational
5.3	49	1	Number of octets required in the data section to specify extra descriptors needed for spatial differencing (octets 6-ww in data template 7.3)			Operational
5.40	12-15	4	Reference value (R) (IEEE 32-bit floating-point value)			Operational
5.40	16-17	2	Binary scale factor (E)			Operational
5.40	18-19	2	Decimal scale factor (D)			Operational
5.40	20	1	Number of bits required to hold the resulting scaled and referenced data values (i.e. depth of the greyscale image)			Operational
5.40	21	1	Type of original field values (see Code table 5.1)			Operational
5.40	22	1	Type of compression used (see Code table 5.40)			Operational
5.40	23	1	Target compression ratio, M:1 (with respect to the bit-depth specified in octet 20), when octet 22 indicates lossy compression. Otherwise, set to missing			Operational
5.41	12-15	4	Reference value (R) (IEEE 32-bit floating-point value)			Operational
5.41	16-17	2	Binary scale factor (E)			Operational
5.41	18-19	2	Decimal scale factor (D)			Operational
5.41	20	1	Number of bits required to hold the resulting scaled and referenced data values (i.e. depth of the image)			Operational
5.41	21	1	Type of original field values	5.1		Operational
5.42	12-15	4	Reference value (R) (IEEE 32-bit floating-point value)			Operational
5.42	16-17	2	Binary scale factor (E)			Operational
5.42	18-19	2	Decimal scale factor (D)			Operational
5.42	20	1	Number of bits required to hold the resulting scaled and referenced data values			Operational
5.42	21	1	Type of original field values	5.1		Operational
5.42	22	1	CCSDS compression options mask			Operational
5.42	23	1	Block size			Operational
5.42	24-25	2	Reference sample interval			Operational
5.4	12	1	Precision	5.7		Operational
5.50	12-15	4	Reference value (R) (IEEE 32-bit floating-point value)			Operational
5.50	16-17	2	Binary scale factor (E)			Operational
5.50	18-19	2	Decimal scale factor (D)			Operational
5.50	20	1	Number of bits used for each packed value (field width)			Operational
5.50	21-24	4	Real part of (0.0) coefficient (IEEE 32-bit floating-point value)			Operational
5.51	12-20	9	Same as data representation template 5.50			Operational
5.51	21-24	4	P - Laplacian scaling factor (expressed in 10-6 units)			Operational
5.51	25-26	2	JS - pentagonal resolution parameter of the unpacked subset			Operational
5.51	27-28	2	KS - pentagonal resolution parameter of the unpacked subset			Operational
5.51	29-30	2	MS - pentagonal resolution parameter of the unpacked subset			Operational
5.51	31-34	4	TS - total number of values in the unpacked subset			Operational
5.51	35	1	Precision of the unpacked subset	5.7		Operational
5.53	12-15	4	Reference value (R) (IEEE 32-bit floating-point value)			Operational
5.53	16-17	2	Binary scale factor (E)			Operational
5.53	18-19	2	Decimal scale factor (D)			Operational
5.53	20	1	Number of bits used for each packed value (field width)			Operational
5.53	21	1	Bi-Fourier sub-truncation type	5.25		Operational
5.53	22	1	Packing mode for axes	5.26		Operational
5.53	23-26	4	P - Laplacian scaling factor (expressed in 10-6 units)			Operational
5.53	27-28	2	NS - bi-Fourier resolution parameter of the unpacked subset			Operational
5.53	29-30	2	MS - bi-Fourier resolution parameter of the unpacked subset			Operational
5.53	31-34	4	TS - total number of values in the unpacked subset			Operational
5.53	35	1	Precision of the unpacked subset	5.7		Operational
5.61	12-15	4	Reference value (R) (IEEE 32-bit floating-point value)			Experimental
5.61	16-17	2	Binary scale factor (E)			Experimental
5.61	18-19	2	Decimal scale factor (D)			Experimental
5.61	20	1	Number of bits used for each packed value			Experimental
5.61	21-24	4	Pre-processing parameter (B) (IEEE 32-bit floating-point value)			Experimental
7.0	6-nn	0	Binary data values - binary string, with each (scaled) data value			Operational
7.1	6-nn	0	Binary data values - binary string, with each (scaled) data value			Experimental
7.2	6-xx	0	NG group reference values (X1 in the decoding formula), each of which is encoded using the number of bits specified in octet 20 of data representation template 5.0. Bits set to zero shall be appended as necessary to ensure this sequence of numbers ends on			Operational
7.2	[xx+1]-yy	0	NG group widths, each of which is encoded using the number of bits specified in octet 37 of data representation template 5.2. Bits set to zero shall be appended as necessary to ensure this sequence of numbers ends on an octet boundary			Operational
7.2	[yy+1]-zz	0	NG scaled group lengths, each of which is encoded using the number of bits specified in octet 47 of data representation template 5.2. Bits set to zero shall be appended as necessary to ensure this sequence of numbers ends on an octet boundary			Operational
7.2	[zz+1]-nn	0	Packed values (X2 in the decoding formula), where each value is a deviation from its respective group reference value			Operational
7.3	6-ww	0	First value(s) of original (undifferenced) scaled data values, followed by the overall minimum of the differences. The number of values stored is 1 greater than the order of differentiation, and the field width is described at octet 49 of data representation template 5.3			Operational
7.3	[ww+1]-xx	0	NG group reference values (X1 in the decoding formula), each of which is encoded using the number of bits specified in octet 20 of data representation template 5.0. Bits set to zero shall be appended where necessary to ensure this sequence of numbers ends on an octet boundary			Operational
7.3	[xx+1]-nn	0	Same as for data representation template 7.2			Operational
7.40	6-nn	0	JPEG 2000 code stream as described in Part 1 of the JPEG 2000 standard (ISO/IEC 15444-1:2000)			Operational
7.41	6-nn	0	PNG encoded image			Operational
7.42	6-nn	0	CCSDS recommended standard for lossless data compression code stream			Operational
7.4	6-nn	0	Binary data values			Operational
7.50	6-nn	0	Binary data values - binary string, with each (scaled) data value			Operational
7.51	6-(5+IxTS)	0	Data values from the unpacked subset (IEEE floating-point values on I octets)			Operational
7.51	(6+IxTS)-nn	0	Binary data values - binary string, with each (scaled) data value out of the unpacked subset			Operational
7.53	6-(5+IxTS)	0	Data values from the unpacked subset (IEEE floating-point values on I octets)			Operational
7.53	(6+IxTS)-nn	0	Binary data values - binary string, with each (scaled) data value out of the unpacked subset			Operational
